{
"type": "FeatureCollection",
"name": "BIDANG TANAH FIKS",
"crs": { "type": "name", "properties": { "name": "urn:ogc:def:crs:OGC:1.3:CRS84" } },
"features": [
{ "type": "Feature", "properties": { "TIPE_HAK_1": "HAK MILIK" }, "geometry": { "type": "MultiPolygon", "coordinates": [ [ [ [ 107.707715568718584, -6.985818831973461 ], [ 107.707584541093752, -6.986203034942037 ], [ 107.707210740583264, -6.986090431727973 ], [ 107.707210740583264, -6.986051902972918 ], [ 107.70721438013959, -6.986006149963828 ], [ 107.707220445167479, -6.985944744254482 ], [ 107.707221658352921, -6.985914643945591 ], [ 107.707233788408644, -6.985839993920536 ], [ 107.70726290126197, -6.985742795193801 ], [ 107.70728594908735, -6.9856669409765 ], [ 107.707715568718584, -6.985818831973461 ] ] ] ] } },
{ "type": "Feature", "properties": { "TIPE_HAK_1": "BELUM TERDAFTAR" }, "geometry": { "type": "MultiPolygon", "coordinates": [ [ [ [ 107.70779630445594, -6.986191947200552 ], [ 107.707991066134866, -6.986263474779491 ], [ 107.707806042315042, -6.986711967583176 ], [ 107.707899527741063, -6.986752563879691 ], [ 107.707770984943068, -6.986812492002855 ], [ 107.707266550710813, -6.986978743374266 ], [ 107.707252917887899, -6.986510918743875 ], [ 107.707334717523281, -6.986524450842694 ], [ 107.707630756354376, -6.986632707633305 ], [ 107.70779630445594, -6.986191947200552 ] ] ] ] } },
{ "type": "Feature", "properties": { "TIPE_HAK_1": "HAK MILIK" }, "geometry": { "type": "MultiPolygon", "coordinates": [ [ [ [ 107.878923602142606, -6.9618963358472 ], [ 107.87899289130894, -6.961926959561481 ], [ 107.879076848417867, -6.961959089640231 ], [ 107.87903115296541, -6.962442203644741 ], [ 107.879016849248274, -6.962465191215529 ], [ 107.878943434891653, -6.962340442657251 ], [ 107.878854851670155, -6.962188709940961 ], [ 107.878923602142606, -6.9618963358472 ] ] ] ] } },
{ "type": "Feature", "properties": { "TIPE_HAK_1": "HAK MILIK" }, "geometry": { "type": "MultiPolygon", "coordinates": [ [ [ [ 107.873881261710892, -6.961678028118456 ], [ 107.873993743516507, -6.962598377213283 ], [ 107.87421860010835, -6.962466199355561 ], [ 107.874041564966319, -6.961615938025091 ], [ 107.87397538385693, -6.961646805455644 ], [ 107.873901228458976, -6.961675299575347 ], [ 107.873881261710892, -6.961678028118456 ] ] ] ] } },
{ "type": "Feature", "properties": { "TIPE_HAK_1": "HAK MILIK" }, "geometry": { "type": "MultiPolygon", "coordinates": [ [ [ [ 107.867173995583471, -6.964620545102036 ], [ 107.867142100227795, -6.964658536062529 ], [ 107.867174411969586, -6.964762138861545 ], [ 107.867166753343042, -6.964775003663419 ], [ 107.867173822913685, -6.964798979589204 ], [ 107.867231991063591, -6.964901222613264 ], [ 107.867251431708269, -6.964898883476621 ], [ 107.867295026344436, -6.964883679538161 ], [ 107.867357473468701, -6.964865551903642 ], [ 107.867367488319019, -6.96483806772261 ], [ 107.867358062524602, -6.964815260915486 ], [ 107.867326838962526, -6.964791870448437 ], [ 107.867173995583471, -6.964620545102036 ] ] ] ] } },
{ "type": "Feature", "properties": { "TIPE_HAK_1": "HAK MILIK" }, "geometry": { "type": "MultiPolygon", "coordinates": [ [ [ [ 107.854326529046148, -6.967340890869366 ], [ 107.8542654848643, -6.967459912544882 ], [ 107.854201534073582, -6.967569556989417 ], [ 107.854181912665183, -6.967622937148803 ], [ 107.854236416077811, -6.967625100917644 ], [ 107.85426257825543, -6.967633035636027 ], [ 107.854293826998571, -6.967652512253608 ], [ 107.854312720855432, -6.967671987971812 ], [ 107.854329435655018, -6.967680643946494 ], [ 107.854341062989704, -6.967665495765971 ], [ 107.854348330411199, -6.967659725715748 ], [ 107.854363591006972, -6.967622214993185 ], [ 107.854410470866583, -6.9675875910944 ], [ 107.854439538753752, -6.967572442913877 ], [ 107.854493315514162, -6.967561622270978 ], [ 107.854480234874984, -6.967536375603231 ], [ 107.854404126149575, -6.9674388558185 ], [ 107.854357615911283, -6.967388361583573 ], [ 107.854326529046148, -6.967340890869366 ] ] ] ] } },
{ "type": "Feature", "properties": { "TIPE_HAK_1": "HAK MILIK" }, "geometry": { "type": "MultiPolygon", "coordinates": [ [ [ [ 107.849975929145899, -6.967497088719597 ], [ 107.849952347123178, -6.967521166268739 ], [ 107.849971213101071, -6.967546581109787 ], [ 107.849990079078964, -6.967561964013385 ], [ 107.850007597872377, -6.967572665046418 ], [ 107.850028485526252, -6.967568651372119 ], [ 107.850047351504145, -6.967569320467703 ], [ 107.85005543640932, -6.967585372466942 ], [ 107.850058131677486, -6.967606774532953 ], [ 107.850184804784988, -6.967568651372119 ], [ 107.850227253684864, -6.967531198206188 ], [ 107.850248814930922, -6.967530529110604 ], [ 107.850296653467865, -6.967501770590218 ], [ 107.850366017277963, -6.967482727445883 ], [ 107.850355236205246, -6.967468682733454 ], [ 107.850320643782766, -6.967446369654169 ], [ 107.850284259011403, -6.967437005913041 ], [ 107.850160606726661, -6.967434999525551 ], [ 107.850145109609173, -6.967439012300531 ], [ 107.850134329435832, -6.967447706946075 ], [ 107.850054822172353, -6.967461083462183 ], [ 107.850021132669212, -6.96748181643261 ], [ 107.849975929145899, -6.967497088719597 ] ] ] ] } },
{ "type": "Feature", "properties": { "TIPE_HAK_1": "HAK MILIK" }, "geometry": { "type": "MultiPolygon", "coordinates": [ [ [ [ 107.836048465864053, -6.966831534647554 ], [ 107.835949400144784, -6.966992978243297 ], [ 107.8359686222542, -6.967050218292911 ], [ 107.836053640563136, -6.967129472846864 ], [ 107.836082473727231, -6.967105989749598 ], [ 107.836248815030842, -6.967082506652332 ], [ 107.836048465864053, -6.966831534647554 ] ] ] ] } },
{ "type": "Feature", "properties": { "TIPE_HAK_1": "HAK PAKAI" }, "geometry": { "type": "MultiPolygon", "coordinates": [ [ [ [ 107.826494330149274, -6.970534010236345 ], [ 107.82651140467766, -6.970474322232119 ], [ 107.8265403565523, -6.970201225106393 ], [ 107.826532190708122, -6.970186487916015 ], [ 107.826423062474419, -6.970171013281572 ], [ 107.826291875669597, -6.970174606073162 ], [ 107.826232486240315, -6.970163552505885 ], [ 107.826137462973577, -6.970108286468196 ], [ 107.82613152385079, -6.970027228773512 ], [ 107.826153850419928, -6.969920216644651 ], [ 107.826176121231072, -6.969894425886988 ], [ 107.826246831326273, -6.969864491053378 ], [ 107.826267617356734, -6.969846069340578 ], [ 107.826349599554419, -6.969605167944103 ], [ 107.826356280617915, -6.969567586175124 ], [ 107.826373355146302, -6.969525584238283 ], [ 107.826405513104021, -6.969453169028498 ], [ 107.826444116502842, -6.969460538073356 ], [ 107.82645228234702, -6.969394955013124 ], [ 107.826540624550262, -6.96941042964755 ], [ 107.826551017115833, -6.969369900800245 ], [ 107.826632023549109, -6.969376687983694 ], [ 107.826721107693004, -6.96939289916293 ], [ 107.826829522764342, -6.969168868148693 ], [ 107.82688445785152, -6.969123180790127 ], [ 107.826767162874319, -6.968985383968236 ], [ 107.826673207102885, -6.968916106493046 ], [ 107.826561851248471, -6.968924212082695 ], [ 107.826366608432295, -6.968971373430067 ], [ 107.826367351272324, -6.968983163542139 ], [ 107.826257480198592, -6.968989058598139 ], [ 107.826245601953019, -6.968908000903474 ], [ 107.826241213261426, -6.968878362846115 ], [ 107.826259178118619, -6.968841661513406 ], [ 107.826273386507637, -6.968816813245265 ], [ 107.826302480475135, -6.968784576147243 ], [ 107.826328867483312, -6.96878964562558 ], [ 107.826341722392613, -6.968724500535243 ], [ 107.826357284261348, -6.968712411848285 ], [ 107.826409224606095, -6.968696736665038 ], [ 107.826470117701831, -6.968681961703115 ], [ 107.826439671153935, -6.968629577093277 ], [ 107.826388151691901, -6.968593394669375 ], [ 107.826365147033982, -6.968583320463829 ], [ 107.826347006808987, -6.968544699977874 ], [ 107.826330768650109, -6.968497017023654 ], [ 107.826349036578847, -6.968351588554917 ], [ 107.826753191906334, -6.96841001750824 ], [ 107.826785006323064, -6.96827135913589 ], [ 107.826795975354059, -6.968243592567725 ], [ 107.826821205834051, -6.968212559661885 ], [ 107.826856507821617, -6.968186944272013 ], [ 107.826855959235218, -6.968178233438659 ], [ 107.826654347420231, -6.968174991382682 ], [ 107.826584141844705, -6.968172269134866 ], [ 107.826567138362805, -6.968167368729044 ], [ 107.82651887174859, -6.968164102391375 ], [ 107.826460731477653, -6.968151036141372 ], [ 107.826474340018819, -6.968015766414461 ], [ 107.826311439521362, -6.967979833102786 ], [ 107.826288403387139, -6.96803482124994 ], [ 107.826232457462027, -6.96801794367309 ], [ 107.826231839627781, -6.967930827245825 ], [ 107.826201742016849, -6.967911394695073 ], [ 107.826130151485359, -6.967894281495829 ], [ 107.826133950221674, -6.967868467355853 ], [ 107.826144177312017, -6.967829600455678 ], [ 107.826178073659207, -6.967735044836385 ], [ 107.826182170071149, -6.967680170903128 ], [ 107.826187707196993, -6.96759537472673 ], [ 107.826207481490144, -6.967316555214786 ], [ 107.826137038493584, -6.967305648237022 ], [ 107.826102404702283, -6.967302629212901 ], [ 107.826097256083585, -6.967323302828104 ], [ 107.826108020968434, -6.96734165349449 ], [ 107.826154122015168, -6.967390201596459 ], [ 107.826164184529546, -6.967411804211341 ], [ 107.826154747044029, -6.967540498994767 ], [ 107.826140073705517, -6.967726309721341 ], [ 107.826114023943092, -6.967806986103485 ], [ 107.82609623805098, -6.967874071930857 ], [ 107.826043501806225, -6.968143346038522 ], [ 107.826125984926307, -6.968202611361396 ], [ 107.826138983727162, -6.968236114704893 ], [ 107.826141661008933, -6.968268441735175 ], [ 107.826135094159326, -6.968312149685921 ], [ 107.826130048063305, -6.968342202330738 ], [ 107.82611995587132, -6.968378419828179 ], [ 107.826063584566839, -6.96885203249525 ], [ 107.8257393690767, -6.968857594802098 ], [ 107.825690210334983, -6.969212029311675 ], [ 107.825791932651612, -6.969224987643025 ], [ 107.825763513175673, -6.969263561364238 ], [ 107.825740645214694, -6.969415047666239 ], [ 107.825710626744069, -6.969508655400096 ], [ 107.825690703163502, -6.96962578849929 ], [ 107.825700243171752, -6.96968520400889 ], [ 107.825678459793153, -6.969714473344204 ], [ 107.825665089572283, -6.96980013646709 ], [ 107.825664027472953, -6.969838634645214 ], [ 107.825650641963591, -6.969910814232666 ], [ 107.825641078572971, -6.969937182355004 ], [ 107.825640190942124, -6.969957010607517 ], [ 107.825518197906547, -6.970147183945352 ], [ 107.825673533306997, -6.970353518100354 ], [ 107.825780832319595, -6.970416654105233 ], [ 107.825867967632632, -6.970422969144639 ], [ 107.826046165598143, -6.970435819557398 ], [ 107.82609393488724, -6.970427380319272 ], [ 107.826291962004518, -6.97044449351853 ], [ 107.826494330149274, -6.970534010236345 ] ] ] ] } },
{ "type": "Feature", "properties": { "TIPE_HAK_1": "HAK MILIK" }, "geometry": { "type": "MultiPolygon", "coordinates": [ [ [ [ 107.801135462031993, -6.985660727560457 ], [ 107.801296316571836, -6.985814819198481 ], [ 107.801117848809724, -6.9864453383816 ], [ 107.801341925689371, -6.986513479113739 ], [ 107.801495067643316, -6.986007755253638 ], [ 107.801744362412478, -6.986247763623339 ], [ 107.801658519425189, -6.986554159047159 ], [ 107.801618591324996, -6.986695997422316 ], [ 107.80159553990228, -6.986778131605433 ], [ 107.801583982714703, -6.986879817049896 ], [ 107.801483112056019, -6.987023220245362 ], [ 107.80146358147914, -6.987082531433657 ], [ 107.800953084917012, -6.98705266944512 ], [ 107.800938899910363, -6.987037025738118 ], [ 107.801000303821013, -6.986627471780366 ], [ 107.80068539091809, -6.986481258203469 ], [ 107.800804210246156, -6.986171089224342 ], [ 107.800944483800947, -6.986185689717786 ], [ 107.800926762660026, -6.985749424096582 ], [ 107.801135462031993, -6.985660727560457 ] ] ] ] } },
{ "type": "Feature", "properties": { "TIPE_HAK_1": "HAK MILIK" }, "geometry": { "type": "MultiPolygon", "coordinates": [ [ [ [ 107.765845514558919, -7.00711724846218 ], [ 107.765947329505707, -7.007219682142591 ], [ 107.765641065382908, -7.007352021878262 ], [ 107.765645062869396, -7.007338287431992 ], [ 107.765657056228235, -7.007294948203253 ], [ 107.765666781496805, -7.007234147737677 ], [ 107.76566063193269, -7.007202711036257 ], [ 107.765845514558919, -7.00711724846218 ] ] ] ] } },
{ "type": "Feature", "properties": { "TIPE_HAK_1": "HAK MILIK" }, "geometry": { "type": "MultiPolygon", "coordinates": [ [ [ [ 107.765769497564349, -7.00703900024962 ], [ 107.765634268306883, -7.007151392122978 ], [ 107.76566047185338, -7.007195512862609 ], [ 107.76566047185338, -7.007202479011141 ], [ 107.765847640556217, -7.007117024530999 ], [ 107.765769497564349, -7.00703900024962 ] ] ] ] } },
{ "type": "Feature", "properties": { "TIPE_HAK_1": "HAK MILIK" }, "geometry": { "type": "MultiPolygon", "coordinates": [ [ [ [ 107.765682450384816, -7.006932743551204 ], [ 107.765525228206798, -7.007039097376378 ], [ 107.765635295332686, -7.007152648475881 ], [ 107.765770056942642, -7.007039328502174 ], [ 107.765682450384816, -7.006932743551204 ] ] ] ] } },
{ "type": "Feature", "properties": { "TIPE_HAK_1": "HAK MILIK" }, "geometry": { "type": "MultiPolygon", "coordinates": [ [ [ [ 107.765482526597395, -7.007019847387994 ], [ 107.765645457671781, -7.006896241868048 ], [ 107.765682108642466, -7.006933462109544 ], [ 107.765526711188841, -7.007039389656086 ], [ 107.765504312673954, -7.007039959826216 ], [ 107.765482526597395, -7.007019847387994 ] ] ] ] } },
{ "type": "Feature", "properties": { "TIPE_HAK_1": "HAK MILIK" }, "geometry": { "type": "MultiPolygon", "coordinates": [ [ [ [ 107.765598030125034, -7.006852030296898 ], [ 107.765431504460423, -7.006974617784351 ], [ 107.765484316248262, -7.00702069365002 ], [ 107.76564615644503, -7.006896838118564 ], [ 107.765598030125034, -7.006852030296898 ] ] ] ] } },
{ "type": "Feature", "properties": { "TIPE_HAK_1": "HAK MILIK" }, "geometry": { "type": "MultiPolygon", "coordinates": [ [ [ [ 107.765529554845159, -7.006792345890005 ], [ 107.765350478242055, -7.006919710576142 ], [ 107.765405541932296, -7.006993373145633 ], [ 107.765597665000314, -7.006850469973188 ], [ 107.765575369008161, -7.006831501472561 ], [ 107.765529554845159, -7.006792345890005 ] ] ] ] } },
{ "type": "Feature", "properties": { "TIPE_HAK_1": "HAK MILIK" }, "geometry": { "type": "MultiPolygon", "coordinates": [ [ [ [ 107.765348318969814, -7.006920577522578 ], [ 107.765325456404753, -7.006853857719307 ], [ 107.765480492330937, -7.006751429434871 ], [ 107.765529270659385, -7.006792410641197 ], [ 107.765348318969814, -7.006920577522578 ] ] ] ] } },
{ "type": "Feature", "properties": { "TIPE_HAK_1": "HAK MILIK" }, "geometry": { "type": "MultiPolygon", "coordinates": [ [ [ [ 107.765287750529296, -7.006813340563156 ], [ 107.765325016636268, -7.006854313675603 ], [ 107.765479959032916, -7.00675109039048 ], [ 107.765434026159426, -7.006711490542784 ], [ 107.765287750529296, -7.006813340563156 ] ] ] ] } },
{ "type": "Feature", "properties": { "TIPE_HAK_1": "HAK MILIK" }, "geometry": { "type": "MultiPolygon", "coordinates": [ [ [ [ 107.765287361122887, -7.006813046484865 ], [ 107.765240018112422, -7.006761861570624 ], [ 107.765210747877745, -7.006617657978495 ], [ 107.7652615352917, -7.006562274129578 ], [ 107.765433719490602, -7.006711137109221 ], [ 107.765287361122887, -7.006813046484865 ] ] ] ] } },
{ "type": "Feature", "properties": { "TIPE_HAK_1": "BELUM TERDAFTAR" }, "geometry": { "type": "MultiPolygon", "coordinates": [ [ [ [ 107.765210131842196, -7.006617776688988 ], [ 107.765006565800434, -7.006863956206589 ], [ 107.764943651028716, -7.006979463331503 ], [ 107.764936106616062, -7.007023722566709 ], [ 107.764936851254731, -7.007058619859384 ], [ 107.76495139778882, -7.007101885343667 ], [ 107.765022917273882, -7.007137764696037 ], [ 107.765085350908294, -7.007137603717405 ], [ 107.765318427303612, -7.007077156685397 ], [ 107.765367473630079, -7.007068230914059 ], [ 107.765478691888177, -7.00703893819638 ], [ 107.765503713725479, -7.007039144141111 ], [ 107.765431189697722, -7.006974666347729 ], [ 107.765405205585807, -7.006994133972062 ], [ 107.765348786617267, -7.006920704326999 ], [ 107.765325720805436, -7.006855177924071 ], [ 107.765240106245983, -7.006762285151294 ], [ 107.765210131842196, -7.006617776688988 ] ] ] ] } },
{ "type": "Feature", "properties": { "TIPE_HAK_1": "HAK MILIK" }, "geometry": { "type": "MultiPolygon", "coordinates": [ [ [ [ 107.76132482947736, -7.000949041365118 ], [ 107.761617413113186, -7.000977719845821 ], [ 107.761680479870336, -7.001083815565607 ], [ 107.761973903472949, -7.001383606368279 ], [ 107.761308654271033, -7.001437165492746 ], [ 107.761318739268461, -7.001210353774752 ], [ 107.76132482947736, -7.000949041365118 ] ] ] ] } },
{ "type": "Feature", "properties": { "TIPE_HAK_1": "HAK MILIK" }, "geometry": { "type": "MultiPolygon", "coordinates": [ [ [ [ 107.761960201402246, -7.001608724662844 ], [ 107.761846492022073, -7.001618792573197 ], [ 107.761313666192791, -7.001671695192556 ], [ 107.761315588043999, -7.00188464655912 ], [ 107.761309911523256, -7.001917980830115 ], [ 107.761299032424461, -7.001937699365271 ], [ 107.761076438526857, -7.002140991113777 ], [ 107.76101809051255, -7.002201439944429 ], [ 107.760972093787132, -7.002270765983042 ], [ 107.760917058875236, -7.002372907383744 ], [ 107.760891930917921, -7.002402497776984 ], [ 107.760912511902973, -7.002492338250761 ], [ 107.761099333467541, -7.00229449189726 ], [ 107.761372543907839, -7.002045616212172 ], [ 107.76140278271231, -7.002024903026779 ], [ 107.76147550099364, -7.002002053052252 ], [ 107.761565888255177, -7.001996135513195 ], [ 107.761830528156395, -7.002003497363489 ], [ 107.761929689203839, -7.001973501375915 ], [ 107.762029829613027, -7.00192931408651 ], [ 107.762014578909771, -7.001857491529961 ], [ 107.762007295300521, -7.001825988278711 ], [ 107.76199632087355, -7.001768868738282 ], [ 107.761989703661982, -7.001741374664675 ], [ 107.761985413895786, -7.001722126474931 ], [ 107.761982104390654, -7.001703586051633 ], [ 107.761976457547519, -7.001681819760108 ], [ 107.761970639833237, -7.001652911952306 ], [ 107.761960201402246, -7.001608724662844 ] ] ] ] } },
{ "type": "Feature", "properties": { "TIPE_HAK_1": "HAK MILIK" }, "geometry": { "type": "MultiPolygon", "coordinates": [ [ [ [ 107.761817937647777, -7.001399767185433 ], [ 107.761980144767904, -7.0013833284778 ], [ 107.76199816718173, -7.001405568711959 ], [ 107.762024957985489, -7.001422490355594 ], [ 107.762130660701473, -7.001520681034549 ], [ 107.76221430124906, -7.001645827992547 ], [ 107.762230863163836, -7.001705778598762 ], [ 107.762200788935331, -7.00182707376041 ], [ 107.762146233362046, -7.001865268866993 ], [ 107.762029251348906, -7.001928340120742 ], [ 107.761961142992391, -7.00160683788522 ], [ 107.761846672785794, -7.001618441837593 ], [ 107.761817937647777, -7.001399767185433 ] ] ] ] } },
{ "type": "Feature", "properties": { "TIPE_HAK_1": "HAK MILIK" }, "geometry": { "type": "MultiPolygon", "coordinates": [ [ [ [ 107.751503802858281, -7.002533427375738 ], [ 107.751490621495066, -7.002478376275974 ], [ 107.751454456158285, -7.002323886238287 ], [ 107.7514133823218, -7.002228102145125 ], [ 107.751373815749048, -7.002153049223807 ], [ 107.751331365949852, -7.002100872357346 ], [ 107.751249048304999, -7.002074754246451 ], [ 107.751199208776541, -7.002095542075551 ], [ 107.75121711787574, -7.002134515995067 ], [ 107.751248334243314, -7.002275234714261 ], [ 107.751338674740111, -7.002273204944402 ], [ 107.75135617644645, -7.002262117202918 ], [ 107.751401539149754, -7.002366149877844 ], [ 107.751453861706409, -7.002568086348049 ], [ 107.751503802858281, -7.002533427375738 ] ] ] ] } },
{ "type": "Feature", "properties": { "TIPE_HAK_1": "HAK MILIK" }, "geometry": { "type": "MultiPolygon", "coordinates": [ [ [ [ 107.751520188505935, -7.002817051965337 ], [ 107.751562676076674, -7.00278716749375 ], [ 107.751575054345324, -7.002829005753938 ], [ 107.751525206722988, -7.002841955991414 ], [ 107.751520188505935, -7.002817051965337 ] ] ] ] } },
{ "type": "Feature", "properties": { "TIPE_HAK_1": "HAK MILIK" }, "geometry": { "type": "MultiPolygon", "coordinates": [ [ [ [ 107.751503195815872, -7.002756992541151 ], [ 107.751546017934459, -7.002729431917714 ], [ 107.751562077128199, -7.002786877012738 ], [ 107.751518585014765, -7.002818089782977 ], [ 107.751503195815872, -7.002756992541151 ] ] ] ] } },
{ "type": "Feature", "properties": { "TIPE_HAK_1": "HAK MILIK" }, "geometry": { "type": "MultiPolygon", "coordinates": [ [ [ [ 107.751487137521451, -7.002695230700283 ], [ 107.751527952353172, -7.002663685180892 ], [ 107.751545683386666, -7.002729431917714 ], [ 107.751503530363721, -7.002756992541151 ], [ 107.751487137521451, -7.002695230700283 ] ] ] ] } },
{ "type": "Feature", "properties": { "TIPE_HAK_1": "HAK MILIK" }, "geometry": { "type": "MultiPolygon", "coordinates": [ [ [ [ 107.751454260106073, -7.002566982879898 ], [ 107.751503773180673, -7.002533113512357 ], [ 107.751527208613822, -7.002663953178853 ], [ 107.751486393782102, -7.002695830548078 ], [ 107.751454260106073, -7.002566982879898 ] ] ] ] } },
{ "type": "Feature", "properties": { "TIPE_HAK_1": "HAK MILIK" }, "geometry": { "type": "MultiPolygon", "coordinates": [ [ [ [ 107.751488800367895, -7.00284119426567 ], [ 107.751517906026606, -7.002818282237911 ], [ 107.75152459698262, -7.00284119426567 ], [ 107.75157411005722, -7.002828575878027 ], [ 107.751601409877253, -7.002927819663114 ], [ 107.751488800367895, -7.00284119426567 ] ] ] ] } },
{ "type": "Feature", "properties": { "TIPE_HAK_1": "HAK MILIK" }, "geometry": { "type": "MultiPolygon", "coordinates": [ [ [ [ 107.751435789829884, -7.002799623104067 ], [ 107.751503033937922, -7.002756456545171 ], [ 107.7515190922324, -7.002817886536207 ], [ 107.75148815645332, -7.002841223043959 ], [ 107.751435789829884, -7.002799623104067 ] ] ] ] } },
{ "type": "Feature", "properties": { "TIPE_HAK_1": "HAK MILIK" }, "geometry": { "type": "MultiPolygon", "coordinates": [ [ [ [ 107.751393252796447, -7.002767932793802 ], [ 107.751487191480749, -7.002694573295855 ], [ 107.751503128366721, -7.002757210177037 ], [ 107.751434583839057, -7.002799981034229 ], [ 107.751393252796447, -7.002767932793802 ] ] ] ] } },
{ "type": "Feature", "properties": { "TIPE_HAK_1": "HAK MILIK" }, "geometry": { "type": "MultiPolygon", "coordinates": [ [ [ [ 107.751286550933628, -7.002689344637474 ], [ 107.75145388239082, -7.002567186126669 ], [ 107.751486716638738, -7.002696558099615 ], [ 107.751392049503522, -7.002768804236894 ], [ 107.751286550933628, -7.002689344637474 ] ] ] ] } },
{ "type": "Feature", "properties": { "TIPE_HAK_1": "HAK MILIK" }, "geometry": { "type": "MultiPolygon", "coordinates": [ [ [ [ 107.751220635124298, -7.002636014840164 ], [ 107.751368316394746, -7.002519503172493 ], [ 107.751432205132232, -7.002483380103854 ], [ 107.751454083838951, -7.002567735612445 ], [ 107.751286127352955, -7.002688437221536 ], [ 107.751220635124298, -7.002636014840164 ] ] ] ] } },
{ "type": "Feature", "properties": { "TIPE_HAK_1": "HAK MILIK" }, "geometry": { "type": "MultiPolygon", "coordinates": [ [ [ [ 107.751118536890999, -7.002555011104846 ], [ 107.751219959733419, -7.002635641621509 ], [ 107.75136894142355, -7.002519459105713 ], [ 107.751314940732016, -7.002428251662423 ], [ 107.751118536890999, -7.002555011104846 ] ] ] ] } },
{ "type": "Feature", "properties": { "TIPE_HAK_1": "HAK MILIK" }, "geometry": { "type": "MultiPolygon", "coordinates": [ [ [ [ 107.751046089305646, -7.002497989590495 ], [ 107.751270363136825, -7.002346939459642 ], [ 107.751316061287241, -7.002427811893938 ], [ 107.751117916358794, -7.002555542604171 ], [ 107.751046089305646, -7.002497989590495 ] ] ] ] } },
{ "type": "Feature", "properties": { "TIPE_HAK_1": "HAK MILIK" }, "geometry": { "type": "MultiPolygon", "coordinates": [ [ [ [ 107.751265909694041, -7.002339694521254 ], [ 107.751363001401444, -7.002279086510612 ], [ 107.751402000501969, -7.00236674253108 ], [ 107.751432790590854, -7.002483658893709 ], [ 107.751368437803251, -7.002518947391479 ], [ 107.751265909694041, -7.002339694521254 ] ] ] ] } },
{ "type": "Feature", "properties": { "TIPE_HAK_1": "HAK MILIK" }, "geometry": { "type": "MultiPolygon", "coordinates": [ [ [ [ 107.750840212905587, -7.002320590223007 ], [ 107.750966975945232, -7.002211131938168 ], [ 107.750989062395377, -7.002197716751198 ], [ 107.751011808048588, -7.0022438501735 ], [ 107.751030268432203, -7.002339121653108 ], [ 107.75093565975294, -7.002404886376382 ], [ 107.750840212905587, -7.002320590223007 ] ] ] ] } },
{ "type": "Feature", "properties": { "TIPE_HAK_1": "HAK MILIK" }, "geometry": { "type": "MultiPolygon", "coordinates": [ [ [ [ 107.750936038367513, -7.002404262246841 ], [ 107.751026954430472, -7.002468998145673 ], [ 107.751051304474174, -7.002452330110884 ], [ 107.751029473431515, -7.002338462450041 ], [ 107.750936038367513, -7.002404262246841 ] ] ] ] } },
{ "type": "Feature", "properties": { "TIPE_HAK_1": "HAK MILIK" }, "geometry": { "type": "MultiPolygon", "coordinates": [ [ [ [ 107.751051800899972, -7.002452405653969 ], [ 107.751165010257068, -7.002371699594221 ], [ 107.751097898349371, -7.002287416031379 ], [ 107.751029046253564, -7.002336864354731 ], [ 107.751051800899972, -7.002452405653969 ] ] ] ] } },
{ "type": "Feature", "properties": { "TIPE_HAK_1": "HAK MILIK" }, "geometry": { "type": "MultiPolygon", "coordinates": [ [ [ [ 107.751098472116837, -7.002288351326285 ], [ 107.751192961186291, -7.002222502066786 ], [ 107.751263173956374, -7.002309737204541 ], [ 107.751166236033043, -7.002371602467406 ], [ 107.751098472116837, -7.002288351326285 ] ] ] ] } },
{ "type": "Feature", "properties": { "TIPE_HAK_1": "HAK MILIK" }, "geometry": { "type": "MultiPolygon", "coordinates": [ [ [ [ 107.750033168495975, -7.000164609509056 ], [ 107.75012783473187, -7.00010164617396 ], [ 107.750166099086243, -7.000066456601644 ], [ 107.750232692085149, -7.00000774616052 ], [ 107.750388179470974, -7.000130194253018 ], [ 107.750397560299234, -7.000150134021396 ], [ 107.750400846421996, -7.000303934279088 ], [ 107.750407114696657, -7.000348776274961 ], [ 107.750397589976842, -7.000898771960692 ], [ 107.750289331387592, -7.00091388147041 ], [ 107.75012116715817, -7.000750206656676 ], [ 107.750108481321433, -7.000675577315974 ], [ 107.750063055665521, -7.000363934348059 ], [ 107.750033168495975, -7.000164609509056 ] ] ] ] } },
{ "type": "Feature", "properties": { "TIPE_HAK_1": "HAK MILIK" }, "geometry": { "type": "MultiPolygon", "coordinates": [ [ [ [ 107.739893585820369, -6.996007027502287 ], [ 107.739864319183027, -6.996079864494106 ], [ 107.739916203769837, -6.996096087364492 ], [ 107.739943269766172, -6.996024413196039 ], [ 107.739893585820369, -6.996007027502287 ] ] ] ] } },
{ "type": "Feature", "properties": { "TIPE_HAK_1": "HAK MILIK" }, "geometry": { "type": "MultiPolygon", "coordinates": [ [ [ [ 107.739915800873575, -6.996096249242441 ], [ 107.739959905425337, -6.996111201370809 ], [ 107.739989023674582, -6.996020366246853 ], [ 107.739942174391899, -6.996023358291325 ], [ 107.739915800873575, -6.996096249242441 ] ] ] ] } },
{ "type": "Feature", "properties": { "TIPE_HAK_1": "HAK MILIK" }, "geometry": { "type": "MultiPolygon", "coordinates": [ [ [ [ 107.739959044774139, -6.996110758904365 ], [ 107.740057403626338, -6.996144690325139 ], [ 107.740119742831951, -6.99600639258091 ], [ 107.739995858522093, -6.99599382905194 ], [ 107.739959044774139, -6.996110758904365 ] ] ] ] } },
{ "type": "Feature", "properties": { "TIPE_HAK_1": "HAK MILIK" }, "geometry": { "type": "MultiPolygon", "coordinates": [ [ [ [ 107.74011780569225, -6.996006661478191 ], [ 107.740199621515387, -6.99603550273622 ], [ 107.740121536080096, -6.99616259043114 ], [ 107.740055930536812, -6.996144757774289 ], [ 107.74011780569225, -6.996006661478191 ] ] ] ] } },
{ "type": "Feature", "properties": { "TIPE_HAK_1": "HAK MILIK" }, "geometry": { "type": "MultiPolygon", "coordinates": [ [ [ [ 107.740255736513063, -6.996061640632149 ], [ 107.74031964503564, -6.99609499019158 ], [ 107.740239151215917, -6.996222785653003 ], [ 107.740172140931634, -6.996193072052563 ], [ 107.740255736513063, -6.996061640632149 ] ] ] ] } },
{ "type": "Feature", "properties": { "TIPE_HAK_1": "HAK MILIK" }, "geometry": { "type": "MultiPolygon", "coordinates": [ [ [ [ 107.740273128502167, -6.996240755006795 ], [ 107.740305342217823, -6.996260506816895 ], [ 107.740387866706726, -6.996130307467695 ], [ 107.740353422672399, -6.99610831454703 ], [ 107.740273128502167, -6.996240755006795 ] ] ] ] } },
{ "type": "Feature", "properties": { "TIPE_HAK_1": "HAK MILIK" }, "geometry": { "type": "MultiPolygon", "coordinates": [ [ [ [ 107.740305353909037, -6.996259500475503 ], [ 107.74038054892327, -6.996303629309011 ], [ 107.740455964271405, -6.996184713753507 ], [ 107.740382846691091, -6.996137029899955 ], [ 107.740305353909037, -6.996259500475503 ] ] ] ] } },
{ "type": "Feature", "properties": { "TIPE_HAK_1": "HAK MILIK" }, "geometry": { "type": "MultiPolygon", "coordinates": [ [ [ [ 107.721811203424352, -6.99251437543802 ], [ 107.72178189272023, -6.992571267449989 ], [ 107.721799658827251, -6.99258301619318 ], [ 107.722018614067849, -6.992625461495777 ], [ 107.722033882757557, -6.992434012019999 ], [ 107.722033272117869, -6.992391537939056 ], [ 107.721884658250417, -6.992493385261469 ], [ 107.721811203424352, -6.99251437543802 ] ] ] ] } },
{ "type": "Feature", "properties": { "TIPE_HAK_1": "HAK MILIK" }, "geometry": { "type": "MultiPolygon", "coordinates": [ [ [ [ 107.722084921082285, -6.992412255621048 ], [ 107.722187718988096, -6.992389307620385 ], [ 107.722181785261228, -6.992654567154489 ], [ 107.722080526095453, -6.992638249855304 ], [ 107.722084921082285, -6.992412255621048 ] ] ] ] } },
{ "type": "Feature", "properties": { "TIPE_HAK_1": "HAK MILIK" }, "geometry": { "type": "MultiPolygon", "coordinates": [ [ [ [ 107.722186912296252, -6.992390365223116 ], [ 107.722305510391038, -6.992401506923954 ], [ 107.722294913679377, -6.992542754444514 ], [ 107.722306088655102, -6.992544712268625 ], [ 107.722285621883998, -6.992672907028975 ], [ 107.722180478546306, -6.99265530279996 ], [ 107.722186912296252, -6.992390365223116 ] ] ] ] } },
{ "type": "Feature", "properties": { "TIPE_HAK_1": "HAK MILIK" }, "geometry": { "type": "MultiPolygon", "coordinates": [ [ [ [ 107.722303415869987, -6.992401596856155 ], [ 107.722373506332303, -6.992413699932285 ], [ 107.722350466600801, -6.992548034364233 ], [ 107.722292641092565, -6.99254369153806 ], [ 107.722303415869987, -6.992401596856155 ] ] ] ] } },
{ "type": "Feature", "properties": { "TIPE_HAK_1": "HAK MILIK" }, "geometry": { "type": "MultiPolygon", "coordinates": [ [ [ [ 107.722284134405356, -6.992672814398816 ], [ 107.722330537624259, -6.992679135733454 ], [ 107.722350737296722, -6.992546626925218 ], [ 107.722304882664275, -6.992543796758753 ], [ 107.722284134405356, -6.992672814398816 ] ] ] ] } },
{ "type": "Feature", "properties": { "TIPE_HAK_1": "HAK MILIK" }, "geometry": { "type": "MultiPolygon", "coordinates": [ [ [ [ 107.722354965009686, -6.992509741231515 ], [ 107.722498744121822, -6.992539838842447 ], [ 107.722487723829431, -6.992705622566405 ], [ 107.722328961112737, -6.992680013471784 ], [ 107.722354965009686, -6.992509741231515 ] ] ] ] } },
{ "type": "Feature", "properties": { "TIPE_HAK_1": "HAK MILIK" }, "geometry": { "type": "MultiPolygon", "coordinates": [ [ [ [ 107.722519993303081, -6.992654843246385 ], [ 107.722508191499912, -6.992703714204993 ], [ 107.722555885245981, -6.992714940442113 ], [ 107.722586459497563, -6.992645057723166 ], [ 107.722566774237293, -6.992635757833909 ], [ 107.722554443632703, -6.992665114403451 ], [ 107.722519993303081, -6.992654843246385 ] ] ] ] } },
{ "type": "Feature", "properties": { "TIPE_HAK_1": "HAK MILIK" }, "geometry": { "type": "MultiPolygon", "coordinates": [ [ [ [ 107.720588949220712, -6.991503066213511 ], [ 107.720524074826244, -6.991572121556146 ], [ 107.72060954189692, -6.991644518779481 ], [ 107.720706319740941, -6.991536892413592 ], [ 107.720588949220712, -6.991503066213511 ] ] ] ] } },
{ "type": "Feature", "properties": { "TIPE_HAK_1": "HAK MILIK" }, "geometry": { "type": "MultiPolygon", "coordinates": [ [ [ [ 107.720704126294436, -6.991536721542445 ], [ 107.720811804820983, -6.991566426149575 ], [ 107.720716758171932, -6.991738126513269 ], [ 107.720609077846746, -6.99164551432898 ], [ 107.720704126294436, -6.991536721542445 ] ] ] ] } },
{ "type": "Feature", "properties": { "TIPE_HAK_1": "HAK MILIK" }, "geometry": { "type": "MultiPolygon", "coordinates": [ [ [ [ 107.720718857189581, -6.991734540016978 ], [ 107.720794013532952, -6.991782134837592 ], [ 107.720895954384844, -6.991573620725944 ], [ 107.720808552872484, -6.991565386533296 ], [ 107.720718857189581, -6.991734540016978 ] ] ] ] } },
{ "type": "Feature", "properties": { "TIPE_HAK_1": "HAK MILIK" }, "geometry": { "type": "MultiPolygon", "coordinates": [ [ [ [ 107.720893978574338, -6.991574779952089 ], [ 107.7209353347979, -6.99158735966887 ], [ 107.720900089467591, -6.991749546104643 ], [ 107.720874868880173, -6.991838889253302 ], [ 107.720792809340765, -6.991781964865766 ], [ 107.720893978574338, -6.991574779952089 ] ] ] ] } },
{ "type": "Feature", "properties": { "TIPE_HAK_1": "HAK MILIK" }, "geometry": { "type": "MultiPolygon", "coordinates": [ [ [ [ 107.718002505311404, -6.990649545739871 ], [ 107.718209460897981, -6.990552133873848 ], [ 107.718220442519453, -6.990689260700776 ], [ 107.718048580277809, -6.990660215296657 ], [ 107.718002505311404, -6.990649545739871 ] ] ] ] } },
{ "type": "Feature", "properties": { "TIPE_HAK_1": "HAK MILIK" }, "geometry": { "type": "MultiPolygon", "coordinates": [ [ [ [ 107.718224408529693, -6.990537729432617 ], [ 107.718410773238645, -6.990448218110714 ], [ 107.718410564595956, -6.990624210938563 ], [ 107.718337000951919, -6.990615081021133 ], [ 107.71833203939218, -6.990702783806398 ], [ 107.718227367299221, -6.990690148331623 ], [ 107.718224408529693, -6.990537729432617 ] ] ] ] } },
{ "type": "Feature", "properties": { "TIPE_HAK_1": "HAK MILIK" }, "geometry": { "type": "MultiPolygon", "coordinates": [ [ [ [ 107.718408720086416, -6.990448273868708 ], [ 107.718456911157602, -6.990434195881392 ], [ 107.718455394001296, -6.990629135626079 ], [ 107.718408361256934, -6.990623430326991 ], [ 107.718408720086416, -6.990448273868708 ] ] ] ] } },
{ "type": "Feature", "properties": { "TIPE_HAK_1": "HAK MILIK" }, "geometry": { "type": "MultiPolygon", "coordinates": [ [ [ [ 107.718454498276515, -6.99073051979758 ], [ 107.718454677241596, -6.990628587938943 ], [ 107.718336641223061, -6.990614741077366 ], [ 107.718332259726083, -6.990702821577884 ], [ 107.718345111937424, -6.99070316601825 ], [ 107.718454498276515, -6.99073051979758 ] ] ] ] } },
{ "type": "Feature", "properties": { "TIPE_HAK_1": "HAK MILIK" }, "geometry": { "type": "MultiPolygon", "coordinates": [ [ [ [ 107.715119647553763, -6.988894293037163 ], [ 107.715026447212836, -6.989191830138793 ], [ 107.71516592306898, -6.989284443222402 ], [ 107.715246505921584, -6.989027312660312 ], [ 107.715119647553763, -6.988894293037163 ] ] ] ] } },
{ "type": "Feature", "properties": { "TIPE_HAK_1": "HAK MILIK" }, "geometry": { "type": "MultiPolygon", "coordinates": [ [ [ [ 107.715238754664881, -6.989046720929366 ], [ 107.715343647991006, -6.989220523008669 ], [ 107.715564149166198, -6.989541768038123 ], [ 107.715163838440446, -6.989281234441364 ], [ 107.715238754664881, -6.989046720929366 ] ] ] ] } },
{ "type": "Feature", "properties": { "TIPE_HAK_1": "HAK MILIK" }, "geometry": { "type": "MultiPolygon", "coordinates": [ [ [ [ 107.714816198308938, -6.988755888273602 ], [ 107.714862101504821, -6.988763493840111 ], [ 107.71485125388233, -6.989037135955016 ], [ 107.714805407343761, -6.989005122788114 ], [ 107.714816198308938, -6.988755888273602 ] ] ] ] } },
{ "type": "Feature", "properties": { "TIPE_HAK_1": "HAK MILIK" }, "geometry": { "type": "MultiPolygon", "coordinates": [ [ [ [ 107.712350649363032, -6.985899637857926 ], [ 107.712553316982053, -6.985892263417156 ], [ 107.71261729475242, -6.985885641708933 ], [ 107.712616420611369, -6.985944587772451 ], [ 107.712582628585494, -6.98626331919678 ], [ 107.712299747735244, -6.986259551037392 ], [ 107.712337755782869, -6.98598080437057 ], [ 107.712350649363032, -6.985899637857926 ] ] ] ] } },
{ "type": "Feature", "properties": { "TIPE_HAK_1": "HAK MILIK" }, "geometry": { "type": "MultiPolygon", "coordinates": [ [ [ [ 107.711628949716328, -6.985770058141611 ], [ 107.711536907702168, -6.985545015390073 ], [ 107.711544089688061, -6.985539414412415 ], [ 107.71161755530602, -6.985428719559707 ], [ 107.711639709205258, -6.985400927810531 ], [ 107.7116999529905, -6.985328428963783 ], [ 107.711748948055572, -6.98526405998831 ], [ 107.712130435970892, -6.984902513640066 ], [ 107.71226753761681, -6.985284674248248 ], [ 107.712308873156019, -6.985401917964111 ], [ 107.712076181670511, -6.985497117497914 ], [ 107.712153392964751, -6.985713730004591 ], [ 107.711843961429736, -6.985714640118488 ], [ 107.711758728182815, -6.985722864418619 ], [ 107.711699676898604, -6.985737325517107 ], [ 107.711667022515144, -6.985749912428446 ], [ 107.711628949716328, -6.985770058141611 ] ] ] ] } },
{ "type": "Feature", "properties": { "TIPE_HAK_1": "HAK MILIK" }, "geometry": { "type": "MultiPolygon", "coordinates": [ [ [ [ 107.712129873894639, -6.984902269024474 ], [ 107.712195872441612, -6.984890229800214 ], [ 107.712250894763031, -6.984885484977099 ], [ 107.712313974110657, -6.984852101243405 ], [ 107.712343685912458, -6.984815294690065 ], [ 107.712384408114019, -6.984805807741793 ], [ 107.71244059775546, -6.984815755142961 ], [ 107.712487143966598, -6.984842340901253 ], [ 107.712569261961903, -6.984967528328696 ], [ 107.712649661352827, -6.985156013639084 ], [ 107.712266752508697, -6.985283642725904 ], [ 107.712129873894639, -6.984902269024474 ] ] ] ] } },
{ "type": "Feature", "properties": { "TIPE_HAK_1": "HAK MILIK" }, "geometry": { "type": "MultiPolygon", "coordinates": [ [ [ [ 107.712076793209519, -6.985496508656922 ], [ 107.7123087328618, -6.985403462999386 ], [ 107.712420661584304, -6.985711468209615 ], [ 107.71215393435665, -6.985713696729647 ], [ 107.712076793209519, -6.985496508656922 ] ] ] ] } },
{ "type": "Feature", "properties": { "TIPE_HAK_1": "HAK MILIK" }, "geometry": { "type": "MultiPolygon", "coordinates": [ [ [ [ 107.712883703620093, -6.985687192809678 ], [ 107.712650132597616, -6.985156296925538 ], [ 107.712267571791074, -6.985283301882816 ], [ 107.712420521290085, -6.985711462813697 ], [ 107.712883703620093, -6.985687192809678 ] ] ] ] } },
{ "type": "Feature", "properties": { "TIPE_HAK_1": "HAK MILIK" }, "geometry": { "type": "MultiPolygon", "coordinates": [ [ [ [ 107.712414725159476, -6.986647961933841 ], [ 107.712752660706769, -6.986648618438949 ], [ 107.712777267956596, -6.986650494424737 ], [ 107.712660779671296, -6.987409864873314 ], [ 107.712338091229981, -6.987167688238173 ], [ 107.712354645950199, -6.987092451855119 ], [ 107.712414725159476, -6.986647961933841 ] ] ] ] } },
{ "type": "Feature", "properties": { "TIPE_HAK_1": "HAK MILIK" }, "geometry": { "type": "MultiPolygon", "coordinates": [ [ [ [ 107.710711149300153, -6.986027623975644 ], [ 107.710926245549842, -6.98600032775289 ], [ 107.710941873968352, -6.986234941988926 ], [ 107.710710266165904, -6.986177706435967 ], [ 107.710711149300153, -6.986027623975644 ] ] ] ] } },
{ "type": "Feature", "properties": { "TIPE_HAK_1": "HAK MILIK" }, "geometry": { "type": "MultiPolygon", "coordinates": [ [ [ [ 107.707833215330709, -6.984271905424066 ], [ 107.707913642600602, -6.984265367352748 ], [ 107.707921714015924, -6.984268148056515 ], [ 107.707909250311729, -6.984535977853056 ], [ 107.707871038117958, -6.984776346850879 ], [ 107.707767477587083, -6.984762818349338 ], [ 107.707811458032438, -6.984530348996373 ], [ 107.707818354033861, -6.984386323470005 ], [ 107.707829400406581, -6.984301059646157 ], [ 107.707833215330709, -6.984271905424066 ] ] ] ] } },
{ "type": "Feature", "properties": { "TIPE_HAK_1": "HAK MILIK" }, "geometry": { "type": "MultiPolygon", "coordinates": [ [ [ [ 107.70597974676798, -6.985812302895397 ], [ 107.706285408344968, -6.985530334857003 ], [ 107.706447432003472, -6.985745156813493 ], [ 107.706129185313728, -6.986033180886523 ], [ 107.70597974676798, -6.985812302895397 ] ] ] ] } },
{ "type": "Feature", "properties": { "TIPE_HAK_1": "HAK MILIK" }, "geometry": { "type": "MultiPolygon", "coordinates": [ [ [ [ 107.706311570522644, -6.985954293255986 ], [ 107.70655122905606, -6.985701174569499 ], [ 107.706723933962451, -6.985852204015941 ], [ 107.70667486605231, -6.985917644083941 ], [ 107.706515878505058, -6.986138799066282 ], [ 107.706311570522644, -6.985954293255986 ] ] ] ] } },
{ "type": "Feature", "properties": { "TIPE_HAK_1": "HAK MILIK" }, "geometry": { "type": "MultiPolygon", "coordinates": [ [ [ [ 107.706306923725606, -6.985113240083933 ], [ 107.706368757512223, -6.984693495908061 ], [ 107.706447186488504, -6.98495020019152 ], [ 107.706470455547162, -6.98502713809188 ], [ 107.706525716188935, -6.985050323513576 ], [ 107.706531598654408, -6.985202643487185 ], [ 107.706397699494289, -6.985296615446373 ], [ 107.706346408460035, -6.985193453315162 ], [ 107.706306923725606, -6.985113240083933 ] ] ] ] } },
{ "type": "Feature", "properties": { "TIPE_HAK_1": "HAK MILIK" }, "geometry": { "type": "MultiPolygon", "coordinates": [ [ [ [ 107.706973600151571, -6.984606842631649 ], [ 107.707263383298539, -6.984694395230122 ], [ 107.707506937695086, -6.984730730538729 ], [ 107.707407362959486, -6.985161686562549 ], [ 107.707260116960867, -6.985117412938223 ], [ 107.707334748100209, -6.98490433476718 ], [ 107.707217114078617, -6.984882834675034 ], [ 107.706960159783591, -6.984900304005805 ], [ 107.706973600151571, -6.984606842631649 ] ] ] ] } },
{ "type": "Feature", "properties": { "TIPE_HAK_1": "HAK MILIK" }, "geometry": { "type": "MultiPolygon", "coordinates": [ [ [ [ 107.707503963637066, -6.984733555309276 ], [ 107.707770534382689, -6.984763000012379 ], [ 107.707725253517708, -6.984943614456199 ], [ 107.707726639372993, -6.984970178630817 ], [ 107.707720979939324, -6.985003718846485 ], [ 107.707636719758852, -6.985318009418563 ], [ 107.707391526797608, -6.985245242573853 ], [ 107.707436465020919, -6.985033520580487 ], [ 107.707503963637066, -6.984733555309276 ] ] ] ] } },
{ "type": "Feature", "properties": { "TIPE_HAK_1": "BEKUM TERDAFTAR" }, "geometry": { "type": "MultiPolygon", "coordinates": [ [ [ [ 107.707729418278063, -6.984931523071279 ], [ 107.708012182216521, -6.985003369909525 ], [ 107.707994014112501, -6.985081543478432 ], [ 107.708061067564302, -6.985100752097988 ], [ 107.707928840243824, -6.985430361721794 ], [ 107.707638727944982, -6.985321618397897 ], [ 107.707721151709848, -6.985005887111988 ], [ 107.707727603446187, -6.984969854874857 ], [ 107.70772484612479, -6.984942108091778 ], [ 107.707729418278063, -6.984931523071279 ] ] ] ] } },
{ "type": "Feature", "properties": { "TIPE_HAK_1": "HAK MILIK" }, "geometry": { "type": "MultiPolygon", "coordinates": [ [ [ [ 107.707636879838219, -6.985324488134552 ], [ 107.707778166928904, -6.98537461274816 ], [ 107.707651846355702, -6.985794813779592 ], [ 107.707513435296846, -6.985747453681995 ], [ 107.707636879838219, -6.985324488134552 ] ] ] ] } },
{ "type": "Feature", "properties": { "TIPE_HAK_1": "BELUM TERDAFTAR" }, "geometry": { "type": "MultiPolygon", "coordinates": [ [ [ [ 107.707778526657762, -6.985377848508838 ], [ 107.707928386086223, -6.98543326383401 ], [ 107.707820761518974, -6.985802889691564 ], [ 107.707730781650298, -6.985768744232135 ], [ 107.707716624522675, -6.985821960714878 ], [ 107.707656967095431, -6.985795861489743 ], [ 107.70777095526546, -6.985399061717255 ], [ 107.707778526657762, -6.985377848508838 ] ] ] ] } },
{ "type": "Feature", "properties": { "TIPE_HAK_1": "HAK MILIK" }, "geometry": { "type": "MultiPolygon", "coordinates": [ [ [ [ 107.708385819050363, -6.984329893709571 ], [ 107.708503361341116, -6.984378819526853 ], [ 107.708448584534608, -6.984632486799796 ], [ 107.708400386268863, -6.984850682113233 ], [ 107.708278801525523, -6.98481679655788 ], [ 107.708322605703756, -6.98456578228496 ], [ 107.708385819050363, -6.984329893709571 ] ] ] ] } },
{ "type": "Feature", "properties": { "TIPE_HAK_1": "HAK MILIK" }, "geometry": { "type": "MultiPolygon", "coordinates": [ [ [ [ 107.708062696236482, -6.984798992679316 ], [ 107.708278767351317, -6.984818000750067 ], [ 107.708401683091267, -6.984854812699382 ], [ 107.708352759971945, -6.984999470449168 ], [ 107.70841114575785, -6.985018416466687 ], [ 107.708473089261702, -6.985034990072677 ], [ 107.708620766035608, -6.985059841038776 ], [ 107.70857634222449, -6.985247669844057 ], [ 107.708294441635246, -6.985170954076239 ], [ 107.708061923718844, -6.985097032501983 ], [ 107.707996444080663, -6.985079314059078 ], [ 107.708020125028781, -6.984975264296963 ], [ 107.708017722040324, -6.984958695187572 ], [ 107.708062696236482, -6.984798992679316 ] ] ] ] } },
{ "type": "Feature", "properties": { "TIPE_HAK_1": "HAK MILIK" }, "geometry": { "type": "MultiPolygon", "coordinates": [ [ [ [ 107.708757587992352, -6.985086467266626 ], [ 107.708821969558301, -6.984925178354274 ], [ 107.709128210298729, -6.985055330938735 ], [ 107.709257613747923, -6.984824232152562 ], [ 107.70931101189376, -6.984912336934769 ], [ 107.709397500594264, -6.985020474115515 ], [ 107.709460203125957, -6.985084654233333 ], [ 107.709497061840011, -6.985128638275967 ], [ 107.709522387648121, -6.985207158983144 ], [ 107.709358790176111, -6.985415582263272 ], [ 107.709064085039529, -6.985228097898357 ], [ 107.708757587992352, -6.985086467266626 ] ] ] ] } },
{ "type": "Feature", "properties": { "TIPE_HAK_1": "HAK MILIK" }, "geometry": { "type": "MultiPolygon", "coordinates": [ [ [ [ 107.709522733887127, -6.985207531302478 ], [ 107.709560161872048, -6.985264889163261 ], [ 107.709599727545424, -6.985381574400094 ], [ 107.709620639480988, -6.985475028349811 ], [ 107.709645726968802, -6.985647336655234 ], [ 107.709628549018362, -6.98575441173665 ], [ 107.709633008756384, -6.985810865778774 ], [ 107.709657753602528, -6.985964008632038 ], [ 107.709709440338486, -6.985976755622744 ], [ 107.709687735200873, -6.986179495187514 ], [ 107.709502962291936, -6.986235532843523 ], [ 107.709489471561938, -6.986159961013357 ], [ 107.709342491762641, -6.986051701524786 ], [ 107.709557783165224, -6.985673068956942 ], [ 107.709536919793095, -6.985533522054368 ], [ 107.709359735363535, -6.985416056205963 ], [ 107.709522733887127, -6.985207531302478 ] ] ] ] } },
{ "type": "Feature", "properties": { "TIPE_HAK_1": "BELUM TERDAFTAR" }, "geometry": { "type": "MultiPolygon", "coordinates": [ [ [ [ 107.707213533877564, -6.986091265399519 ], [ 107.707585525851414, -6.986199782993544 ], [ 107.707531904673715, -6.986362219440824 ], [ 107.707249163218364, -6.986284199656043 ], [ 107.707252954760122, -6.986230034388546 ], [ 107.707238978396219, -6.986187173599145 ], [ 107.707230085000504, -6.986170778058914 ], [ 107.707213533877564, -6.986091265399519 ] ] ] ] } },
{ "type": "Feature", "properties": { "TIPE_HAK_1": "HAK MILIK" }, "geometry": { "type": "MultiPolygon", "coordinates": [ [ [ [ 107.707738356639879, -6.985771258736577 ], [ 107.707937225522585, -6.985843005750041 ], [ 107.707628312896361, -6.986631330771274 ], [ 107.707462970739584, -6.986567646179878 ], [ 107.707715693724367, -6.985823018317603 ], [ 107.707738356639879, -6.985771258736577 ] ] ] ] } },
{ "type": "Feature", "properties": { "TIPE_HAK_1": "HAK MILIK" }, "geometry": { "type": "MultiPolygon", "coordinates": [ [ [ [ 107.707800583430242, -6.986715572965295 ], [ 107.707924251003419, -6.986766249762582 ], [ 107.708546069245756, -6.98655968358247 ], [ 107.707982053129285, -6.986277950267151 ], [ 107.707800583430242, -6.986715572965295 ] ] ] ] } },
{ "type": "Feature", "properties": { "TIPE_HAK_1": "HAK MILIK" }, "geometry": { "type": "MultiPolygon", "coordinates": [ [ [ [ 107.708618347758602, -6.985059612610996 ], [ 107.70857327283835, -6.985248659997637 ], [ 107.708983275557785, -6.985364948633446 ], [ 107.709063436628355, -6.985226318140008 ], [ 107.708760129476445, -6.985086178584254 ], [ 107.708618347758602, -6.985059612610996 ] ] ] ] } },
{ "type": "Feature", "properties": { "TIPE_HAK_1": "HAK MILIK" }, "geometry": { "type": "MultiPolygon", "coordinates": [ [ [ [ 107.708289710301926, -6.985167309123995 ], [ 107.708168714614544, -6.985506054061091 ], [ 107.708429408290613, -6.985606378831278 ], [ 107.708587602635816, -6.985696414457891 ], [ 107.708743739332192, -6.985781929192626 ], [ 107.708885113657118, -6.985535570709999 ], [ 107.708938957866678, -6.985449224102354 ], [ 107.708984851169987, -6.985361611249289 ], [ 107.70856912516507, -6.985246709368084 ], [ 107.708289710301926, -6.985167309123995 ] ] ] ] } },
{ "type": "Feature", "properties": { "TIPE_HAK_1": "HAK MILIK" }, "geometry": { "type": "MultiPolygon", "coordinates": [ [ [ [ 107.70804993485666, -6.985464894789004 ], [ 107.707997088894615, -6.98566299924795 ], [ 107.707935761426313, -6.985839275362196 ], [ 107.708294002766081, -6.985983273908914 ], [ 107.708295120623404, -6.986013819382208 ], [ 107.708312533296862, -6.986051876892532 ], [ 107.708327604135661, -6.986107189695019 ], [ 107.708336762831379, -6.986124757951188 ], [ 107.70835080484585, -6.986152301487493 ], [ 107.708393805030141, -6.986215757651053 ], [ 107.708454178317709, -6.98626993011311 ], [ 107.708606774383213, -6.985999728804416 ], [ 107.708741840863354, -6.985776901982376 ], [ 107.70843085440049, -6.985606946303506 ], [ 107.708164232393472, -6.985500453083375 ], [ 107.70804993485666, -6.985464894789004 ] ] ] ] } },
{ "type": "Feature", "properties": { "TIPE_HAK_1": "HAK MILIK" }, "geometry": { "type": "MultiPolygon", "coordinates": [ [ [ [ 107.70811715288437, -6.98591221038015 ], [ 107.707982534266591, -6.986278984487512 ], [ 107.70854515553458, -6.98656178080148 ], [ 107.708657395422506, -6.986480402948189 ], [ 107.708610306020887, -6.986465422041533 ], [ 107.708460470874115, -6.986394198433459 ], [ 107.708481253307241, -6.986335077901458 ], [ 107.708460525732733, -6.986275081429824 ], [ 107.708397316882724, -6.986216973534454 ], [ 107.70835391739945, -6.98615409113836 ], [ 107.708331259879799, -6.986111022605542 ], [ 107.708315162914516, -6.986051036026424 ], [ 107.708300968015294, -6.986016323094816 ], [ 107.708294538762004, -6.985979430206498 ], [ 107.70811715288437, -6.98591221038015 ] ] ] ] } },
{ "type": "Feature", "properties": { "TIPE_HAK_1": "HAK MILIK" }, "geometry": { "type": "MultiPolygon", "coordinates": [ [ [ [ 107.708885622673392, -6.985542619596174 ], [ 107.709050448619394, -6.985676418032199 ], [ 107.708658329818149, -6.986386724167915 ], [ 107.70855821548929, -6.986280529522787 ], [ 107.708502928767189, -6.986305387683444 ], [ 107.708473469674971, -6.986311695528286 ], [ 107.708460701999854, -6.986274977108451 ], [ 107.708453758334315, -6.986270958937553 ], [ 107.708632321424545, -6.985959579470943 ], [ 107.708791464554508, -6.985697674408073 ], [ 107.708879608906898, -6.985539646437473 ], [ 107.708885622673392, -6.985542619596174 ] ] ] ] } },
{ "type": "Feature", "properties": { "TIPE_HAK_1": "HAK MILIK" }, "geometry": { "type": "MultiPolygon", "coordinates": [ [ [ [ 107.709238956412776, -6.985340623770696 ], [ 107.709535937733392, -6.985533077789285 ], [ 107.709556963882847, -6.985672831535908 ], [ 107.709496795640689, -6.98577993179839 ], [ 107.709452383520727, -6.985856318414335 ], [ 107.709425323819687, -6.985905082353611 ], [ 107.70934235596502, -6.986051463204433 ], [ 107.709488605514821, -6.986159236159779 ], [ 107.709502583677363, -6.986236256797781 ], [ 107.709224696762419, -6.986311119962181 ], [ 107.709104666946871, -6.98634435980432 ], [ 107.708985712720505, -6.986363696127626 ], [ 107.708953341623499, -6.98638176890347 ], [ 107.708919804105733, -6.986403133197996 ], [ 107.708811848588027, -6.986459686165517 ], [ 107.708756839756404, -6.986487966246614 ], [ 107.708657121129306, -6.986380525141101 ], [ 107.708820786949843, -6.986089051268664 ], [ 107.709078620781781, -6.985630902444143 ], [ 107.709238956412776, -6.985340623770696 ] ] ] ] } },
{ "type": "Feature", "properties": { "TIPE_HAK_1": "HAK MILIK" }, "geometry": { "type": "MultiPolygon", "coordinates": [ [ [ [ 107.714744425215088, -6.988744268133416 ], [ 107.714642071574417, -6.988883759277996 ], [ 107.714806081835263, -6.989006318886481 ], [ 107.714817049966939, -6.988755744382047 ], [ 107.714744425215088, -6.988744268133416 ] ] ] ] } },
{ "type": "Feature", "properties": { "TIPE_HAK_1": "HAK MILIK" }, "geometry": { "type": "MultiPolygon", "coordinates": [ [ [ [ 107.71465696974343, -6.988733639046131 ], [ 107.714580525570852, -6.988838642089604 ], [ 107.714642956507305, -6.988884616331916 ], [ 107.714745853338513, -6.988744171006658 ], [ 107.71465696974343, -6.988733639046131 ] ] ] ] } },
{ "type": "Feature", "properties": { "TIPE_HAK_1": "HAK MILIK" }, "geometry": { "type": "MultiPolygon", "coordinates": [ [ [ [ 107.714595509175467, -6.988728383408102 ], [ 107.714538784437423, -6.988807213482062 ], [ 107.714581475254931, -6.988838905590967 ], [ 107.71465834930342, -6.988733350363759 ], [ 107.714595509175467, -6.988728383408102 ] ] ] ] } },
{ "type": "Feature", "properties": { "TIPE_HAK_1": "HAK MILIK" }, "geometry": { "type": "MultiPolygon", "coordinates": [ [ [ [ 107.714435143866865, -6.988730065140373 ], [ 107.714539954455404, -6.988809149722442 ], [ 107.714596044272071, -6.988726728655536 ], [ 107.714574215927371, -6.988726728655536 ], [ 107.714482674835608, -6.988735774936004 ], [ 107.714435143866865, -6.988730065140373 ] ] ] ] } },
{ "type": "Feature", "properties": { "TIPE_HAK_1": "HAK MILIK" }, "geometry": { "type": "MultiPolygon", "coordinates": [ [ [ [ 107.748480030329176, -6.996278924932369 ], [ 107.748443349680883, -6.996469482280759 ], [ 107.748851435045765, -6.996603152113721 ], [ 107.748907696632955, -6.996425825591359 ], [ 107.748480030329176, -6.996278924932369 ] ] ] ] } },
{ "type": "Feature", "properties": { "TIPE_HAK_1": "HAK MILIK" }, "geometry": { "type": "MultiPolygon", "coordinates": [ [ [ [ 107.874976417427774, -6.96246723897184 ], [ 107.87508322181327, -6.962484908851422 ], [ 107.875122382791801, -6.962463705535527 ], [ 107.875264788639129, -6.962417764568158 ], [ 107.875410754003155, -6.962340019076578 ], [ 107.875474836994215, -6.962276409128947 ], [ 107.875535358669936, -6.962336485640265 ], [ 107.875474836994215, -6.962523781147524 ], [ 107.87539651323857, -6.962675738694315 ], [ 107.875264788639129, -6.962831228778157 ], [ 107.875193585715465, -6.962884237517528 ], [ 107.875093902161893, -6.962870101973579 ], [ 107.875051179868137, -6.962799424254001 ], [ 107.874951496314566, -6.962661603150423 ], [ 107.874976417427774, -6.96246723897184 ] ] ] ] } },
{ "type": "Feature", "properties": { "TIPE_HAK_1": "HAK MILIK" }, "geometry": { "type": "MultiPolygon", "coordinates": [ [ [ [ 107.875414480793722, -6.961523109104178 ], [ 107.875578797723392, -6.961498013522487 ], [ 107.875644101094451, -6.962192227189462 ], [ 107.87553598369874, -6.962340645904021 ], [ 107.875477000763055, -6.962273733645816 ], [ 107.875441189759158, -6.961960083391091 ], [ 107.875435470070954, -6.961757127989017 ], [ 107.875410813358428, -6.961614044052851 ], [ 107.875414480793722, -6.961523109104178 ] ] ] ] } },
{ "type": "Feature", "properties": { "TIPE_HAK_1": "HAK MILIK" }, "geometry": { "type": "MultiPolygon", "coordinates": [ [ [ [ 107.877016928788294, -6.962644172490513 ], [ 107.876763346950952, -6.963044375297613 ], [ 107.87693668677872, -6.963148085115961 ], [ 107.876965945322183, -6.963166237032169 ], [ 107.877093951224936, -6.963204355696405 ], [ 107.877190870262496, -6.963108151619849 ], [ 107.877287789300112, -6.962877624802502 ], [ 107.877262598390246, -6.962724614149579 ], [ 107.877116409994414, -6.962671455223415 ], [ 107.877016928788294, -6.962644172490513 ] ] ] ] } },
{ "type": "Feature", "properties": { "TIPE_HAK_1": "HAK MILIK" }, "geometry": { "type": "MultiPolygon", "coordinates": [ [ [ [ 107.877548128643298, -6.961982923473101 ], [ 107.877684556696977, -6.961982923473101 ], [ 107.87766801996321, -6.962389187710812 ], [ 107.877684556696977, -6.962598475239417 ], [ 107.877676288330122, -6.962984220545309 ], [ 107.877581202110832, -6.962885732190728 ], [ 107.877444774956473, -6.962857006945285 ], [ 107.877287676884862, -6.962881628584228 ], [ 107.877258737600698, -6.962721585232941 ], [ 107.877366225471008, -6.962434328281574 ], [ 107.877469580057152, -6.962196315507526 ], [ 107.877548128643298, -6.961982923473101 ] ] ] ] } },
{ "type": "Feature", "properties": { "TIPE_HAK_1": "HAK MILIK" }, "geometry": { "type": "MultiPolygon", "coordinates": [ [ [ [ 107.878113511729225, -6.962573226772975 ], [ 107.878356334976957, -6.962502335014676 ], [ 107.878365758073357, -6.962667560259661 ], [ 107.878165785722501, -6.962759719185669 ], [ 107.878113511729225, -6.962573226772975 ] ] ] ] } },
{ "type": "Feature", "properties": { "TIPE_HAK_1": "HAK MILIK" }, "geometry": { "type": "MultiPolygon", "coordinates": [ [ [ [ 107.879191449925543, -6.962711887843284 ], [ 107.879202054731081, -6.962693751215625 ], [ 107.879557583715552, -6.962813716279925 ], [ 107.879427340299571, -6.963088587768084 ], [ 107.879421474021854, -6.963061799662285 ], [ 107.879422646737794, -6.963009388072749 ], [ 107.879358112287093, -6.962988423077206 ], [ 107.879191449925543, -6.962711887843284 ] ] ] ] } },
{ "type": "Feature", "properties": { "TIPE_HAK_1": "HAK MILIK" }, "geometry": { "type": "MultiPolygon", "coordinates": [ [ [ [ 107.878952318394852, -6.963287586153115 ], [ 107.878973571173447, -6.963207541994393 ], [ 107.878973571173447, -6.963170933291906 ], [ 107.87896544489945, -6.963159763712099 ], [ 107.878968570942845, -6.963121293412939 ], [ 107.878958568683061, -6.963100565838374 ], [ 107.878959819640045, -6.963068920494266 ], [ 107.878967320885238, -6.96302300380853 ], [ 107.878958259316278, -6.962972257763454 ], [ 107.879047024200872, -6.963054162619471 ], [ 107.87904509425573, -6.963114242728068 ], [ 107.879051345443315, -6.963135339923952 ], [ 107.879085726525147, -6.963156437119835 ], [ 107.879087276956341, -6.963322085945435 ], [ 107.879002888172806, -6.963301609281814 ], [ 107.878952318394852, -6.963287586153115 ] ] ] ] } },
{ "type": "Feature", "properties": { "TIPE_HAK_1": "HAK MILIK" }, "geometry": { "type": "MultiPolygon", "coordinates": [ [ [ [ 107.871164464668368, -6.962476833838764 ], [ 107.871252718738049, -6.962392087125068 ], [ 107.871374547197661, -6.962323528208231 ], [ 107.871450331267852, -6.9622444948875 ], [ 107.871557838923195, -6.962188772893512 ], [ 107.871647016596626, -6.962179226589967 ], [ 107.871751930607161, -6.962178358744211 ], [ 107.871745810720654, -6.962252992581512 ], [ 107.87170996464323, -6.962311137349047 ], [ 107.871681987633679, -6.962380564111697 ], [ 107.87164789073762, -6.962470819172893 ], [ 107.871638270689687, -6.962565413463039 ], [ 107.87158231667064, -6.962615748517919 ], [ 107.871563082870011, -6.962694721584114 ], [ 107.871526362651593, -6.962712078499578 ], [ 107.87143258944252, -6.962677905161172 ], [ 107.871289206931408, -6.962654473325244 ], [ 107.871249864289894, -6.962649266250594 ], [ 107.871178173034309, -6.962611081036528 ], [ 107.871169430724706, -6.962568557492887 ], [ 107.871164464668368, -6.962476833838764 ] ] ] ] } },
{ "type": "Feature", "properties": { "TIPE_HAK_1": "HAK MILIK" }, "geometry": { "type": "MultiPolygon", "coordinates": [ [ [ [ 107.870755396344521, -6.962691675580345 ], [ 107.870752200153959, -6.962551017115686 ], [ 107.870843827580643, -6.962524577946851 ], [ 107.87103240911847, -6.962479101928977 ], [ 107.871120839455216, -6.962460065979201 ], [ 107.87112723273566, -6.962498138778017 ], [ 107.871125101342386, -6.962616587585387 ], [ 107.87092693123293, -6.962628220316049 ], [ 107.870849154265102, -6.962669465923057 ], [ 107.870755396344521, -6.962691675580345 ] ] ] ] } },
{ "type": "Feature", "properties": { "TIPE_HAK_1": "HAK MILIK" }, "geometry": { "type": "MultiPolygon", "coordinates": [ [ [ [ 107.870749003963397, -6.962553132321148 ], [ 107.870450682652915, -6.96257639958111 ], [ 107.870440028384678, -6.962535153974102 ], [ 107.870381429459485, -6.96254678760414 ], [ 107.870314306759894, -6.962548901910225 ], [ 107.870318568647065, -6.962608126763598 ], [ 107.870313241962606, -6.962656774690345 ], [ 107.870251446846851, -6.962657832293075 ], [ 107.870250381150242, -6.96274878432888 ], [ 107.870395279918284, -6.962745611520688 ], [ 107.870411261770357, -6.962719172351854 ], [ 107.870456009337431, -6.962715999543718 ], [ 107.870478383570628, -6.96272763227438 ], [ 107.87046986069555, -6.96273820830163 ], [ 107.870490103535531, -6.962768877881388 ], [ 107.870483711154407, -6.962775223497715 ], [ 107.870545506270162, -6.962817526707454 ], [ 107.870596647117623, -6.96279214514135 ], [ 107.870684012657136, -6.962725517968238 ], [ 107.870752200153959, -6.962695905091891 ], [ 107.870749003963397, -6.962553132321148 ] ] ] ] } },
{ "type": "Feature", "properties": { "TIPE_HAK_1": "HAK MILIK" }, "geometry": { "type": "MultiPolygon", "coordinates": [ [ [ [ 107.870543147348428, -6.962816542849112 ], [ 107.870481926000139, -6.962777221791328 ], [ 107.870490929113146, -6.962764710423016 ], [ 107.870469321102348, -6.962737899834167 ], [ 107.87047712272107, -6.962728074740824 ], [ 107.870455860049958, -6.962716115556248 ], [ 107.870411917376146, -6.962720336074597 ], [ 107.87039490759895, -6.962747070221042 ], [ 107.870251740025822, -6.962747773490889 ], [ 107.870260244914448, -6.962884257302562 ], [ 107.870277165658706, -6.963078767171339 ], [ 107.87031607572635, -6.963065893376211 ], [ 107.870377681984507, -6.963044972447449 ], [ 107.870470092720666, -6.962906574878502 ], [ 107.870505759833009, -6.962887263736206 ], [ 107.870531698978766, -6.962845422778003 ], [ 107.870543147348428, -6.962816542849112 ] ] ] ] } },
{ "type": "Feature", "properties": { "TIPE_HAK_1": "HAK MILIK" }, "geometry": { "type": "MultiPolygon", "coordinates": [ [ [ [ 107.870272302125102, -6.963075548497727 ], [ 107.870200967900416, -6.963077158284193 ], [ 107.870129633675731, -6.963069111150503 ], [ 107.87009720951869, -6.963056237355431 ], [ 107.870051815339082, -6.963073939610581 ], [ 107.869998314670568, -6.963046581334595 ], [ 107.869983723170321, -6.963053018681819 ], [ 107.869956162546941, -6.963028879978765 ], [ 107.86988969185586, -6.963007959050003 ], [ 107.869790797007738, -6.962943588275948 ], [ 107.869800524075004, -6.962892091296908 ], [ 107.869797282019022, -6.962845422778003 ], [ 107.869803767030305, -6.962763349748741 ], [ 107.869805388507928, -6.962673230485166 ], [ 107.869824842642458, -6.962625346082802 ], [ 107.870123149563767, -6.962742823622364 ], [ 107.870175028754659, -6.962728340040826 ], [ 107.870194482889133, -6.962746042295976 ], [ 107.870251226512949, -6.962746042295976 ], [ 107.870272302125102, -6.963075548497727 ] ] ] ] } },
{ "type": "Feature", "properties": { "TIPE_HAK_1": "HAK MILIK" }, "geometry": { "type": "MultiPolygon", "coordinates": [ [ [ [ 107.863922779113011, -6.965297201304736 ], [ 107.863932105082654, -6.965195020333852 ], [ 107.864092607088196, -6.965294795618263 ], [ 107.863922779113011, -6.965297201304736 ] ] ] ] } },
{ "type": "Feature", "properties": { "TIPE_HAK_1": "HAK MILIK" }, "geometry": { "type": "MultiPolygon", "coordinates": [ [ [ [ 107.868047565542781, -6.963202429348598 ], [ 107.868054130593691, -6.96309980411263 ], [ 107.868219879244066, -6.963199171104804 ], [ 107.868216529269489, -6.963204106584215 ], [ 107.86823765794162, -6.963210275034101 ], [ 107.868310159486327, -6.963253044092653 ], [ 107.868294908783071, -6.963345757900356 ], [ 107.868218039231181, -6.963303747869645 ], [ 107.868204219349309, -6.963303747869645 ], [ 107.868196446508875, -6.96329345962539 ], [ 107.868097119986146, -6.963236876080941 ], [ 107.868047565542781, -6.963202429348598 ] ] ] ] } },
{ "type": "Feature", "properties": { "TIPE_HAK_1": "HAK MILIK" }, "geometry": { "type": "MultiPolygon", "coordinates": [ [ [ [ 107.882209394847735, -6.962893036484388 ], [ 107.882436810910178, -6.962873997836709 ], [ 107.882423111537435, -6.962525871171977 ], [ 107.88240393169616, -6.962457877029351 ], [ 107.882321732761795, -6.962354526939805 ], [ 107.882239534726807, -6.962436118831761 ], [ 107.882176515633773, -6.962501393424532 ], [ 107.882151856223231, -6.962547628470247 ], [ 107.882143636419755, -6.962640100360318 ], [ 107.882181996102304, -6.962716253152507 ], [ 107.882209394847735, -6.962893036484388 ] ] ] ] } },
{ "type": "Feature", "properties": { "TIPE_HAK_1": "HAK MILIK" }, "geometry": { "type": "MultiPolygon", "coordinates": [ [ [ [ 107.884847136086535, -6.96284509002885 ], [ 107.884796216472296, -6.962888145971135 ], [ 107.884766513663749, -6.962938222021307 ], [ 107.884868030035591, -6.963080641358488 ], [ 107.884966568752191, -6.963026352883844 ], [ 107.884895375721101, -6.962915437697234 ], [ 107.884870387158685, -6.962874720891591 ], [ 107.884847136086535, -6.96284509002885 ] ] ] ] } },
{ "type": "Feature", "properties": { "TIPE_HAK_1": "HAK MILIK" }, "geometry": { "type": "MultiPolygon", "coordinates": [ [ [ [ 107.886472654389536, -6.963113663564684 ], [ 107.886288554173518, -6.963233054861519 ], [ 107.886251734130269, -6.963437726170071 ], [ 107.886387967930432, -6.963448690704467 ], [ 107.886400241877709, -6.963384122079503 ], [ 107.886494746235599, -6.963379248653382 ], [ 107.886489836836574, -6.9632269637533 ], [ 107.886472654389536, -6.963113663564684 ] ] ] ] } },
{ "type": "Feature", "properties": { "TIPE_HAK_1": "HAK MILIK" }, "geometry": { "type": "MultiPolygon", "coordinates": [ [ [ [ 107.886258280295465, -6.963245101280336 ], [ 107.886051389460135, -6.963353108059437 ], [ 107.8860605841287, -6.963561515151753 ], [ 107.886215369144054, -6.963613236961294 ], [ 107.886223032267196, -6.963386575430093 ], [ 107.886258280295465, -6.963245101280336 ] ] ] ] } },
{ "type": "Feature", "properties": { "TIPE_HAK_1": "HAK MILIK" }, "geometry": { "type": "MultiPolygon", "coordinates": [ [ [ [ 107.887901499054976, -6.963549264586845 ], [ 107.887901499054976, -6.963675548287881 ], [ 107.88819261949385, -6.963537887263612 ], [ 107.888220127057252, -6.963502619450253 ], [ 107.888283165036114, -6.963481003345578 ], [ 107.88826711843285, -6.963367233710812 ], [ 107.888249926992614, -6.963280769291998 ], [ 107.888135311995086, -6.963322863859048 ], [ 107.888019551261323, -6.963419567958624 ], [ 107.887934737098476, -6.963518547343028 ], [ 107.887901499054976, -6.963549264586845 ] ] ] ] } },
{ "type": "Feature", "properties": { "TIPE_HAK_1": "HAK MILIK" }, "geometry": { "type": "MultiPolygon", "coordinates": [ [ [ [ 107.888248937738354, -6.963279269222824 ], [ 107.88834847740037, -6.963275862590933 ], [ 107.888350536847838, -6.96344825992918 ], [ 107.888345187680329, -6.963450296893654 ], [ 107.88834354282028, -6.9634731522641 ], [ 107.888284746943555, -6.963480498825902 ], [ 107.888270464810148, -6.963375832128918 ], [ 107.888248937738354, -6.963279269222824 ] ] ] ] } },
{ "type": "Feature", "properties": { "TIPE_HAK_1": "HAK MILIK" }, "geometry": { "type": "MultiPolygon", "coordinates": [ [ [ [ 107.888348923464093, -6.963276032562817 ], [ 107.888422718233926, -6.963269322721032 ], [ 107.888471163813222, -6.963298398702079 ], [ 107.888461023957177, -6.963407436104262 ], [ 107.888435529076446, -6.963654704700787 ], [ 107.888339642460608, -6.963657545659146 ], [ 107.888343935824025, -6.963583675346285 ], [ 107.888338753031064, -6.96358612240158 ], [ 107.888344996124715, -6.963472770052249 ], [ 107.888346219202731, -6.963450642233283 ], [ 107.888351766221092, -6.963448806716997 ], [ 107.888350379466488, -6.963383651734091 ], [ 107.888348923464093, -6.963276032562817 ] ] ] ] } },
{ "type": "Feature", "properties": { "TIPE_HAK_1": "HAK MILIK" }, "geometry": { "type": "MultiPolygon", "coordinates": [ [ [ [ 107.888596773922018, -6.963496881775654 ], [ 107.888680378496758, -6.96350832834662 ], [ 107.888722901141023, -6.963518344096258 ], [ 107.888769027368767, -6.963564130380291 ], [ 107.888758216618442, -6.963619932413906 ], [ 107.888673891686835, -6.96360562420017 ], [ 107.888662359680211, -6.963658563691695 ], [ 107.888657315382886, -6.9636757335482 ], [ 107.888634972625937, -6.963671441084102 ], [ 107.888645783376262, -6.963618501592521 ], [ 107.888585963171749, -6.963608485842883 ], [ 107.888586459597491, -6.963601177951944 ], [ 107.888589295159932, -6.963595235231878 ], [ 107.888592130722316, -6.963540190427409 ], [ 107.888596773922018, -6.963496881775654 ] ] ] ] } },
{ "type": "Feature", "properties": { "TIPE_HAK_1": "HAK MILIK" }, "geometry": { "type": "MultiPolygon", "coordinates": [ [ [ [ 107.908294180432165, -6.953623230427695 ], [ 107.908331781086872, -6.953631843234916 ], [ 107.908368369105006, -6.95355212373147 ], [ 107.908221824577595, -6.953497574453479 ], [ 107.908190972435477, -6.953575092416543 ], [ 107.908178439483436, -6.953589447395018 ], [ 107.90813698253578, -6.953686106528551 ], [ 107.908226644943795, -6.953744484220522 ], [ 107.908294180432165, -6.953623230427695 ] ] ] ] } },
{ "type": "Feature", "properties": { "TIPE_HAK_1": "HAK MILIK" }, "geometry": { "type": "MultiPolygon", "coordinates": [ [ [ [ 107.907589825110392, -6.95379243067606 ], [ 107.907612421476131, -6.954101730010791 ], [ 107.907653634707515, -6.954109807721409 ], [ 107.907681381490647, -6.954109348167833 ], [ 107.90767583177427, -6.954049212301243 ], [ 107.90766040930049, -6.953788848676368 ], [ 107.907589825110392, -6.95379243067606 ] ] ] ] } },
{ "type": "Feature", "properties": { "TIPE_HAK_1": "HAK MILIK" }, "geometry": { "type": "MultiPolygon", "coordinates": [ [ [ [ 107.907336952838136, -6.953947776868347 ], [ 107.907388385065985, -6.953928867722993 ], [ 107.907397746109154, -6.954092424725559 ], [ 107.907336952838136, -6.953947776868347 ] ] ] ] } },
{ "type": "Feature", "properties": { "TIPE_HAK_1": "HAK MILIK" }, "geometry": { "type": "MultiPolygon", "coordinates": [ [ [ [ 107.907336315218856, -6.953947346992436 ], [ 107.907390017335501, -6.953927494458242 ], [ 107.907406313050956, -6.953908745392255 ], [ 107.907445571156245, -6.953823085866645 ], [ 107.907497051048153, -6.953772352412102 ], [ 107.907512023860875, -6.953787714631289 ], [ 107.907592391775495, -6.953793597096762 ], [ 107.907612344134407, -6.954101300134823 ], [ 107.907575966557658, -6.954105127649484 ], [ 107.907549479724764, -6.954108455141068 ], [ 107.907507145038778, -6.954101005157213 ], [ 107.90745771650046, -6.954092571315073 ], [ 107.907396128228811, -6.954095686566632 ], [ 107.907336315218856, -6.953947346992436 ] ] ] ] } },
{ "type": "Feature", "properties": { "TIPE_HAK_1": "HAK MILIK" }, "geometry": { "type": "MultiPolygon", "coordinates": [ [ [ [ 107.907418205685701, -6.953720743917131 ], [ 107.907528138812609, -6.953659976726499 ], [ 107.907521935289139, -6.953858145037316 ], [ 107.907417606737226, -6.953878686452185 ], [ 107.907418205685701, -6.953720743917131 ] ] ] ] } },
{ "type": "Feature", "properties": { "TIPE_HAK_1": "HAK MILIK" }, "geometry": { "type": "MultiPolygon", "coordinates": [ [ [ [ 107.917136144817277, -6.953689889077054 ], [ 107.916945631535725, -6.953973556834114 ], [ 107.916829206202976, -6.954383299649521 ], [ 107.917178481301903, -6.954561905007836 ], [ 107.917331950609082, -6.953752926156596 ], [ 107.917136144817277, -6.953689889077054 ] ] ] ] } },
{ "type": "Feature", "properties": { "TIPE_HAK_1": "HAK MILIK" }, "geometry": { "type": "MultiPolygon", "coordinates": [ [ [ [ 107.917169021333336, -6.954550967453144 ], [ 107.917376691880861, -6.954609864953284 ], [ 107.917478407902252, -6.953823157812451 ], [ 107.917334310430135, -6.95375163832739 ], [ 107.917169021333336, -6.954550967453144 ] ] ] ] } },
{ "type": "Feature", "properties": { "TIPE_HAK_1": "HAK MILIK" }, "geometry": { "type": "MultiPolygon", "coordinates": [ [ [ [ 107.917373654870346, -6.954603192882985 ], [ 107.917654920538212, -6.954685309079707 ], [ 107.917762463267138, -6.954648356836174 ], [ 107.917849324286919, -6.954007847983746 ], [ 107.917807961768062, -6.953958578625475 ], [ 107.917468788753638, -6.953810768751907 ], [ 107.917373654870346, -6.954603192882985 ] ] ] ] } },
{ "type": "Feature", "properties": { "TIPE_HAK_1": "HAK MILIK" }, "geometry": { "type": "MultiPolygon", "coordinates": [ [ [ [ 107.907396725378646, -6.954098748758213 ], [ 107.907399717423061, -6.954140925163529 ], [ 107.907688603046665, -6.954190326722141 ], [ 107.907680224962462, -6.954113101938049 ], [ 107.907659278852691, -6.954115477946914 ], [ 107.907610206445952, -6.954103597003325 ], [ 107.907549165861383, -6.954110725029864 ], [ 107.90745735137574, -6.954095474326607 ], [ 107.907396725378646, -6.954098748758213 ] ] ] ] } },
{ "type": "Feature", "properties": { "TIPE_HAK_1": "HAK MILIK" }, "geometry": { "type": "MultiPolygon", "coordinates": [ [ [ [ 107.906458267535072, -6.953612362120793 ], [ 107.906459249594775, -6.953707905195643 ], [ 107.906581527715389, -6.953725453666721 ], [ 107.906599206588169, -6.953642584737452 ], [ 107.906458267535072, -6.953612362120793 ] ] ] ] } },
{ "type": "Feature", "properties": { "TIPE_HAK_1": "HAK MILIK" }, "geometry": { "type": "MultiPolygon", "coordinates": [ [ [ [ 107.904444428267823, -6.953087593317719 ], [ 107.904429235121142, -6.953220335050389 ], [ 107.904431075134084, -6.953236161319751 ], [ 107.90450281765095, -6.953223987197191 ], [ 107.904513242592145, -6.953091904667644 ], [ 107.904444428267823, -6.953087593317719 ] ] ] ] } },
{ "type": "Feature", "properties": { "TIPE_HAK_1": "HAK MILIK" }, "geometry": { "type": "MultiPolygon", "coordinates": [ [ [ [ 107.90451061747109, -6.95309203416997 ], [ 107.904577540521132, -6.953096529880895 ], [ 107.904565967145743, -6.953215404966897 ], [ 107.904501057677749, -6.953223895466351 ], [ 107.90451061747109, -6.95309203416997 ] ] ] ] } },
{ "type": "Feature", "properties": { "TIPE_HAK_1": "HAK MILIK" }, "geometry": { "type": "MultiPolygon", "coordinates": [ [ [ [ 107.901395013369211, -6.952717345129315 ], [ 107.901478183571385, -6.952703168216601 ], [ 107.9015991019171, -6.952740522457077 ], [ 107.901593221250209, -6.952890629199146 ], [ 107.901477286947284, -6.952878954200344 ], [ 107.901404197245995, -6.95286394361608 ], [ 107.901395013369211, -6.952717345129315 ] ] ] ] } },
{ "type": "Feature", "properties": { "TIPE_HAK_1": "HAK MILIK" }, "geometry": { "type": "MultiPolygon", "coordinates": [ [ [ [ 107.901597180065892, -6.95273972745639 ], [ 107.901684956595545, -6.952764882393353 ], [ 107.901673614345896, -6.952898398442301 ], [ 107.901592080909893, -6.952889648938083 ], [ 107.901597180065892, -6.95273972745639 ] ] ] ] } },
{ "type": "Feature", "properties": { "TIPE_HAK_1": "HAK MILIK" }, "geometry": { "type": "MultiPolygon", "coordinates": [ [ [ [ 107.901190232343424, -6.952883980511217 ], [ 107.901353220974443, -6.952785390533279 ], [ 107.901367482423439, -6.952907237878662 ], [ 107.901214681312581, -6.952953246295237 ], [ 107.901190232343424, -6.952883980511217 ] ] ] ] } },
{ "type": "Feature", "properties": { "TIPE_HAK_1": "HAK MILIK" }, "geometry": { "type": "MultiPolygon", "coordinates": [ [ [ [ 107.900974812337779, -6.953195829423919 ], [ 107.900849018767246, -6.953282238084796 ], [ 107.900925082526612, -6.953394205478162 ], [ 107.901036283697579, -6.953280325226785 ], [ 107.900974812337779, -6.953195829423919 ] ] ] ] } },
{ "type": "Feature", "properties": { "TIPE_HAK_1": "HAK MILIK" }, "geometry": { "type": "MultiPolygon", "coordinates": [ [ [ [ 107.900848427013329, -6.953281425996977 ], [ 107.900785027507084, -6.953334370884477 ], [ 107.900770938727874, -6.953352351929425 ], [ 107.900839369941025, -6.953449250282631 ], [ 107.900922897174041, -6.9533868157489 ], [ 107.900848427013329, -6.953281425996977 ] ] ] ] } },
{ "type": "Feature", "properties": { "TIPE_HAK_1": "HAK MILIK" }, "geometry": { "type": "MultiPolygon", "coordinates": [ [ [ [ 107.899702955127339, -6.953671970984601 ], [ 107.899655046443286, -6.953669035597443 ], [ 107.899624882282524, -6.953679016273554 ], [ 107.899594126367901, -6.95370250116946 ], [ 107.899539711988155, -6.953787044636329 ], [ 107.899503041232435, -6.953865130071677 ], [ 107.899464596114285, -6.954000753232151 ], [ 107.899734594176266, -6.954238413471955 ], [ 107.899757660887417, -6.954226083766684 ], [ 107.899699106928324, -6.953794091723921 ], [ 107.899702955127339, -6.953671970984601 ] ] ] ] } },
{ "type": "Feature", "properties": { "TIPE_HAK_1": "HAK MILIK" }, "geometry": { "type": "MultiPolygon", "coordinates": [ [ [ [ 107.899111161650865, -6.954164288650929 ], [ 107.899094992739776, -6.954153878098964 ], [ 107.899062655816977, -6.954145202339191 ], [ 107.898966954461457, -6.954162553858737 ], [ 107.898993610366858, -6.954225451543323 ], [ 107.899075328163917, -6.954188146765489 ], [ 107.899111161650865, -6.954164288650929 ] ] ] ] } },
{ "type": "Feature", "properties": { "TIPE_HAK_1": "HAK MILIK" }, "geometry": { "type": "MultiPolygon", "coordinates": [ [ [ [ 107.898867509228239, -6.954180507024716 ], [ 107.898906252921279, -6.954292998722849 ], [ 107.898975591550368, -6.954266402172664 ], [ 107.898965260138709, -6.95423691700006 ], [ 107.898994640090621, -6.954224098063605 ], [ 107.89896827826351, -6.954162619509248 ], [ 107.898923400294734, -6.954175759503642 ], [ 107.898867509228239, -6.954180507024716 ] ] ] ] } },
{ "type": "Feature", "properties": { "TIPE_HAK_1": "HAK MILIK" }, "geometry": { "type": "MultiPolygon", "coordinates": [ [ [ [ 107.898486264129872, -6.954589192237393 ], [ 107.898577509344648, -6.954664349480083 ], [ 107.898497977799479, -6.954784436852208 ], [ 107.89842274861104, -6.954656284359999 ], [ 107.898486264129872, -6.954589192237393 ] ] ] ] } },
{ "type": "Feature", "properties": { "TIPE_HAK_1": "HAK MILIK" }, "geometry": { "type": "MultiPolygon", "coordinates": [ [ [ [ 107.898425351249045, -6.954657004716921 ], [ 107.898413723914302, -6.954654696157263 ], [ 107.898353469337223, -6.954731274328822 ], [ 107.898447835199477, -6.954908646716603 ], [ 107.898497618969998, -6.954784113995629 ], [ 107.898425351249045, -6.954657004716921 ] ] ] ] } },
{ "type": "Feature", "properties": { "TIPE_HAK_1": "HAK MILIK" }, "geometry": { "type": "MultiPolygon", "coordinates": [ [ [ [ 107.898353441458198, -6.954729814729092 ], [ 107.898195554681138, -6.954906820193571 ], [ 107.898225633406298, -6.954948093679548 ], [ 107.898261590999709, -6.955049905029057 ], [ 107.898332336168437, -6.955048441832105 ], [ 107.898375570176484, -6.955030885267092 ], [ 107.898414079146505, -6.954980820908133 ], [ 107.898449452180557, -6.954907669153556 ], [ 107.898353441458198, -6.954729814729092 ] ] ] ] } },
{ "type": "Feature", "properties": { "TIPE_HAK_1": "HAK MILIK" }, "geometry": { "type": "MultiPolygon", "coordinates": [ [ [ [ 107.897811646690229, -6.954815237732987 ], [ 107.897755469639264, -6.954973308871047 ], [ 107.897971596512036, -6.955129773819976 ], [ 107.897996810804216, -6.95507840004808 ], [ 107.898032197328121, -6.955034491548474 ], [ 107.898079601492498, -6.955010909525811 ], [ 107.898144931843206, -6.955001111412116 ], [ 107.898246227881145, -6.955045020811042 ], [ 107.89822145695473, -6.95497564441041 ], [ 107.898144077487245, -6.954914716241092 ], [ 107.898053397946001, -6.954864221106845 ], [ 107.897811646690229, -6.954815237732987 ] ] ] ] } },
{ "type": "Feature", "properties": { "TIPE_HAK_1": "HAK MILIK" }, "geometry": { "type": "MultiPolygon", "coordinates": [ [ [ [ 107.897730341682006, -6.954969662120163 ], [ 107.897940708397016, -6.955174332529396 ], [ 107.897790445172973, -6.955239635900455 ], [ 107.89773633746205, -6.955248341337835 ], [ 107.897654850790786, -6.95525205194059 ], [ 107.897578598173823, -6.955278024361292 ], [ 107.897381984790854, -6.955409372144743 ], [ 107.897293023854047, -6.955452411899216 ], [ 107.896967346066219, -6.955532285186791 ], [ 107.896784235104406, -6.955479946442324 ], [ 107.896677330894192, -6.955490335410616 ], [ 107.896502398367033, -6.955543765032701 ], [ 107.896495669639478, -6.955525954858899 ], [ 107.896453805298961, -6.955201288808382 ], [ 107.896614534832963, -6.955204998511817 ], [ 107.896768112058794, -6.95540466239521 ], [ 107.897023738055111, -6.955436723226171 ], [ 107.897072555953741, -6.955291529480462 ], [ 107.897026205794816, -6.954991730583856 ], [ 107.897057449142039, -6.954930305988796 ], [ 107.897118003193327, -6.954927337326694 ], [ 107.89718656660682, -6.955265830453641 ], [ 107.897527519379594, -6.955107710752202 ], [ 107.897730341682006, -6.954969662120163 ] ] ] ] } },
{ "type": "Feature", "properties": { "TIPE_HAK_1": "HAK MILIK" }, "geometry": { "type": "MultiPolygon", "coordinates": [ [ [ [ 107.895817552038466, -6.956860200737651 ], [ 107.895750218897547, -6.956884910510155 ], [ 107.895860809428882, -6.957012106123727 ], [ 107.895927735176883, -6.957043297310292 ], [ 107.895929775738637, -6.956971193265929 ], [ 107.89585749992375, -6.956911623972246 ], [ 107.895817552038466, -6.956860200737651 ] ] ] ] } },
{ "type": "Feature", "properties": { "TIPE_HAK_1": "HAK MILIK" }, "geometry": { "type": "MultiPolygon", "coordinates": [ [ [ [ 107.895593310582854, -6.957407189090475 ], [ 107.895567850775763, -6.957373287347309 ], [ 107.895473464229042, -6.95740287414327 ], [ 107.895419440155081, -6.957350480540185 ], [ 107.895390759875738, -6.957279868471119 ], [ 107.895373373282609, -6.957210215978648 ], [ 107.895300099220265, -6.957231172880256 ], [ 107.895309413498694, -6.957278599527683 ], [ 107.895267809062204, -6.95729339337538 ], [ 107.895284575123128, -6.957369825856745 ], [ 107.895450677207066, -6.957548022023559 ], [ 107.895593310582854, -6.957407189090475 ] ] ] ] } },
{ "type": "Feature", "properties": { "TIPE_HAK_1": "HAK MILIK" }, "geometry": { "type": "MultiPolygon", "coordinates": [ [ [ [ 107.891750824041367, -6.960680438051725 ], [ 107.891681327131607, -6.960773769693674 ], [ 107.891812144315054, -6.960859662143662 ], [ 107.891885046957384, -6.960769035662395 ], [ 107.891750824041367, -6.960680438051725 ] ] ] ] } },
{ "type": "Feature", "properties": { "TIPE_HAK_1": "HAK MILIK" }, "geometry": { "type": "MultiPolygon", "coordinates": [ [ [ [ 107.89157254423759, -6.960714562826752 ], [ 107.891559853904198, -6.96075235413781 ], [ 107.891555774579388, -6.960778447966959 ], [ 107.891538551662904, -6.960818489381722 ], [ 107.891542630088395, -6.960834686171779 ], [ 107.891597472545357, -6.960864379087752 ], [ 107.891611975912042, -6.960864829648131 ], [ 107.89174474912096, -6.960946459311629 ], [ 107.891813641686269, -6.960859627969398 ], [ 107.891681808268913, -6.960774099744867 ], [ 107.89157254423759, -6.960714562826752 ] ] ] ] } },
{ "type": "Feature", "properties": { "TIPE_HAK_1": "HAK MILIK" }, "geometry": { "type": "MultiPolygon", "coordinates": [ [ [ [ 107.891491100733788, -6.960829753390385 ], [ 107.891467843366343, -6.960888403576917 ], [ 107.891659751496377, -6.961032879663605 ], [ 107.891705636705808, -6.960946776772289 ], [ 107.891581180427181, -6.96086379272981 ], [ 107.891491100733788, -6.960829753390385 ] ] ] ] } },
{ "type": "Feature", "properties": { "TIPE_HAK_1": "HAK MILIK" }, "geometry": { "type": "MultiPolygon", "coordinates": [ [ [ [ 107.890833306911645, -6.961899842303808 ], [ 107.890762959243261, -6.962047715129927 ], [ 107.890896067899291, -6.962112067018211 ], [ 107.890978829809228, -6.961949817629943 ], [ 107.890903654580029, -6.961951187297416 ], [ 107.890833306911645, -6.961899842303808 ] ] ] ] } },
{ "type": "Feature", "properties": { "TIPE_HAK_1": "HAK MILIK" }, "geometry": { "type": "MultiPolygon", "coordinates": [ [ [ [ 107.890739638023945, -6.962048913026877 ], [ 107.890689781408355, -6.962163188080638 ], [ 107.890815504831721, -6.962239075572825 ], [ 107.890880771330615, -6.962104106219499 ], [ 107.890739638023945, -6.962048913026877 ] ] ] ] } },
{ "type": "Feature", "properties": { "TIPE_HAK_1": "HAK MILIK" }, "geometry": { "type": "MultiPolygon", "coordinates": [ [ [ [ 107.89070490260923, -6.962168285437997 ], [ 107.890651035916619, -6.962280896745938 ], [ 107.890733581989252, -6.962351396399754 ], [ 107.890727461203426, -6.96235990308702 ], [ 107.890758066931312, -6.962382992281221 ], [ 107.890828752744824, -6.962242622498991 ], [ 107.89070490260923, -6.962168285437997 ] ] ] ] } },
{ "type": "Feature", "properties": { "TIPE_HAK_1": "HAK MILIK" }, "geometry": { "type": "MultiPolygon", "coordinates": [ [ [ [ 107.888469322901017, -6.9633229268116 ], [ 107.888599017730542, -6.963467776116943 ], [ 107.888590177394804, -6.963600829914299 ], [ 107.888520999744401, -6.96359750781869 ], [ 107.888515420350416, -6.963661375871766 ], [ 107.88843434107207, -6.963657315432727 ], [ 107.888469322901017, -6.9633229268116 ] ] ] ] } },
{ "type": "Feature", "properties": { "TIPE_HAK_1": "HAK MILIK" }, "geometry": { "type": "MultiPolygon", "coordinates": [ [ [ [ 107.890636071197775, -6.962277804876749 ], [ 107.890721084110794, -6.962349245221446 ], [ 107.890639892417141, -6.962473397529209 ], [ 107.890693339126358, -6.962513187133823 ], [ 107.89062780373024, -6.96260350244961 ], [ 107.890553360549234, -6.962442450958292 ], [ 107.890524092113196, -6.962414029683657 ], [ 107.890636071197775, -6.962277804876749 ] ] ] ] } },
{ "type": "Feature", "properties": { "TIPE_HAK_1": "HAK MILIK" }, "geometry": { "type": "MultiPolygon", "coordinates": [ [ [ [ 107.890714424631028, -6.96235663045411 ], [ 107.890897422278272, -6.962505126510337 ], [ 107.890903618607183, -6.962549696011592 ], [ 107.890860547376406, -6.962624940488581 ], [ 107.890871229523668, -6.962653720592698 ], [ 107.89084549632264, -6.962708523479535 ], [ 107.89081406052054, -6.962698222644804 ], [ 107.890778352039376, -6.962674592958024 ], [ 107.890722695695899, -6.962661472748721 ], [ 107.890654635902763, -6.962634510174439 ], [ 107.890628084318678, -6.96260300422523 ], [ 107.890693484816552, -6.962512779740962 ], [ 107.890639159469686, -6.962472791386176 ], [ 107.890714424631028, -6.96235663045411 ] ] ] ] } },
{ "type": "Feature", "properties": { "TIPE_HAK_1": "HAK MILIK" }, "geometry": { "type": "MultiPolygon", "coordinates": [ [ [ [ 107.890843523210094, -6.962709798718208 ], [ 107.890880005108215, -6.962721769593941 ], [ 107.89095510479433, -6.962784966752793 ], [ 107.891013435721561, -6.962693649592211 ], [ 107.891088522817142, -6.962749955246181 ], [ 107.891138623149004, -6.962682001573057 ], [ 107.891004751867854, -6.96258025227678 ], [ 107.891296859762349, -6.962143642215267 ], [ 107.891112233442868, -6.961969085604778 ], [ 107.891045111642654, -6.961945888491925 ], [ 107.890974150636623, -6.961949628772288 ], [ 107.890756869933682, -6.962383478814445 ], [ 107.890903188731215, -6.962507525002252 ], [ 107.890907711421789, -6.96255362604893 ], [ 107.890861240753736, -6.962629674519803 ], [ 107.890870660252801, -6.962659594964293 ], [ 107.890843523210094, -6.962709798718208 ] ] ] ] } },
{ "type": "Feature", "properties": { "TIPE_HAK_1": "HAK MILIK" }, "geometry": { "type": "MultiPolygon", "coordinates": [ [ [ [ 107.890956941209936, -6.962780674288638 ], [ 107.891041322798856, -6.962841787718276 ], [ 107.891106554224166, -6.962751945445859 ], [ 107.89101323427343, -6.962686758986706 ], [ 107.890956941209936, -6.962780674288638 ] ] ] ] } },
{ "type": "Feature", "properties": { "TIPE_HAK_1": "HAK MILIK" }, "geometry": { "type": "MultiPolygon", "coordinates": [ [ [ [ 107.89104052240225, -6.962841089844346 ], [ 107.891101483846455, -6.962889967997569 ], [ 107.891186511148646, -6.962778869349279 ], [ 107.891133294665849, -6.962713060559224 ], [ 107.89104052240225, -6.962841089844346 ] ] ] ] } },
{ "type": "Feature", "properties": { "TIPE_HAK_1": "HAK MILIK" }, "geometry": { "type": "MultiPolygon", "coordinates": [ [ [ [ 107.890919706579268, -6.962837265027702 ], [ 107.891053583256337, -6.96295046719024 ], [ 107.890878101243459, -6.96315570237374 ], [ 107.890754761023459, -6.963057881316104 ], [ 107.890919706579268, -6.962837265027702 ] ] ] ] } },
{ "type": "Feature", "properties": { "TIPE_HAK_1": "HAK MILIK" }, "geometry": { "type": "MultiPolygon", "coordinates": [ [ [ [ 107.890480200700779, -6.9629711183224 ], [ 107.890429141691584, -6.963031137277142 ], [ 107.890368676673177, -6.963133168960553 ], [ 107.890429813485184, -6.963189185932151 ], [ 107.89054200840701, -6.963057812068314 ], [ 107.890480200700779, -6.9629711183224 ] ] ] ] } },
{ "type": "Feature", "properties": { "TIPE_HAK_1": "HAK MILIK" }, "geometry": { "type": "MultiPolygon", "coordinates": [ [ [ [ 107.890959436828609, -6.963024720614328 ], [ 107.890958501533703, -6.963114786817926 ], [ 107.890893958089748, -6.963182568720526 ], [ 107.890865894745332, -6.963168176869829 ], [ 107.890844921655855, -6.963217539757579 ], [ 107.890805416237015, -6.963244895335606 ], [ 107.890793724151081, -6.963258358186636 ], [ 107.89074321103044, -6.963256037036444 ], [ 107.890668137424655, -6.963216031594527 ], [ 107.890610141944535, -6.963194211343705 ], [ 107.890552829049909, -6.963181246717113 ], [ 107.890498313046749, -6.963175610665871 ], [ 107.890468847659236, -6.963176074716046 ], [ 107.890468847659236, -6.963186288316479 ], [ 107.89046276734291, -6.963194180766777 ], [ 107.89044826847288, -6.963183039065939 ], [ 107.890439382271722, -6.963176074716046 ], [ 107.890410783830646, -6.96314484036202 ], [ 107.890521163920653, -6.963017633956611 ], [ 107.890584032826894, -6.963062202558547 ], [ 107.890607811801146, -6.963093858694549 ], [ 107.890688257956811, -6.963090144494515 ], [ 107.890742979904644, -6.963069253243418 ], [ 107.890819691175864, -6.963061798762965 ], [ 107.890959436828609, -6.963024720614328 ] ] ] ] } },
{ "type": "Feature", "properties": { "TIPE_HAK_1": "HAK MILIK" }, "geometry": { "type": "MultiPolygon", "coordinates": [ [ [ [ 107.889439560987, -6.963550328484814 ], [ 107.889416075191775, -6.963714223632451 ], [ 107.889418921546053, -6.963856219388958 ], [ 107.889474202872236, -6.963858556726962 ], [ 107.889566723325686, -6.963649449062757 ], [ 107.889601783395619, -6.963596613892548 ], [ 107.889439560987, -6.963550328484814 ] ] ] ] } },
{ "type": "Feature", "properties": { "TIPE_HAK_1": "HAK MILIK" }, "geometry": { "type": "MultiPolygon", "coordinates": [ [ [ [ 107.887537271827682, -6.963155850761837 ], [ 107.887413248122982, -6.963353858094024 ], [ 107.88763874503212, -6.963457165915429 ], [ 107.887751493936378, -6.96329703892718 ], [ 107.887537271827682, -6.963155850761837 ] ] ] ] } },
{ "type": "Feature", "properties": { "TIPE_HAK_1": "HAK MILIK" }, "geometry": { "type": "MultiPolygon", "coordinates": [ [ [ [ 107.868353531989953, -6.96393499820158 ], [ 107.868251481420771, -6.963992883065032 ], [ 107.868294407860674, -6.964098200871206 ], [ 107.868350292631987, -6.964172967808167 ], [ 107.868430475286289, -6.964119102914196 ], [ 107.868353531989953, -6.96393499820158 ] ] ] ] } },
{ "type": "Feature", "properties": { "TIPE_HAK_1": "HAK MILIK" }, "geometry": { "type": "MultiPolygon", "coordinates": [ [ [ [ 107.868430178509982, -6.964117577664013 ], [ 107.86849144932097, -6.964196813332251 ], [ 107.868465128862681, -6.964303889312987 ], [ 107.868399111429937, -6.964234504818478 ], [ 107.868350353785843, -6.96417240033594 ], [ 107.868430178509982, -6.964117577664013 ] ] ] ] } },
{ "type": "Feature", "properties": { "TIPE_HAK_1": "HAK MILIK" }, "geometry": { "type": "MultiPolygon", "coordinates": [ [ [ [ 107.868255022951018, -6.963997299635651 ], [ 107.868177933964546, -6.964138167642261 ], [ 107.86834350275052, -6.964295093044086 ], [ 107.868400151945536, -6.964235962619512 ], [ 107.868295243330863, -6.9640971261814 ], [ 107.868255022951018, -6.963997299635651 ] ] ] ] } },
{ "type": "Feature", "properties": { "TIPE_HAK_1": "HAK MILIK" }, "geometry": { "type": "MultiPolygon", "coordinates": [ [ [ [ 107.86807787719232, -6.964454429528246 ], [ 107.868145038562716, -6.964430661345887 ], [ 107.868166646573513, -6.96445558875439 ], [ 107.868229135965919, -6.964615586240257 ], [ 107.868153215198788, -6.964639354422616 ], [ 107.86807787719232, -6.964454429528246 ] ] ] ] } },
{ "type": "Feature", "properties": { "TIPE_HAK_1": "HAK MILIK" }, "geometry": { "type": "MultiPolygon", "coordinates": [ [ [ [ 107.86807850581846, -6.964453270302158 ], [ 107.86792257866415, -6.964650238917329 ], [ 107.867929287606614, -6.964658325621201 ], [ 107.86815551026865, -6.964640724989408 ], [ 107.86807850581846, -6.964453270302158 ] ] ] ] } },
{ "type": "Feature", "properties": { "TIPE_HAK_1": "HAK MILIK" }, "geometry": { "type": "MultiPolygon", "coordinates": [ [ [ [ 107.866860665487366, -6.965259588059496 ], [ 107.866904349156471, -6.965254836041822 ], [ 107.866943244834943, -6.965244738453862 ], [ 107.867005478819863, -6.965223948826122 ], [ 107.867088058167383, -6.965187716040191 ], [ 107.867086861169753, -6.965197220075595 ], [ 107.867027871938774, -6.965278151865164 ], [ 107.866981795173785, -6.965355963007255 ], [ 107.866848351969907, -6.965497925488819 ], [ 107.866831596700877, -6.965459910246636 ], [ 107.86682680960962, -6.965431399039801 ], [ 107.866848950918438, -6.965355963007255 ], [ 107.866860665487366, -6.965259588059496 ] ] ] ] } },
{ "type": "Feature", "properties": { "TIPE_HAK_1": "HAK MILIK" }, "geometry": { "type": "MultiPolygon", "coordinates": [ [ [ [ 107.864620473156378, -6.966022395716948 ], [ 107.864866278555951, -6.966005755561127 ], [ 107.864882525708083, -6.965524415019672 ], [ 107.864790558337631, -6.965594914673545 ], [ 107.86476233131657, -6.965593107036227 ], [ 107.864685843976588, -6.965628356863135 ], [ 107.864627567907974, -6.965675356332554 ], [ 107.864620473156378, -6.966022395716948 ] ] ] ] } },
{ "type": "Feature", "properties": { "TIPE_HAK_1": "HAK MILIK" }, "geometry": { "type": "MultiPolygon", "coordinates": [ [ [ [ 107.862263359066844, -6.965629375795004 ], [ 107.862141682592664, -6.965878220003788 ], [ 107.862168955432992, -6.965891754800623 ], [ 107.862214059131588, -6.965950061446108 ], [ 107.862424196519498, -6.965830707021439 ], [ 107.862542725366552, -6.96575782326488 ], [ 107.862623493479475, -6.965705764209588 ], [ 107.862675939243275, -6.965669322780968 ], [ 107.862668597178072, -6.965597480439328 ], [ 107.862350771371041, -6.965628716591937 ], [ 107.862263359066844, -6.965629375795004 ] ] ] ] } },
{ "type": "Feature", "properties": { "TIPE_HAK_1": "HAK MILIK" }, "geometry": { "type": "MultiPolygon", "coordinates": [ [ [ [ 107.855598758575923, -6.967390523553775 ], [ 107.855585083484868, -6.967594293741627 ], [ 107.855170153379959, -6.967508709759102 ], [ 107.855178758093246, -6.967451773680352 ], [ 107.855370786732465, -6.967430838362475 ], [ 107.855379391445808, -6.967390034322591 ], [ 107.855498889762032, -6.967396677614545 ], [ 107.855598758575923, -6.967390523553775 ] ] ] ] } },
{ "type": "Feature", "properties": { "TIPE_HAK_1": "HAK MILIK" }, "geometry": { "type": "MultiPolygon", "coordinates": [ [ [ [ 107.854533074541791, -6.967537479071382 ], [ 107.85458967337479, -6.967587979601547 ], [ 107.854655812216038, -6.967669410514816 ], [ 107.854594363339231, -6.967711792864918 ], [ 107.854584188409603, -6.967723786223701 ], [ 107.854465902379559, -6.967716842558218 ], [ 107.854394040252828, -6.967715579910021 ], [ 107.854353340534317, -6.967708004920439 ], [ 107.854335533957794, -6.96770737359634 ], [ 107.854329173952294, -6.967687173923878 ], [ 107.854335533957794, -6.967672023944715 ], [ 107.854347616349457, -6.967656242641453 ], [ 107.854363515463945, -6.967623418286053 ], [ 107.854381322040467, -6.967607636982791 ], [ 107.854409092205913, -6.96758752184661 ], [ 107.854435755305929, -6.967574289222 ], [ 107.854480319411266, -6.967562190642525 ], [ 107.854500887805784, -6.967557653562835 ], [ 107.854533074541791, -6.967537479071382 ] ] ] ] } },
{ "type": "Feature", "properties": { "TIPE_HAK_1": "HAK MILIK" }, "geometry": { "type": "MultiPolygon", "coordinates": [ [ [ [ 107.848646172682777, -6.968383257281459 ], [ 107.848578235197465, -6.968475364946073 ], [ 107.848555036285973, -6.968491813546336 ], [ 107.848581557293073, -6.968516484647978 ], [ 107.848608354392127, -6.96852436630644 ], [ 107.848627211376765, -6.968548009483015 ], [ 107.848632173835824, -6.968572638316573 ], [ 107.848654008475762, -6.968584459904832 ], [ 107.848672865460458, -6.968617954255137 ], [ 107.848678819871679, -6.968646523018549 ], [ 107.848738368481008, -6.968660315021452 ], [ 107.848885072188409, -6.968831384960424 ], [ 107.848989469088792, -6.968938027467971 ], [ 107.849043380747503, -6.968965605178482 ], [ 107.849094709553242, -6.968949591850162 ], [ 107.849194282490203, -6.968873527191477 ], [ 107.849251477573716, -6.968858242313956 ], [ 107.848735841386031, -6.968432150723118 ], [ 107.848646172682777, -6.968383257281459 ] ] ] ] } },
{ "type": "Feature", "properties": { "TIPE_HAK_1": "HAK MILIK" }, "geometry": { "type": "MultiPolygon", "coordinates": [ [ [ [ 107.846905508782243, -6.969332609512264 ], [ 107.846899948274029, -6.969361128812977 ], [ 107.847103348840562, -6.96942242930163 ], [ 107.847206595508055, -6.969427328808138 ], [ 107.84740080590251, -6.969430389201079 ], [ 107.847402038873042, -6.969355726585491 ], [ 107.847244821191623, -6.969289632710343 ], [ 107.847212761259982, -6.96926025725503 ], [ 107.847160355066421, -6.969284124362787 ], [ 107.847120279477394, -6.969292692203908 ], [ 107.847029648499529, -6.969323291636556 ], [ 107.846905508782243, -6.969332609512264 ] ] ] ] } },
{ "type": "Feature", "properties": { "TIPE_HAK_1": "HAK MILIK" }, "geometry": { "type": "MultiPolygon", "coordinates": [ [ [ [ 107.844817104925539, -6.969548751673528 ], [ 107.844846189000464, -6.969570169927351 ], [ 107.844849002979174, -6.969591588181231 ], [ 107.845062905828513, -6.969588794886931 ], [ 107.845075101534746, -6.969594382374794 ], [ 107.845136082764043, -6.969591588181231 ], [ 107.845230038535533, -6.969566172440864 ], [ 107.845293833743483, -6.969439524514371 ], [ 107.84520844851113, -6.969406354819398 ], [ 107.845203437488692, -6.969399120672847 ], [ 107.845174740122218, -6.969393695062934 ], [ 107.845211181550837, -6.969370634647021 ], [ 107.845214825603762, -6.969320300491404 ], [ 107.845232135754543, -6.969272372022317 ], [ 107.845229857771756, -6.969262876980167 ], [ 107.845242230644487, -6.969193868402272 ], [ 107.845271839923555, -6.969116097729682 ], [ 107.845272294980475, -6.969055369209855 ], [ 107.845331884059249, -6.96877518362777 ], [ 107.845267199421755, -6.968751671752216 ], [ 107.845236224072551, -6.968764783867641 ], [ 107.845208567221675, -6.96887358564743 ], [ 107.845189408964131, -6.968914888811014 ], [ 107.845181625331804, -6.968940740722587 ], [ 107.845166522117381, -6.969003996337335 ], [ 107.845160834804744, -6.969011127961153 ], [ 107.845106281929418, -6.969182605292929 ], [ 107.845093269638767, -6.969211079627598 ], [ 107.84508262346435, -6.969213721835729 ], [ 107.845071269523544, -6.96926650394596 ], [ 107.845050568029365, -6.969278539572883 ], [ 107.845016854244477, -6.969261513607933 ], [ 107.844988283682426, -6.969265916688641 ], [ 107.844931797264678, -6.96923685509671 ], [ 107.84490337688942, -6.969310899878053 ], [ 107.844902785135503, -6.969320000117875 ], [ 107.844885041511532, -6.969353757969486 ], [ 107.844817104925539, -6.969548751673528 ] ] ] ] } },
{ "type": "Feature", "properties": { "TIPE_HAK_1": "HAK MILIK" }, "geometry": { "type": "MultiPolygon", "coordinates": [ [ [ [ 107.844427721861962, -6.969383736869929 ], [ 107.84443014553483, -6.96935726802343 ], [ 107.844417722300079, -6.969332904489931 ], [ 107.844404995094521, -6.969324181965362 ], [ 107.844362874447143, -6.96931997044021 ], [ 107.844353481028406, -6.969312451208623 ], [ 107.844389108570567, -6.969258734702805 ], [ 107.8444254717582, -6.969230461816323 ], [ 107.844456985801287, -6.969226250291172 ], [ 107.84443124810366, -6.969171271137213 ], [ 107.844333788573522, -6.968960676893687 ], [ 107.844307874608774, -6.968952324889813 ], [ 107.844245274599814, -6.96895199124134 ], [ 107.844222508262192, -6.968956491448864 ], [ 107.84418582401662, -6.968971190867705 ], [ 107.84420366117007, -6.969033327725867 ], [ 107.844214357706505, -6.969060382030932 ], [ 107.84424224298516, -6.96910058892098 ], [ 107.844261090077282, -6.969132325096666 ], [ 107.844293062774682, -6.969152703734267 ], [ 107.844247288181862, -6.969215848732404 ], [ 107.844165655820404, -6.969175390032206 ], [ 107.844095775799474, -6.969158551126213 ], [ 107.844047311334407, -6.969149197277602 ], [ 107.843994808913351, -6.969153206455246 ], [ 107.843934566027485, -6.96914318441037 ], [ 107.843905285900291, -6.969125478557942 ], [ 107.843895493182515, -6.969012224234689 ], [ 107.843870588257118, -6.969001867642021 ], [ 107.843822123792052, -6.969010219645895 ], [ 107.843769796738798, -6.969041622173052 ], [ 107.843707058234202, -6.969141868702252 ], [ 107.843708740865736, -6.969154228984451 ], [ 107.843694605321843, -6.969172268485352 ], [ 107.8436775640684, -6.969293148160205 ], [ 107.843842811796378, -6.96930317020508 ], [ 107.843853698089731, -6.96940594922512 ], [ 107.844040218381451, -6.969448640042685 ], [ 107.844143541491292, -6.969451646476273 ], [ 107.84422922799655, -6.969460217914673 ], [ 107.844249085027286, -6.969429483583781 ], [ 107.844331877514207, -6.969412780475409 ], [ 107.844361988614935, -6.969394390238847 ], [ 107.844393287720095, -6.969386372782822 ], [ 107.844427721861962, -6.969383736869929 ] ] ] ] } },
{ "type": "Feature", "properties": { "TIPE_HAK_1": "HAK MILIK" }, "geometry": { "type": "MultiPolygon", "coordinates": [ [ [ [ 107.842942630897767, -6.969256241782091 ], [ 107.842938533586505, -6.969245057813112 ], [ 107.843105998143358, -6.969134748769591 ], [ 107.843093562318131, -6.969083111496332 ], [ 107.843250271882596, -6.96909632793313 ], [ 107.843271060611016, -6.969096782990107 ], [ 107.843573547581229, -6.969052451809148 ], [ 107.843552427002976, -6.968907307526194 ], [ 107.843614393889254, -6.968898665940628 ], [ 107.843628733579237, -6.968841223543564 ], [ 107.84362540698703, -6.968815421094746 ], [ 107.843718613623196, -6.968814403961517 ], [ 107.8436898748879, -6.969076223588786 ], [ 107.843657099095935, -6.96911689003241 ], [ 107.843484082124746, -6.969234013239088 ], [ 107.843424003814789, -6.969295741805013 ], [ 107.843292537320792, -6.969295375780916 ], [ 107.843249006536496, -6.969257250821443 ], [ 107.842942630897767, -6.969256241782091 ] ] ] ] } },
{ "type": "Feature", "properties": { "TIPE_HAK_1": "HAK PAKAI" }, "geometry": { "type": "MultiPolygon", "coordinates": [ [ [ [ 107.836931758393973, -6.967506334649548 ], [ 107.83674442961177, -6.968374269456937 ], [ 107.836817462655858, -6.968401375922729 ], [ 107.836840840532432, -6.968401375922729 ], [ 107.836874349271852, -6.968390546286628 ], [ 107.836954615563116, -6.968398281355567 ], [ 107.837013840416489, -6.968391319703584 ], [ 107.837077253412588, -6.968437305637101 ], [ 107.837157519703851, -6.968456643759048 ], [ 107.837214406319845, -6.968458190592966 ], [ 107.837242460671064, -6.968449682107112 ], [ 107.837250192142733, -6.968230011006139 ], [ 107.837282921169958, -6.968144923449416 ], [ 107.837268561694827, -6.968043492513122 ], [ 107.837279183587498, -6.967862414918437 ], [ 107.83726905272465, -6.967752574421745 ], [ 107.837275287724424, -6.967627072231549 ], [ 107.837110144317762, -6.967519552884995 ], [ 107.836931758393973, -6.967506334649548 ] ] ] ] } },
{ "type": "Feature", "properties": { "TIPE_HAK_1": "HAK MILIK" }, "geometry": { "type": "MultiPolygon", "coordinates": [ [ [ [ 107.830762173535561, -6.964438846075836 ], [ 107.830865234043358, -6.964329687265206 ], [ 107.830990796488152, -6.964193853663346 ], [ 107.831017857088511, -6.964125272263459 ], [ 107.830960281591786, -6.964126415301791 ], [ 107.830624070944168, -6.963946000507462 ], [ 107.83054426600512, -6.963864274616526 ], [ 107.830390539491873, -6.96381855398306 ], [ 107.830359685551116, -6.964100212654671 ], [ 107.830343699202444, -6.96415575838148 ], [ 107.830546302969594, -6.964239756859229 ], [ 107.830762173535561, -6.964438846075836 ] ] ] ] } },
{ "type": "Feature", "properties": { "TIPE_HAK_1": "HAK MILIK" }, "geometry": { "type": "MultiPolygon", "coordinates": [ [ [ [ 107.830158271587038, -6.964070519738641 ], [ 107.830155043920229, -6.964131393049286 ], [ 107.830351391103875, -6.964190607110766 ], [ 107.83036015139993, -6.964140718119609 ], [ 107.830158271587038, -6.964070519738641 ] ] ] ] } },
{ "type": "Feature", "properties": { "TIPE_HAK_1": "HAK MILIK" }, "geometry": { "type": "MultiPolygon", "coordinates": [ [ [ [ 107.830064806845428, -6.964260072544278 ], [ 107.830206435678519, -6.964192321218604 ], [ 107.830174014219438, -6.964415483487699 ], [ 107.830065944487785, -6.964421694205782 ], [ 107.830064806845428, -6.964260072544278 ] ] ] ] } },
{ "type": "Feature", "properties": { "TIPE_HAK_1": "HAK MILIK" }, "geometry": { "type": "MultiPolygon", "coordinates": [ [ [ [ 107.829987562276244, -6.964436205666289 ], [ 107.830162931873872, -6.964428152237417 ], [ 107.830137967593203, -6.9645433769752 ], [ 107.829985065758251, -6.964539040444322 ], [ 107.829987562276244, -6.964436205666289 ] ] ] ] } },
{ "type": "Feature", "properties": { "TIPE_HAK_1": "HAK MILIK" }, "geometry": { "type": "MultiPolygon", "coordinates": [ [ [ [ 107.829923904664554, -6.964539040444322 ], [ 107.830139215852171, -6.9645433769752 ], [ 107.830106139686677, -6.964631228148619 ], [ 107.829925152923522, -6.964624413985462 ], [ 107.829923904664554, -6.964539040444322 ] ] ] ] } },
{ "type": "Feature", "properties": { "TIPE_HAK_1": "HAK GUNA BANGUNAN" }, "geometry": { "type": "MultiPolygon", "coordinates": [ [ [ [ 107.830725739301499, -6.96453064167571 ], [ 107.830635487837526, -6.96447254637087 ], [ 107.830534869888368, -6.964343372248781 ], [ 107.830426567232337, -6.964254871764866 ], [ 107.830294750002793, -6.964266133075517 ], [ 107.830254087156447, -6.964302814623125 ], [ 107.830174500752662, -6.964922184011529 ], [ 107.830113192170131, -6.965224057644098 ], [ 107.83005046086015, -6.965375936949904 ], [ 107.829938889168488, -6.965588373904274 ], [ 107.830450716727228, -6.965597162978676 ], [ 107.830447674320794, -6.96556997917117 ], [ 107.830475053281134, -6.965422609066083 ], [ 107.830499396130278, -6.965371262273887 ], [ 107.830510554018929, -6.965328976151292 ], [ 107.830512581990149, -6.965267560549414 ], [ 107.830489162744698, -6.965151134317362 ], [ 107.830402568823558, -6.965037029235468 ], [ 107.830393440704768, -6.964947422585461 ], [ 107.830342667680043, -6.964816609898604 ], [ 107.830340639708822, -6.964757208778106 ], [ 107.830351796698096, -6.964735058476092 ], [ 107.830417725997336, -6.96471089459208 ], [ 107.830483655296518, -6.964658540559137 ], [ 107.830725739301499, -6.96453064167571 ] ] ] ] } },
{ "type": "Feature", "properties": { "TIPE_HAK_1": "HAK MILIK" }, "geometry": { "type": "MultiPolygon", "coordinates": [ [ [ [ 107.830272330803496, -6.967520993598953 ], [ 107.830374232085205, -6.967411782627607 ], [ 107.830488686104047, -6.967484345326227 ], [ 107.830466534003392, -6.967512931176771 ], [ 107.830549036009245, -6.967746249489778 ], [ 107.830272330803496, -6.967520993598953 ] ] ] ] } },
{ "type": "Feature", "properties": { "TIPE_HAK_1": "HAK MILIK" }, "geometry": { "type": "MultiPolygon", "coordinates": [ [ [ [ 107.83065220623439, -6.967288101564577 ], [ 107.83046511577254, -6.967512556159477 ], [ 107.830549928136747, -6.967749675906759 ], [ 107.830587615126376, -6.967724959838961 ], [ 107.830588961411479, -6.967621416395218 ], [ 107.830767039767125, -6.967359815303212 ], [ 107.83065220623439, -6.967288101564577 ] ] ] ] } },
{ "type": "Feature", "properties": { "TIPE_HAK_1": "HAK MILIK" }, "geometry": { "type": "MultiPolygon", "coordinates": [ [ [ [ 107.831886348576177, -6.969260618782471 ], [ 107.831880650471703, -6.969265566852357 ], [ 107.831763128865362, -6.969300209636913 ], [ 107.831764553391508, -6.969429588804417 ], [ 107.831689253156583, -6.96961286074486 ], [ 107.831873789543806, -6.96980041975354 ], [ 107.831952715845205, -6.969831434672926 ], [ 107.83200898372769, -6.969841332611338 ], [ 107.832085194975832, -6.969813759397425 ], [ 107.832170867991238, -6.969512535974729 ], [ 107.832194372672234, -6.96950688013834 ], [ 107.832207041421896, -6.969410253380431 ], [ 107.832115872649467, -6.969437118827898 ], [ 107.832101932258411, -6.969382870822756 ], [ 107.832095521890892, -6.969298032378219 ], [ 107.832097658680084, -6.969255613155951 ], [ 107.83205563605884, -6.969242179982587 ], [ 107.832025721010268, -6.969247128951793 ], [ 107.831980849336787, -6.969287427572681 ], [ 107.831886348576177, -6.969260618782471 ] ] ] ] } },
{ "type": "Feature", "properties": { "TIPE_HAK_1": "BELUM TERDAFTAR" }, "geometry": { "type": "MultiPolygon", "coordinates": [ [ [ [ 107.829208345588711, -6.97065839906583 ], [ 107.829194329654626, -6.970515306136403 ], [ 107.829106122349742, -6.97051133113297 ], [ 107.828926926136774, -6.970433823062422 ], [ 107.828700860856088, -6.970405005186822 ], [ 107.828591741615639, -6.970398049830061 ], [ 107.828591741615639, -6.970311598001788 ], [ 107.828577072773726, -6.97028180436172 ], [ 107.828561090022333, -6.97022627752062 ], [ 107.828569480697013, -6.970124938315226 ], [ 107.828574808280848, -6.970093208434776 ], [ 107.828572426876065, -6.969949028225017 ], [ 107.828580418251761, -6.969863093506884 ], [ 107.828591073419375, -6.969812855578774 ], [ 107.828603060482919, -6.96979368563007 ], [ 107.828603725981225, -6.969781786700026 ], [ 107.828550234305908, -6.969747430799264 ], [ 107.828615690561719, -6.96941659629885 ], [ 107.828621834729972, -6.969324477842342 ], [ 107.828652468336827, -6.969165830238813 ], [ 107.828568557992639, -6.969155914313951 ], [ 107.828629159707987, -6.968900752367809 ], [ 107.828633155395892, -6.968874972402024 ], [ 107.828439514272247, -6.968837724281506 ], [ 107.8285041116755, -6.968456285828897 ], [ 107.827845449108224, -6.968380755367487 ], [ 107.827497715447294, -6.968331882610242 ], [ 107.827474122632736, -6.96820562768749 ], [ 107.827894329959406, -6.968262512504904 ], [ 107.827921000254037, -6.968269640531445 ], [ 107.827959978670151, -6.968263531436784 ], [ 107.827972288590331, -6.968263531436768 ], [ 107.828053323801896, -6.968244185220894 ], [ 107.828268395769896, -6.968307227696354 ], [ 107.828276602083577, -6.968279737220028 ], [ 107.828313530045421, -6.968295009507018 ], [ 107.828366869735305, -6.968300100569143 ], [ 107.828502634988695, -6.968303592636628 ], [ 107.828687537400015, -6.968340150077841 ], [ 107.828754066546992, -6.968350689232865 ], [ 107.828961722705401, -6.968380027816004 ], [ 107.829082544823621, -6.968383789680105 ], [ 107.829174246894013, -6.968377771416958 ], [ 107.829209867241616, -6.968443971412121 ], [ 107.829253823405281, -6.968462778034735 ], [ 107.829287927495898, -6.968459768903182 ], [ 107.829288685624419, -6.968452246074262 ], [ 107.829315968357321, -6.968452246074268 ], [ 107.829337946888813, -6.968468796297891 ], [ 107.829349315218792, -6.96847782369258 ], [ 107.82937493510525, -6.968482584703452 ], [ 107.829397117782833, -6.968482083781111 ], [ 107.82941879594074, -6.968484085671939 ], [ 107.829479294234091, -6.968490591367639 ], [ 107.829490890092586, -6.968490591367645 ], [ 107.829505510371064, -6.968488088554404 ], [ 107.829524164108932, -6.968482083781121 ], [ 107.829567468264088, -6.968483540682834 ], [ 107.829607943152098, -6.968482038815007 ], [ 107.829668945065805, -6.968484040705852 ], [ 107.829697682002461, -6.96847653406474 ], [ 107.829713310421027, -6.968474032150819 ], [ 107.829727427079149, -6.968415982711408 ], [ 107.829751626036796, -6.968360935208922 ], [ 107.830085812310472, -6.968451945700687 ], [ 107.830100357945241, -6.968480813938352 ], [ 107.830104914810022, -6.968500939866425 ], [ 107.830069032759695, -6.968567195619525 ], [ 107.830049477001808, -6.968670651829091 ], [ 107.830011935702316, -6.96870380803426 ], [ 107.83000457205344, -6.968757932832263 ], [ 107.829897862096743, -6.968874680122329 ], [ 107.829910052407058, -6.968973454461328 ], [ 107.829844347039057, -6.969037699330327 ], [ 107.829814300689463, -6.969112760345587 ], [ 107.829806542238202, -6.969214367548998 ], [ 107.829790286092873, -6.96925747295398 ], [ 107.829816864656664, -6.969256752597 ], [ 107.829857981660609, -6.969275937834198 ], [ 107.829913143376928, -6.969284948141827 ], [ 107.829890465172866, -6.969309482546525 ], [ 107.829883137496836, -6.969402367225427 ], [ 107.829928151263232, -6.969486051839799 ], [ 107.829987251110822, -6.969557997603479 ], [ 107.830044092760716, -6.969630428101707 ], [ 107.830055408930036, -6.969651938086428 ], [ 107.830072594075034, -6.969710188074652 ], [ 107.830286310764677, -6.969880356892935 ], [ 107.83033394605485, -6.96994659645821 ], [ 107.830345273915327, -6.970168330603935 ], [ 107.830244673053301, -6.97021750283545 ], [ 107.829686936003327, -6.970431858043755 ], [ 107.829543044475997, -6.970502610407095 ], [ 107.829437999164384, -6.970535088523492 ], [ 107.829208345588711, -6.97065839906583 ] ] ] ] } },
{ "type": "Feature", "properties": { "TIPE_HAK_1": "HAK MILIK" }, "geometry": { "type": "MultiPolygon", "coordinates": [ [ [ [ 107.823991949468962, -6.970616840494756 ], [ 107.824008537464067, -6.970537806274706 ], [ 107.824185310903431, -6.970370301248352 ], [ 107.824289484771953, -6.970085635243834 ], [ 107.824394884416449, -6.970055222870201 ], [ 107.824570141598826, -6.970052789304759 ], [ 107.824780951679656, -6.970201036248795 ], [ 107.824798225857478, -6.970501039291491 ], [ 107.824778617039613, -6.970608092789178 ], [ 107.824741850056398, -6.970684733913288 ], [ 107.824724691891106, -6.970733394430567 ], [ 107.824740624280423, -6.97090735658918 ], [ 107.82452492278702, -6.971074018950787 ], [ 107.824498017769372, -6.971059801568515 ], [ 107.824444209532714, -6.971008009611921 ], [ 107.824324363178903, -6.97088985848012 ], [ 107.824076145797562, -6.97070387598302 ], [ 107.823991949468962, -6.970616840494756 ] ] ] ] } },
{ "type": "Feature", "properties": { "TIPE_HAK_1": "HAK MILIK" }, "geometry": { "type": "MultiPolygon", "coordinates": [ [ [ [ 107.822741343238476, -6.969773939215884 ], [ 107.82285730631969, -6.969804057511226 ], [ 107.82300791308478, -6.969861554766908 ], [ 107.823072790177207, -6.969874204630798 ], [ 107.823248885527732, -6.969863855232688 ], [ 107.823236736586182, -6.969535435411956 ], [ 107.823248321652784, -6.969528534913934 ], [ 107.823205725264074, -6.969225730483004 ], [ 107.823225419517541, -6.969219980217872 ], [ 107.823237004584144, -6.96910958394011 ], [ 107.822987922954326, -6.96905783605024 ], [ 107.823023837380276, -6.968933640575017 ], [ 107.823145481478832, -6.968954339371237 ], [ 107.823172127491773, -6.968953190037666 ], [ 107.823184871784463, -6.968943989973127 ], [ 107.823183713457695, -6.968908340847179 ], [ 107.823217310330676, -6.968864642789015 ], [ 107.823296089143241, -6.968860042756717 ], [ 107.823426249821637, -6.968346526271148 ], [ 107.822799761399949, -6.968267662022924 ], [ 107.822648674396874, -6.968265076472051 ], [ 107.822676026377565, -6.968382725782135 ], [ 107.822614810425193, -6.968479689785795 ], [ 107.822544477145982, -6.968552089707146 ], [ 107.822514315683179, -6.968645336812813 ], [ 107.822502374485055, -6.968764863907325 ], [ 107.82247568440539, -6.968878529220717 ], [ 107.82247469425181, -6.968942849632754 ], [ 107.822512622259751, -6.969020238992812 ], [ 107.822534078285173, -6.969113317925235 ], [ 107.822533375914645, -6.969320022600925 ], [ 107.822520328550411, -6.969406128190201 ], [ 107.822513304845188, -6.969517679197509 ], [ 107.822537251093308, -6.969550492760959 ], [ 107.822584310817376, -6.969590929877484 ], [ 107.822625049206692, -6.969621606651799 ], [ 107.822754389703391, -6.969657641586821 ], [ 107.822741343238476, -6.969773939215884 ] ] ] ] } },
{ "type": "Feature", "properties": { "TIPE_HAK_1": "HAK MILIK" }, "geometry": { "type": "MultiPolygon", "coordinates": [ [ [ [ 107.813125149805899, -6.972203669064015 ], [ 107.813249967611966, -6.972043380197817 ], [ 107.813261669590418, -6.971943490699516 ], [ 107.813235145885358, -6.97192258326055 ], [ 107.813434853835474, -6.971857538894255 ], [ 107.813420031209546, -6.971836631455346 ], [ 107.813261669590418, -6.971746406971079 ], [ 107.813640121394542, -6.971192743849997 ], [ 107.812548426268904, -6.970389896576421 ], [ 107.812435041544006, -6.970518147094765 ], [ 107.812297926408235, -6.970726225934527 ], [ 107.81285765006055, -6.971195397749341 ], [ 107.812923928296698, -6.971309971378048 ], [ 107.812900196986561, -6.971329600880324 ], [ 107.812925246702832, -6.971472245947325 ], [ 107.812893604955946, -6.971465703379465 ], [ 107.812888475223019, -6.971525542469749 ], [ 107.812910585954853, -6.971552976288763 ], [ 107.812929366497144, -6.971630936718327 ], [ 107.812923326650264, -6.971693055589981 ], [ 107.812908964477174, -6.971692805578471 ], [ 107.812893845974259, -6.971715565620798 ], [ 107.812903748409326, -6.971785266676648 ], [ 107.812891288302353, -6.971908264254921 ], [ 107.812955052933432, -6.972000664199243 ], [ 107.813125149805899, -6.972203669064015 ] ] ] ] } },
{ "type": "Feature", "properties": { "TIPE_HAK_1": "HAK MILIK" }, "geometry": { "type": "MultiPolygon", "coordinates": [ [ [ [ 107.812567597116981, -6.972555704182355 ], [ 107.812556153243918, -6.972582554341386 ], [ 107.812633142405673, -6.972717837558093 ], [ 107.812745783391279, -6.972868274351356 ], [ 107.812824868872667, -6.973154401754186 ], [ 107.812868703627828, -6.973227943814493 ], [ 107.812957837234478, -6.973267100296368 ], [ 107.813003054247588, -6.973262375258344 ], [ 107.813143465398696, -6.973340329392613 ], [ 107.813183923199574, -6.973387574377 ], [ 107.813557518664595, -6.973412044929887 ], [ 107.813716968463382, -6.972915972594024 ], [ 107.813962449207736, -6.972854024593516 ], [ 107.814012425433134, -6.972861111251234 ], [ 107.814007293901568, -6.972884816481042 ], [ 107.814149121484832, -6.972917796419097 ], [ 107.814210377906647, -6.972711738355997 ], [ 107.814233340296482, -6.972581702683385 ], [ 107.81377063640582, -6.972513465723807 ], [ 107.813755297569003, -6.972528554549115 ], [ 107.813697149204131, -6.972544828680839 ], [ 107.813645118927184, -6.972570214743541 ], [ 107.813498373850905, -6.972615313945539 ], [ 107.8134226608272, -6.972624880933438 ], [ 107.813322821690917, -6.97265919456612 ], [ 107.813160804327708, -6.972660179323782 ], [ 107.813079585654407, -6.972653753667771 ], [ 107.813011810047044, -6.972648073549692 ], [ 107.812953524085913, -6.972629575394535 ], [ 107.81281243664472, -6.972545773868319 ], [ 107.812753647962552, -6.972465671253701 ], [ 107.812567597116981, -6.972555704182355 ] ] ] ] } },
{ "type": "Feature", "properties": { "TIPE_HAK_1": "HAK GUNA BANGUNAN" }, "geometry": { "type": "MultiPolygon", "coordinates": [ [ [ [ 107.814183024127317, -6.971924238013107 ], [ 107.814304203276436, -6.972081404433196 ], [ 107.814487528276857, -6.971968982882238 ], [ 107.814339716604707, -6.97180130338739 ], [ 107.814183024127317, -6.971924238013107 ] ] ] ] } },
{ "type": "Feature", "properties": { "TIPE_HAK_1": "HAK PAKAI" }, "geometry": { "type": "MultiPolygon", "coordinates": [ [ [ [ 107.809906522068388, -6.977087213504038 ], [ 107.810053553129023, -6.977145651450607 ], [ 107.810359317228745, -6.976740276642433 ], [ 107.810246902872336, -6.976755312407713 ], [ 107.810104193054144, -6.976766391155985 ], [ 107.810041863741105, -6.976806836366332 ], [ 107.810002000392046, -6.976868562234293 ], [ 107.809966920537022, -6.976980143818536 ], [ 107.809906522068388, -6.977087213504038 ] ] ] ] } },
{ "type": "Feature", "properties": { "TIPE_HAK_1": "HAK MILIK" }, "geometry": { "type": "MultiPolygon", "coordinates": [ [ [ [ 107.806095138579849, -6.979292011217296 ], [ 107.806401288488757, -6.979159063539896 ], [ 107.806434772946488, -6.97923107675274 ], [ 107.806151744607405, -6.979379060195413 ], [ 107.806095138579849, -6.979292011217296 ] ] ] ] } },
{ "type": "Feature", "properties": { "TIPE_HAK_1": "HAK MILIK" }, "geometry": { "type": "MultiPolygon", "coordinates": [ [ [ [ 107.804645896391094, -6.980319526225117 ], [ 107.804790742099101, -6.98037217523563 ], [ 107.804822475576827, -6.980694883462036 ], [ 107.804896812637878, -6.981073434191615 ], [ 107.804912425767895, -6.981077991955715 ], [ 107.804842510673382, -6.981165826941321 ], [ 107.804339573812342, -6.980906746648998 ], [ 107.804378342686448, -6.980818976414582 ], [ 107.804645896391094, -6.980319526225117 ] ] ] ] } },
{ "type": "Feature", "properties": { "TIPE_HAK_1": "HAK MILIK" }, "geometry": { "type": "MultiPolygon", "coordinates": [ [ [ [ 107.803282945051933, -6.981399560741067 ], [ 107.803219392660878, -6.981631237791362 ], [ 107.803074842829801, -6.981591166698934 ], [ 107.803007124779072, -6.981788934811448 ], [ 107.802818298625652, -6.981719134830144 ], [ 107.80279095114156, -6.981785056934768 ], [ 107.802516462764629, -6.981682575590355 ], [ 107.802591912286971, -6.981446473875621 ], [ 107.802638793945221, -6.981310750890373 ], [ 107.802714324406622, -6.981328847048587 ], [ 107.8027963668589, -6.981340480678568 ], [ 107.802900547022659, -6.981366332590142 ], [ 107.802887524839434, -6.981399940255017 ], [ 107.802996913876541, -6.981436133470709 ], [ 107.803011239177408, -6.981397355603406 ], [ 107.803071143018883, -6.981412866210746 ], [ 107.803086769638753, -6.981352114308606 ], [ 107.803282945051933, -6.981399560741067 ] ] ] ] } },
{ "type": "Feature", "properties": { "TIPE_HAK_1": "HAK MILIK" }, "geometry": { "type": "MultiPolygon", "coordinates": [ [ [ [ 107.80096037302286, -6.984610500174369 ], [ 107.80091286723507, -6.984740435122944 ], [ 107.800982768839788, -6.984927627208208 ], [ 107.801120298562978, -6.984650647709202 ], [ 107.80096037302286, -6.984610500174369 ] ] ] ] } },
{ "type": "Feature", "properties": { "TIPE_HAK_1": "HAK MILIK" }, "geometry": { "type": "MultiPolygon", "coordinates": [ [ [ [ 107.800982012509905, -6.984925527291182 ], [ 107.801015145332769, -6.985019600873841 ], [ 107.801059066422852, -6.984994361400595 ], [ 107.80121718612429, -6.984673942848133 ], [ 107.801120098014167, -6.984649468697967 ], [ 107.800982012509905, -6.984925527291182 ] ] ] ] } },
{ "type": "Feature", "properties": { "TIPE_HAK_1": "HAK MILIK" }, "geometry": { "type": "MultiPolygon", "coordinates": [ [ [ [ 107.800760338618772, -6.984829256664796 ], [ 107.800751929957642, -6.98492014125145 ], [ 107.800884605140482, -6.984928023809232 ], [ 107.800886473931712, -6.984841312076867 ], [ 107.800803784866844, -6.98483853047378 ], [ 107.800760338618772, -6.984829256664796 ] ] ] ] } },
{ "type": "Feature", "properties": { "TIPE_HAK_1": "HAK MILIK" }, "geometry": { "type": "MultiPolygon", "coordinates": [ [ [ [ 107.800821827965024, -6.984925096515951 ], [ 107.800822963808798, -6.985013809239831 ], [ 107.800934684787933, -6.984999149391172 ], [ 107.800898706510168, -6.984927351116312 ], [ 107.800821827965024, -6.984925096515951 ] ] ] ] } },
{ "type": "Feature", "properties": { "TIPE_HAK_1": "BELUM TERDAFTAR" }, "geometry": { "type": "MultiPolygon", "coordinates": [ [ [ [ 107.801977873180363, -6.991866873457417 ], [ 107.801985225138083, -6.991846196244928 ], [ 107.801976647404388, -6.991788422897335 ], [ 107.801957653722809, -6.9917233515514 ], [ 107.801896048364029, -6.991581536558606 ], [ 107.801862962305904, -6.991571198851718 ], [ 107.801557225185832, -6.991670933666624 ], [ 107.801550485666439, -6.991682489055558 ], [ 107.801491107928371, -6.991712288091551 ], [ 107.801345285556522, -6.991805941690807 ], [ 107.801323228784042, -6.991821753571012 ], [ 107.80129872045967, -6.991853376432118 ], [ 107.801276051248806, -6.991912366562417 ], [ 107.801261024476787, -6.992122489561214 ], [ 107.801234559227566, -6.99223199910745 ], [ 107.801194121211779, -6.992346329919137 ], [ 107.801173902653545, -6.992402278542275 ], [ 107.801110084063168, -6.992511305152565 ], [ 107.801058617661113, -6.992588538929907 ], [ 107.800993626354852, -6.992672795513044 ], [ 107.80097401843625, -6.992689262999026 ], [ 107.801003178953579, -6.992719704150999 ], [ 107.80105194828883, -6.992654829756523 ], [ 107.801086767340507, -6.992612565217663 ], [ 107.801149613763698, -6.992520742638131 ], [ 107.801201902146147, -6.99243291214912 ], [ 107.801217867810408, -6.992380636357218 ], [ 107.801257587267912, -6.992301289173097 ], [ 107.801270658913836, -6.992258372625765 ], [ 107.801295865112138, -6.99211448109838 ], [ 107.801312959425616, -6.992046611961539 ], [ 107.801357969594676, -6.991943936363504 ], [ 107.801389644616449, -6.991882055812192 ], [ 107.801422325080296, -6.991838640141057 ], [ 107.801492296832066, -6.991779642816196 ], [ 107.801580282004466, -6.991736725369551 ], [ 107.801719022215138, -6.991665334487551 ], [ 107.801804493782413, -6.991632397716955 ], [ 107.801849326785089, -6.991614835756032 ], [ 107.801859382104851, -6.991622321712721 ], [ 107.801977873180363, -6.991866873457417 ] ] ] ] } },
{ "type": "Feature", "properties": { "TIPE_HAK_1": "BELUM TERDAFTAR" }, "geometry": { "type": "MultiPolygon", "coordinates": [ [ [ [ 107.801083577445183, -6.991886005634619 ], [ 107.801182121557702, -6.99191295381973 ], [ 107.801024947943063, -6.992342956562147 ], [ 107.800887281522876, -6.992552087608717 ], [ 107.800873860939987, -6.992575699309049 ], [ 107.80073984306938, -6.992710383577275 ], [ 107.800678476030896, -6.992766897873994 ], [ 107.800562326789986, -6.992823985938176 ], [ 107.800476327320723, -6.992876649337855 ], [ 107.800328348374649, -6.992938171059682 ], [ 107.800223768911849, -6.992979419364644 ], [ 107.799938312403242, -6.993096476021495 ], [ 107.799741183708704, -6.993158372760654 ], [ 107.799575379300393, -6.993210301414257 ], [ 107.799577613216343, -6.993216398817707 ], [ 107.799507252957426, -6.993235797194242 ], [ 107.799444569311504, -6.993050667254472 ], [ 107.79956587076839, -6.993005268578264 ], [ 107.799797053191526, -6.992931552049408 ], [ 107.799957296192304, -6.992884319655553 ], [ 107.800140667957521, -6.992828060766333 ], [ 107.800331892602799, -6.992756387497258 ], [ 107.800448369196943, -6.992702516308048 ], [ 107.800531571774684, -6.99265706726982 ], [ 107.80062615527288, -6.992588503856319 ], [ 107.80073560366526, -6.992474880811069 ], [ 107.800786689654046, -6.992417254952333 ], [ 107.800821311754191, -6.992375686488683 ], [ 107.800874918542718, -6.992290330933995 ], [ 107.800913963508663, -6.992213845392602 ], [ 107.800918988920273, -6.992206640024391 ], [ 107.800944117776851, -6.992115741947893 ], [ 107.800987276241869, -6.991958113276271 ], [ 107.801024689837618, -6.991955895548081 ], [ 107.801083577445183, -6.991886005634619 ] ] ] ] } },
{ "type": "Feature", "properties": { "TIPE_HAK_1": "BELUM TERDAFTAR" }, "geometry": { "type": "MultiPolygon", "coordinates": [ [ [ [ 107.798153571829914, -6.993368594684847 ], [ 107.797897486280021, -6.993575704954767 ], [ 107.797939218420254, -6.993696205115732 ], [ 107.798572793499659, -6.993487212564788 ], [ 107.798544339849457, -6.993361063762061 ], [ 107.798153571829914, -6.993368594684847 ] ] ] ] } },
{ "type": "Feature", "properties": { "TIPE_HAK_1": "HAK MILIK" }, "geometry": { "type": "MultiPolygon", "coordinates": [ [ [ [ 107.795723657620783, -6.994130349236173 ], [ 107.795698045828203, -6.99416039198843 ], [ 107.795820282580053, -6.994316382994612 ], [ 107.795998397807864, -6.994205456116845 ], [ 107.795723657620783, -6.994130349236173 ] ] ] ] } },
{ "type": "Feature", "properties": { "TIPE_HAK_1": "HAK MILIK" }, "geometry": { "type": "MultiPolygon", "coordinates": [ [ [ [ 107.795231539603947, -6.99416138483997 ], [ 107.795416138943722, -6.994298341695071 ], [ 107.795537340575891, -6.994220609693343 ], [ 107.795576497957086, -6.994213206474228 ], [ 107.795698632186202, -6.994077175021573 ], [ 107.7954329211924, -6.993981860374504 ], [ 107.795344350561379, -6.994079025826352 ], [ 107.795231539603947, -6.99416138483997 ] ] ] ] } },
{ "type": "Feature", "properties": { "TIPE_HAK_1": "BELUM TERDAFTAR" }, "geometry": { "type": "MultiPolygon", "coordinates": [ [ [ [ 107.788372642383592, -6.999081128791039 ], [ 107.788376142545019, -6.99923745704296 ], [ 107.788979899702667, -6.999202717131651 ], [ 107.788771647293743, -6.99906202179483 ], [ 107.788372642383592, -6.999081128791039 ] ] ] ] } },
{ "type": "Feature", "properties": { "TIPE_HAK_1": "HAK MILIK" }, "geometry": { "type": "MultiPolygon", "coordinates": [ [ [ [ 107.787649837470099, -6.999491942698967 ], [ 107.787578112939627, -6.999729865540814 ], [ 107.787662106021457, -6.999733612116472 ], [ 107.787672486895815, -6.999682093553702 ], [ 107.787727224132141, -6.999547207837338 ], [ 107.787743267138126, -6.999491005605364 ], [ 107.787649837470099, -6.999491942698967 ] ] ] ] } },
{ "type": "Feature", "properties": { "TIPE_HAK_1": "HAK MILIK" }, "geometry": { "type": "MultiPolygon", "coordinates": [ [ [ [ 107.787405220074902, -6.999519793803415 ], [ 107.787380254894913, -6.999642014367396 ], [ 107.787313939786543, -6.999621184270211 ], [ 107.787279522731865, -6.999616185838249 ], [ 107.787166200060142, -6.999612852950747 ], [ 107.787172915297845, -6.999527868816074 ], [ 107.787326531194537, -6.999517871052888 ], [ 107.787405220074902, -6.999519793803415 ] ] ] ] } },
{ "type": "Feature", "properties": { "TIPE_HAK_1": "HAK MILIK" }, "geometry": { "type": "MultiPolygon", "coordinates": [ [ [ [ 107.786948770069728, -6.998946851915662 ], [ 107.78725432642608, -6.999097285111588 ], [ 107.787276369708763, -6.999144459948809 ], [ 107.787286356680056, -6.999269774180675 ], [ 107.78711957470864, -6.999354822167277 ], [ 107.786641399780819, -6.999376052462821 ], [ 107.786688833622861, -6.999300117306518 ], [ 107.786711019897723, -6.999231775126248 ], [ 107.786798236149764, -6.999163433845354 ], [ 107.786855085893535, -6.999134344374454 ], [ 107.786948770069728, -6.998946851915662 ] ] ] ] } },
{ "type": "Feature", "properties": { "TIPE_HAK_1": "HAK MILIK" }, "geometry": { "type": "MultiPolygon", "coordinates": [ [ [ [ 107.7861780618681, -7.00002517502179 ], [ 107.786118833417504, -7.000174038001433 ], [ 107.786094951021255, -7.000186365008688 ], [ 107.786112146958089, -7.000212913894813 ], [ 107.786328042705065, -7.000092495572176 ], [ 107.786267859174416, -7.000066894571489 ], [ 107.786269774730386, -7.000059502144268 ], [ 107.7861780618681, -7.00002517502179 ] ] ] ] } },
{ "type": "Feature", "properties": { "TIPE_HAK_1": "HAK MILIK" }, "geometry": { "type": "MultiPolygon", "coordinates": [ [ [ [ 107.785856639672261, -7.000046726375274 ], [ 107.785939351220122, -7.000019937370155 ], [ 107.786012485887568, -7.000248074688841 ], [ 107.785940222663214, -7.000301652699079 ], [ 107.785856639672261, -7.000046726375274 ] ] ] ] } },
{ "type": "Feature", "properties": { "TIPE_HAK_1": "HAK MILIK" }, "geometry": { "type": "MultiPolygon", "coordinates": [ [ [ [ 107.785665678528289, -6.999727895126227 ], [ 107.785594137459555, -7.000233619885591 ], [ 107.78569253138528, -7.000180851265213 ], [ 107.785752858807427, -6.99975219750587 ], [ 107.785665678528289, -6.999727895126227 ] ] ] ] } },
{ "type": "Feature", "properties": { "TIPE_HAK_1": "HAK MILIK" }, "geometry": { "type": "MultiPolygon", "coordinates": [ [ [ [ 107.785692277776434, -7.000179088593995 ], [ 107.785722177536513, -7.000164541160586 ], [ 107.785887504404855, -7.000134282571025 ], [ 107.785965793086916, -7.000146219272551 ], [ 107.786047870612776, -7.00015203788621 ], [ 107.786098300995832, -7.000058876216144 ], [ 107.786144285130717, -6.999878891297726 ], [ 107.785750003459952, -6.999751788314313 ], [ 107.785692277776434, -7.000179088593995 ] ] ] ] } },
{ "type": "Feature", "properties": { "TIPE_HAK_1": "HAK MILIK" }, "geometry": { "type": "MultiPolygon", "coordinates": [ [ [ [ 107.786346810656823, -6.999530786216781 ], [ 107.786319388529023, -6.999702259951277 ], [ 107.786453758933874, -6.999694095006419 ], [ 107.786473868674136, -6.999529879700162 ], [ 107.786346810656823, -6.999530786216781 ] ] ] ] } },
{ "type": "Feature", "properties": { "TIPE_HAK_1": "BELUM TERDAFTAR" }, "geometry": { "type": "MultiPolygon", "coordinates": [ [ [ [ 107.785078301622377, -6.999863114491125 ], [ 107.785160651642798, -6.999985258612753 ], [ 107.785274459948425, -6.999875971199054 ], [ 107.785324424482667, -6.999826378984157 ], [ 107.785452531109456, -6.999742606236227 ], [ 107.785556161787497, -6.999700361482441 ], [ 107.785691251650007, -6.999639748075871 ], [ 107.785804195707101, -6.999598707514277 ], [ 107.786076233431515, -6.999559216484618 ], [ 107.786214103098416, -6.99954123543961 ], [ 107.786283498384819, -6.999537562608395 ], [ 107.786332538415991, -6.999528378731661 ], [ 107.786474718533498, -6.999530908524543 ], [ 107.786654221415233, -6.99951621450162 ], [ 107.786654221415233, -6.999435396926 ], [ 107.786665134688292, -6.999401141749225 ], [ 107.786183066595299, -6.999420427710508 ], [ 107.785947481091455, -6.999447060233594 ], [ 107.785764276600162, -6.999491142302309 ], [ 107.785608830583101, -6.999543490039974 ], [ 107.785398793019965, -6.999630735969623 ], [ 107.785253257531849, -6.999727955380762 ], [ 107.785078301622377, -6.999863114491125 ] ] ] ] } },
{ "type": "Feature", "properties": { "TIPE_HAK_1": "HAK MILIK" }, "geometry": { "type": "MultiPolygon", "coordinates": [ [ [ [ 107.782647569030132, -7.002200575695952 ], [ 107.782582048922507, -7.002264445547667 ], [ 107.782686980020173, -7.002340102813434 ], [ 107.782767709462291, -7.002227073320739 ], [ 107.78273611987612, -7.002203460721091 ], [ 107.782705700307872, -7.002243330365332 ], [ 107.782647569030132, -7.002200575695952 ] ] ] ] } },
{ "type": "Feature", "properties": { "TIPE_HAK_1": "HAK MILIK" }, "geometry": { "type": "MultiPolygon", "coordinates": [ [ [ [ 107.782541886998558, -7.002296434432878 ], [ 107.782469550029759, -7.002364362025617 ], [ 107.782576717741392, -7.002448956753881 ], [ 107.782634327412325, -7.002371140215928 ], [ 107.782541886998558, -7.002296434432878 ] ] ] ] } },
{ "type": "Feature", "properties": { "TIPE_HAK_1": "HAK MILIK" }, "geometry": { "type": "MultiPolygon", "coordinates": [ [ [ [ 107.782323693483704, -7.002492719563293 ], [ 107.782208239418765, -7.002590365253127 ], [ 107.782391176811416, -7.002721904592192 ], [ 107.782470855845361, -7.002608926360836 ], [ 107.782323693483704, -7.002492719563293 ] ] ] ] } },
{ "type": "Feature", "properties": { "TIPE_HAK_1": "HAK MILIK" }, "geometry": { "type": "MultiPolygon", "coordinates": [ [ [ [ 107.775174505898804, -7.004673095287046 ], [ 107.775259186961989, -7.004645546354823 ], [ 107.775301527943213, -7.004712318318809 ], [ 107.775246014591971, -7.004759479666234 ], [ 107.775174505898804, -7.004673095287046 ] ] ] ] } },
{ "type": "Feature", "properties": { "TIPE_HAK_1": "HAK MILIK" }, "geometry": { "type": "MultiPolygon", "coordinates": [ [ [ [ 107.775014480533912, -7.004710949550656 ], [ 107.775066787802075, -7.004701812438668 ], [ 107.775094062441099, -7.004791865152413 ], [ 107.775134237854843, -7.004777550643382 ], [ 107.775136846788087, -7.004792885882921 ], [ 107.775149392330661, -7.004824729977258 ], [ 107.775154476198168, -7.004832255504141 ], [ 107.775071657630974, -7.004892614402593 ], [ 107.775014480533912, -7.004710949550656 ] ] ] ] } },
{ "type": "Feature", "properties": { "TIPE_HAK_1": "HAK MILIK" }, "geometry": { "type": "MultiPolygon", "coordinates": [ [ [ [ 107.77464240222514, -7.004785809117777 ], [ 107.774787006914892, -7.004757387843142 ], [ 107.774866875705811, -7.005091809739156 ], [ 107.774836874322375, -7.005120641104668 ], [ 107.774728774913115, -7.005190594869987 ], [ 107.77464240222514, -7.004785809117777 ] ] ] ] } },
{ "type": "Feature", "properties": { "TIPE_HAK_1": "HAK MILIK" }, "geometry": { "type": "MultiPolygon", "coordinates": [ [ [ [ 107.77408751512678, -7.004938776603183 ], [ 107.774212151269808, -7.004895623534139 ], [ 107.774228777036512, -7.005080357772272 ], [ 107.774105589701264, -7.005092584954809 ], [ 107.77408751512678, -7.004938776603183 ] ] ] ] } },
{ "type": "Feature", "properties": { "TIPE_HAK_1": "HAK MILIK" }, "geometry": { "type": "MultiPolygon", "coordinates": [ [ [ [ 107.773977380551742, -7.00497851044986 ], [ 107.77409042353429, -7.004937514854362 ], [ 107.774122066180496, -7.005231662411234 ], [ 107.774007821703663, -7.005177120327801 ], [ 107.773977380551742, -7.00497851044986 ] ] ] ] } },
{ "type": "Feature", "properties": { "TIPE_HAK_1": "HAK MILIK" }, "geometry": { "type": "MultiPolygon", "coordinates": [ [ [ [ 107.773831271296217, -7.005028537037333 ], [ 107.773852542960526, -7.005115172327294 ], [ 107.773998510123192, -7.005094059842918 ], [ 107.773977972305659, -7.004976846704039 ], [ 107.773831271296217, -7.005028537037333 ] ] ] ] } },
{ "type": "Feature", "properties": { "TIPE_HAK_1": "HAK MILIK" }, "geometry": { "type": "MultiPolygon", "coordinates": [ [ [ [ 107.773155987458892, -7.005258819239089 ], [ 107.7732926592289, -7.005207949986868 ], [ 107.773346266916747, -7.00558113356243 ], [ 107.773212660935599, -7.005602157013868 ], [ 107.773155987458892, -7.005258819239089 ] ] ] ] } },
{ "type": "Feature", "properties": { "TIPE_HAK_1": "HAK MILIK" }, "geometry": { "type": "MultiPolygon", "coordinates": [ [ [ [ 107.773058376842698, -7.00562589282066 ], [ 107.773213054838664, -7.005601677675259 ], [ 107.773184991494247, -7.00542654010269 ], [ 107.773107407880616, -7.005439131510684 ], [ 107.773122534477466, -7.005527381083709 ], [ 107.773042999335019, -7.005537551516738 ], [ 107.773058376842698, -7.00562589282066 ] ] ] ] } },
{ "type": "Feature", "properties": { "TIPE_HAK_1": "HAK MILIK" }, "geometry": { "type": "MultiPolygon", "coordinates": [ [ [ [ 107.773157390401309, -7.005258320115331 ], [ 107.773078911962273, -7.00528136973935 ], [ 107.773106285526694, -7.0054422584534 ], [ 107.77318476486505, -7.005428349538647 ], [ 107.773157390401309, -7.005258320115331 ] ] ] ] } },
{ "type": "Feature", "properties": { "TIPE_HAK_1": "HAK MILIK" }, "geometry": { "type": "MultiPolygon", "coordinates": [ [ [ [ 107.773095689714353, -7.005360044230599 ], [ 107.773014432370246, -7.005377965920331 ], [ 107.773043457089955, -7.005539360053376 ], [ 107.773123137023219, -7.005527835241367 ], [ 107.773095689714353, -7.005360044230599 ] ] ] ] } },
{ "type": "Feature", "properties": { "TIPE_HAK_1": "HAK MILIK" }, "geometry": { "type": "MultiPolygon", "coordinates": [ [ [ [ 107.773081618921651, -7.005280684455954 ], [ 107.773014939587824, -7.005316961308665 ], [ 107.772919119521816, -7.005354219321703 ], [ 107.772929491402977, -7.005422851982985 ], [ 107.773020866120135, -7.005405203687133 ], [ 107.773016915398387, -7.005377259952525 ], [ 107.773093966613317, -7.005361082048239 ], [ 107.773081618921651, -7.005280684455954 ] ] ] ] } },
{ "type": "Feature", "properties": { "TIPE_HAK_1": "HAK MILIK" }, "geometry": { "type": "MultiPolygon", "coordinates": [ [ [ [ 107.772912374606449, -7.005354988242061 ], [ 107.772925744827319, -7.005432620419072 ], [ 107.773016662688917, -7.005414041324912 ], [ 107.772739210146483, -7.005424217153859 ], [ 107.772773519282566, -7.005610012591944 ], [ 107.772912374606449, -7.005354988242061 ] ] ] ] } },
{ "type": "Feature", "properties": { "TIPE_HAK_1": "HAK MILIK" }, "geometry": { "type": "MultiPolygon", "coordinates": [ [ [ [ 107.772911817026795, -7.005355966704428 ], [ 107.772739069852264, -7.005424072362985 ], [ 107.772773075017483, -7.005611339091956 ], [ 107.772872389848999, -7.005608949593295 ], [ 107.77295460227316, -7.005603811766434 ], [ 107.772911817026795, -7.005355966704428 ] ] ] ] } },
{ "type": "Feature", "properties": { "TIPE_HAK_1": "HAK MILIK" }, "geometry": { "type": "MultiPolygon", "coordinates": [ [ [ [ 107.772921812991342, -7.005430792097343 ], [ 107.773014669791223, -7.005414124062554 ], [ 107.773032944914519, -7.00553030927631 ], [ 107.772942557652982, -7.005542564337816 ], [ 107.772921812991342, -7.005430792097343 ] ] ] ] } },
{ "type": "Feature", "properties": { "TIPE_HAK_1": "HAK MILIK" }, "geometry": { "type": "MultiPolygon", "coordinates": [ [ [ [ 107.772943008213304, -7.005540979732359 ], [ 107.773033395474897, -7.005529214801356 ], [ 107.773043902254358, -7.00558961326999 ], [ 107.772953021264982, -7.005601379100312 ], [ 107.772943008213304, -7.005540979732359 ] ] ] ] } },
{ "type": "Feature", "properties": { "TIPE_HAK_1": "HAK MILIK" }, "geometry": { "type": "MultiPolygon", "coordinates": [ [ [ [ 107.772953435852457, -7.005600529241008 ], [ 107.772973962878154, -7.005730977702399 ], [ 107.773065337595312, -7.00571234914554 ], [ 107.773044592933672, -7.005589301205248 ], [ 107.772953435852457, -7.005600529241008 ] ] ] ] } },
{ "type": "Feature", "properties": { "TIPE_HAK_1": "HAK MILIK" }, "geometry": { "type": "MultiPolygon", "coordinates": [ [ [ [ 107.77286136416069, -7.005608048472595 ], [ 107.772884281584368, -7.005748640387424 ], [ 107.772978376750757, -7.005730358968833 ], [ 107.772955691352138, -7.005602764056277 ], [ 107.77286136416069, -7.005608048472595 ] ] ] ] } },
{ "type": "Feature", "properties": { "TIPE_HAK_1": "HAK MILIK" }, "geometry": { "type": "MultiPolygon", "coordinates": [ [ [ [ 107.772772482364246, -7.005618073215487 ], [ 107.772866760992258, -7.005618514782611 ], [ 107.772886327542039, -7.005749165591453 ], [ 107.77279694122592, -7.00576549727981 ], [ 107.772767145787213, -7.00561630784631 ], [ 107.772772482364246, -7.005618073215487 ] ] ] ] } },
{ "type": "Feature", "properties": { "TIPE_HAK_1": "HAK MILIK" }, "geometry": { "type": "MultiPolygon", "coordinates": [ [ [ [ 107.772554117978245, -7.005471771505029 ], [ 107.772616264728867, -7.005449396372512 ], [ 107.772647028737424, -7.005612059448936 ], [ 107.772578789079887, -7.0056205256667 ], [ 107.772554117978245, -7.005471771505029 ] ] ] ] } },
{ "type": "Feature", "properties": { "TIPE_HAK_1": "HAK MILIK" }, "geometry": { "type": "MultiPolygon", "coordinates": [ [ [ [ 107.772480086686699, -7.005491718467965 ], [ 107.772553199770414, -7.005470552923612 ], [ 107.772578789079887, -7.005616292557818 ], [ 107.772498974248322, -7.0056205256667 ], [ 107.772480086686699, -7.005491718467965 ] ] ] ] } },
{ "type": "Feature", "properties": { "TIPE_HAK_1": "HAK MILIK" }, "geometry": { "type": "MultiPolygon", "coordinates": [ [ [ [ 107.772639103911558, -7.00558018837495 ], [ 107.772698524817145, -7.005576166606772 ], [ 107.772712646871241, -7.005698793664351 ], [ 107.772654127086355, -7.005705496311577 ], [ 107.772639103911558, -7.00558018837495 ] ] ] ] } },
{ "type": "Feature", "properties": { "TIPE_HAK_1": "HAK MILIK" }, "geometry": { "type": "MultiPolygon", "coordinates": [ [ [ [ 107.772654089314813, -7.005703329844778 ], [ 107.772663588853618, -7.005794140686987 ], [ 107.772786664672878, -7.005772641494161 ], [ 107.772774164995781, -7.005689274340511 ], [ 107.772654089314813, -7.005703329844778 ] ] ] ] } },
{ "type": "Feature", "properties": { "TIPE_HAK_1": "HAK MILIK" }, "geometry": { "type": "MultiPolygon", "coordinates": [ [ [ [ 107.772499861879169, -7.005618695546332 ], [ 107.772514360749199, -7.005721416110418 ], [ 107.772591855329892, -7.0057144688476 ], [ 107.772578856529094, -7.005616214316774 ], [ 107.772499861879169, -7.005618695546332 ] ] ] ] } },
{ "type": "Feature", "properties": { "TIPE_HAK_1": "HAK MILIK" }, "geometry": { "type": "MultiPolygon", "coordinates": [ [ [ [ 107.772326828720225, -7.005551812066415 ], [ 107.772337929951561, -7.005624043814521 ], [ 107.772421189186616, -7.005612412882499 ], [ 107.772411937860682, -7.005523653393823 ], [ 107.772326828720225, -7.005551812066415 ] ] ] ] } },
{ "type": "Feature", "properties": { "TIPE_HAK_1": "HAK MILIK" }, "geometry": { "type": "MultiPolygon", "coordinates": [ [ [ [ 107.772234434171878, -7.00558424431739 ], [ 107.772309619293537, -7.005558012891925 ], [ 107.772321011005886, -7.005627209428098 ], [ 107.77242307956152, -7.005612736638454 ], [ 107.772429744437204, -7.005697413204985 ], [ 107.772334054772898, -7.005710528917746 ], [ 107.772324485086983, -7.005648568326706 ], [ 107.772247932995754, -7.005660779321488 ], [ 107.772234434171878, -7.00558424431739 ] ] ] ] } },
{ "type": "Feature", "properties": { "TIPE_HAK_1": "HAK MILIK" }, "geometry": { "type": "MultiPolygon", "coordinates": [ [ [ [ 107.772248858398143, -7.005659880898747 ], [ 107.772263711601056, -7.00573689973811 ], [ 107.772336460459371, -7.005725768829109 ], [ 107.772324638871055, -7.005648147443992 ], [ 107.772248858398143, -7.005659880898747 ] ] ] ] } },
{ "type": "Feature", "properties": { "TIPE_HAK_1": "HAK MILIK" }, "geometry": { "type": "MultiPolygon", "coordinates": [ [ [ [ 107.772513784283774, -7.005720118388695 ], [ 107.772523547323885, -7.005820028571407 ], [ 107.772545093281508, -7.005818357631028 ], [ 107.77254515623406, -7.005821477379243 ], [ 107.772591370595364, -7.005814978878107 ], [ 107.772580710031775, -7.005714324056783 ], [ 107.772513784283774, -7.005720118388695 ] ] ] ] } },
{ "type": "Feature", "properties": { "TIPE_HAK_1": "HAK MILIK" }, "geometry": { "type": "MultiPolygon", "coordinates": [ [ [ [ 107.772438657618011, -7.005695966195844 ], [ 107.772511699655297, -7.005686946895025 ], [ 107.772517291639758, -7.005747303994838 ], [ 107.772442851156711, -7.005756322396337 ], [ 107.772438657618011, -7.005695966195844 ] ] ] ] } },
{ "type": "Feature", "properties": { "TIPE_HAK_1": "HAK MILIK" }, "geometry": { "type": "MultiPolygon", "coordinates": [ [ [ [ 107.772444797289609, -7.005754735092921 ], [ 107.772451786820568, -7.005828966033903 ], [ 107.772524479920889, -7.005821335286328 ], [ 107.772516791616681, -7.005746410068696 ], [ 107.772444797289609, -7.005754735092921 ] ] ] ] } },
{ "type": "Feature", "properties": { "TIPE_HAK_1": "HAK MILIK" }, "geometry": { "type": "MultiPolygon", "coordinates": [ [ [ [ 107.772479396906704, -7.005824803971507 ], [ 107.772484952918319, -7.005891609210323 ], [ 107.772551704197838, -7.005885712355678 ], [ 107.772545064503163, -7.005818071646615 ], [ 107.772479396906704, -7.005824803971507 ] ] ] ] } },
{ "type": "Feature", "properties": { "TIPE_HAK_1": "HAK MILIK" }, "geometry": { "type": "MultiPolygon", "coordinates": [ [ [ [ 107.77270056717748, -7.005786420007212 ], [ 107.772707085463708, -7.005833234216311 ], [ 107.772790500281417, -7.005820674284621 ], [ 107.772786282461027, -7.005771576696873 ], [ 107.77270056717748, -7.005786420007212 ] ] ] ] } },
{ "type": "Feature", "properties": { "TIPE_HAK_1": "HAK MILIK" }, "geometry": { "type": "MultiPolygon", "coordinates": [ [ [ [ 107.772707357958268, -7.005831580363122 ], [ 107.772716680330575, -7.005895318913815 ], [ 107.772795053548919, -7.005886066688561 ], [ 107.772790565931928, -7.005820614929405 ], [ 107.772707357958268, -7.005831580363122 ] ] ] ] } },
{ "type": "Feature", "properties": { "TIPE_HAK_1": "HAK MILIK" }, "geometry": { "type": "MultiPolygon", "coordinates": [ [ [ [ 107.772715843061746, -7.005894167781548 ], [ 107.772729677332791, -7.005987998547255 ], [ 107.77280634453723, -7.005975983604685 ], [ 107.772795392593366, -7.005885013582485 ], [ 107.772715843061746, -7.005894167781548 ] ] ] ] } },
{ "type": "Feature", "properties": { "TIPE_HAK_1": "HAK MILIK" }, "geometry": { "type": "MultiPolygon", "coordinates": [ [ [ [ 107.772771849241508, -7.005991990637824 ], [ 107.772814661467521, -7.005984108979419 ], [ 107.772832959973186, -7.006087598463864 ], [ 107.772746645741165, -7.006104733246787 ], [ 107.77274491904285, -7.006094109555477 ], [ 107.772742649153997, -7.006075177027753 ], [ 107.772783329087417, -7.006067195544574 ], [ 107.772771849241508, -7.005991990637824 ] ] ] ] } },
{ "type": "Feature", "properties": { "TIPE_HAK_1": "HAK MILIK" }, "geometry": { "type": "MultiPolygon", "coordinates": [ [ [ [ 107.772633994863043, -7.005880999908186 ], [ 107.772710433639645, -7.005871155029752 ], [ 107.772724269709329, -7.005951106558257 ], [ 107.772651896767684, -7.005959226537016 ], [ 107.772649694327981, -7.005922685283679 ], [ 107.772633994863043, -7.005880999908186 ] ] ] ] } },
{ "type": "Feature", "properties": { "TIPE_HAK_1": "HAK MILIK" }, "geometry": { "type": "MultiPolygon", "coordinates": [ [ [ [ 107.772651291523971, -7.005958639279754 ], [ 107.772658835936568, -7.00602920908068 ], [ 107.772734526477279, -7.006018035903594 ], [ 107.77272521129953, -7.005949844809436 ], [ 107.772651291523971, -7.005958639279754 ] ] ] ] } },
{ "type": "Feature", "properties": { "TIPE_HAK_1": "HAK MILIK" }, "geometry": { "type": "MultiPolygon", "coordinates": [ [ [ [ 107.772658705534866, -7.006028617326763 ], [ 107.772667624111648, -7.006107652446133 ], [ 107.772745661882823, -7.006095006179521 ], [ 107.772735150606763, -7.006017235506988 ], [ 107.772658705534866, -7.006028617326763 ] ] ] ] } },
{ "type": "Feature", "properties": { "TIPE_HAK_1": "HAK MILIK" }, "geometry": { "type": "MultiPolygon", "coordinates": [ [ [ [ 107.77279735041742, -7.005764303879459 ], [ 107.772800887451069, -7.0058183765168 ], [ 107.772879777779565, -7.005807492022086 ], [ 107.772868810547209, -7.005750960638295 ], [ 107.77279735041742, -7.005764303879459 ] ] ] ] } },
{ "type": "Feature", "properties": { "TIPE_HAK_1": "HAK MILIK" }, "geometry": { "type": "MultiPolygon", "coordinates": [ [ [ [ 107.772942547760408, -7.005737218098091 ], [ 107.77296870094483, -7.005879464765428 ], [ 107.772965431009879, -7.005951685721698 ], [ 107.772902107046662, -7.005961517110279 ], [ 107.772869385213994, -7.005751127012843 ], [ 107.772942547760408, -7.005737218098091 ] ] ] ] } },
{ "type": "Feature", "properties": { "TIPE_HAK_1": "HAK MILIK" }, "geometry": { "type": "MultiPolygon", "coordinates": [ [ [ [ 107.772902128630392, -7.00596040734689 ], [ 107.772914869325803, -7.006035965687204 ], [ 107.772975388303564, -7.00602616487555 ], [ 107.772966469726839, -7.005950923096577 ], [ 107.772902128630392, -7.00596040734689 ] ] ] ] } },
{ "type": "Feature", "properties": { "TIPE_HAK_1": "HAK MILIK" }, "geometry": { "type": "MultiPolygon", "coordinates": [ [ [ [ 107.772954138222985, -7.005742547480509 ], [ 107.773035003462724, -7.005727955080999 ], [ 107.773052156232097, -7.005829496633908 ], [ 107.772970066115704, -7.005842266107663 ], [ 107.772954138222985, -7.005742547480509 ] ] ] ] } },
{ "type": "Feature", "properties": { "TIPE_HAK_1": "HAK MILIK" }, "geometry": { "type": "MultiPolygon", "coordinates": [ [ [ [ 107.773032157108446, -7.005728394849484 ], [ 107.773138059473922, -7.005708686206845 ], [ 107.773157916504715, -7.005813250381152 ], [ 107.773050359386616, -7.005828579325453 ], [ 107.773032157108446, -7.005728394849484 ] ] ] ] } },
{ "type": "Feature", "properties": { "TIPE_HAK_1": "HAK MILIK" }, "geometry": { "type": "MultiPolygon", "coordinates": [ [ [ [ 107.772969828694727, -7.005839528571357 ], [ 107.772976447704934, -7.0058783981695 ], [ 107.772976447704934, -7.00593588103601 ], [ 107.773066354728542, -7.005921099778902 ], [ 107.773051461955447, -7.005828031638316 ], [ 107.772969828694727, -7.005839528571357 ] ] ] ] } },
{ "type": "Feature", "properties": { "TIPE_HAK_1": "HAK MILIK" }, "geometry": { "type": "MultiPolygon", "coordinates": [ [ [ [ 107.773050500580212, -7.005826746507125 ], [ 107.7730660876299, -7.005923526149786 ], [ 107.773172657292378, -7.005904817553244 ], [ 107.773157795096211, -7.005813434742151 ], [ 107.773050500580212, -7.005826746507125 ] ] ] ] } },
{ "type": "Feature", "properties": { "TIPE_HAK_1": "HAK MILIK" }, "geometry": { "type": "MultiPolygon", "coordinates": [ [ [ [ 107.772989788248196, -7.00606753908562 ], [ 107.77306590596686, -7.006062611700145 ], [ 107.773080247455539, -7.00616224848892 ], [ 107.773000268947328, -7.006172650947065 ], [ 107.772989788248196, -7.00606753908562 ] ] ] ] } },
{ "type": "Feature", "properties": { "TIPE_HAK_1": "HAK MILIK" }, "geometry": { "type": "MultiPolygon", "coordinates": [ [ [ [ 107.77273383040199, -7.006112275860801 ], [ 107.772748346359151, -7.006207037424815 ], [ 107.772670180884177, -7.006215349858451 ], [ 107.772685813799342, -7.006332277912236 ], [ 107.772757107554526, -7.006322313423993 ], [ 107.772775141659508, -7.006429158278991 ], [ 107.772878433293101, -7.006377066848131 ], [ 107.772834866535902, -7.006093044758188 ], [ 107.77273383040199, -7.006112275860801 ] ] ] ] } },
{ "type": "Feature", "properties": { "TIPE_HAK_1": "HAK MILIK" }, "geometry": { "type": "MultiPolygon", "coordinates": [ [ [ [ 107.772672200761519, -7.00621643354151 ], [ 107.772623770470716, -7.006222722500581 ], [ 107.772635538998998, -7.006314816675399 ], [ 107.772684421648819, -7.006306729971584 ], [ 107.772672200761519, -7.00621643354151 ] ] ] ] } },
{ "type": "Feature", "properties": { "TIPE_HAK_1": "HAK MILIK" }, "geometry": { "type": "MultiPolygon", "coordinates": [ [ [ [ 107.772562057193227, -7.006227527578289 ], [ 107.77257866497348, -7.00632027196292 ], [ 107.772635330356252, -7.006313339089274 ], [ 107.772625084380195, -7.00622116577415 ], [ 107.772562057193227, -7.006227527578289 ] ] ] ] } },
{ "type": "Feature", "properties": { "TIPE_HAK_1": "HAK MILIK" }, "geometry": { "type": "MultiPolygon", "coordinates": [ [ [ [ 107.772457546078954, -7.006198327490779 ], [ 107.77247784737483, -7.006331916384795 ], [ 107.772579357451434, -7.00631997518667 ], [ 107.772563191238362, -7.006227806368145 ], [ 107.772559055256238, -7.006227806368145 ], [ 107.772554167440944, -7.006186386292654 ], [ 107.772457546078954, -7.006198327490779 ] ] ] ] } },
{ "type": "Feature", "properties": { "TIPE_HAK_1": "HAK MILIK" }, "geometry": { "type": "MultiPolygon", "coordinates": [ [ [ [ 107.772666571904836, -7.00613212299902 ], [ 107.772549865983592, -7.006142912165615 ], [ 107.772554443532783, -7.00618209113054 ], [ 107.772558486884748, -7.006183532743819 ], [ 107.772562805429175, -7.006221196351078 ], [ 107.772672763737091, -7.006210172461465 ], [ 107.772666571904836, -7.00613212299902 ] ] ] ] } },
{ "type": "Feature", "properties": { "TIPE_HAK_1": "HAK MILIK" }, "geometry": { "type": "MultiPolygon", "coordinates": [ [ [ [ 107.772638209985473, -7.005923684430456 ], [ 107.772512758157347, -7.005939467532357 ], [ 107.772525568100548, -7.00606968306937 ], [ 107.772574617124917, -7.006062699833706 ], [ 107.772569316520787, -7.00600307298339 ], [ 107.7726461779788, -7.005996058271421 ], [ 107.772638209985473, -7.005923684430456 ] ] ] ] } },
{ "type": "Feature", "properties": { "TIPE_HAK_1": "HAK MILIK" }, "geometry": { "type": "MultiPolygon", "coordinates": [ [ [ [ 107.772442013887883, -7.006084176543482 ], [ 107.772655561505019, -7.006062981321463 ], [ 107.772662017738014, -7.006131989000039 ], [ 107.772551270724648, -7.006142833924571 ], [ 107.772554747503648, -7.006180788012898 ], [ 107.772455422779615, -7.006193603352074 ], [ 107.772442013887883, -7.006084176543482 ] ] ] ] } },
{ "type": "Feature", "properties": { "TIPE_HAK_1": "HAK MILIK" }, "geometry": { "type": "MultiPolygon", "coordinates": [ [ [ [ 107.772335217596265, -7.005724281350467 ], [ 107.772344326829284, -7.005781445856996 ], [ 107.772438359942441, -7.00576598830969 ], [ 107.772430132045031, -7.005696865517905 ], [ 107.772332866768465, -7.005709406563824 ], [ 107.772335217596265, -7.005724281350467 ] ] ] ] } },
{ "type": "Feature", "properties": { "TIPE_HAK_1": "HAK MILIK" }, "geometry": { "type": "MultiPolygon", "coordinates": [ [ [ [ 107.772264033558372, -7.005735352904139 ], [ 107.772271967377435, -7.005796601232134 ], [ 107.772345724375725, -7.005784059286839 ], [ 107.772336321064415, -7.005725144699625 ], [ 107.772264033558372, -7.005735352904139 ] ] ] ] } },
{ "type": "Feature", "properties": { "TIPE_HAK_1": "HAK MILIK" }, "geometry": { "type": "MultiPolygon", "coordinates": [ [ [ [ 107.772271720063884, -7.005796496011442 ], [ 107.772280829296903, -7.005855701979044 ], [ 107.772353410881294, -7.005851910437286 ], [ 107.772345182983884, -7.005783371305483 ], [ 107.772271720063884, -7.005796496011442 ] ] ] ] } },
{ "type": "Feature", "properties": { "TIPE_HAK_1": "HAK MILIK" }, "geometry": { "type": "MultiPolygon", "coordinates": [ [ [ [ 107.772390573566156, -7.005772229604645 ], [ 107.772401445470393, -7.005850685560631 ], [ 107.772354135734815, -7.005857977263815 ], [ 107.772344438345215, -7.005780396348143 ], [ 107.772390573566156, -7.005772229604645 ] ] ] ] } },
{ "type": "Feature", "properties": { "TIPE_HAK_1": "HAK MILIK" }, "geometry": { "type": "MultiPolygon", "coordinates": [ [ [ [ 107.772438039783765, -7.005765446018472 ], [ 107.772446267681175, -7.005845359775492 ], [ 107.772449793922931, -7.005849734977232 ], [ 107.772450156349691, -7.005895322511094 ], [ 107.772415776167179, -7.005898239012481 ], [ 107.772418714252296, -7.005926238505083 ], [ 107.772362882541074, -7.005930905087155 ], [ 107.772353773308055, -7.005856532053258 ], [ 107.772401083942952, -7.005850699050484 ], [ 107.772390505217686, -7.005772433750792 ], [ 107.772438039783765, -7.005765446018472 ] ] ] ] } },
{ "type": "Feature", "properties": { "TIPE_HAK_1": "HAK MILIK" }, "geometry": { "type": "MultiPolygon", "coordinates": [ [ [ [ 107.772363830426514, -7.005930114583066 ], [ 107.772372570937478, -7.0059946616243 ], [ 107.772451589869036, -7.005986333002795 ], [ 107.77244984158699, -7.005921785961618 ], [ 107.772363830426514, -7.005930114583066 ] ] ] ] } },
{ "type": "Feature", "properties": { "TIPE_HAK_1": "HAK MILIK" }, "geometry": { "type": "MultiPolygon", "coordinates": [ [ [ [ 107.772224324892761, -7.005586549279769 ], [ 107.772153416946708, -7.005610008994665 ], [ 107.772184144083042, -7.005760738067579 ], [ 107.772255642883692, -7.005743729189703 ], [ 107.772224324892761, -7.005586549279769 ] ] ] ] } },
{ "type": "Feature", "properties": { "TIPE_HAK_1": "HAK MILIK" }, "geometry": { "type": "MultiPolygon", "coordinates": [ [ [ [ 107.772057099555582, -7.00564813125618 ], [ 107.772155189510443, -7.005610008994665 ], [ 107.772185916646777, -7.005761324425521 ], [ 107.77207778126467, -7.005784197782475 ], [ 107.772057099555582, -7.00564813125618 ] ] ] ] } },
{ "type": "Feature", "properties": { "TIPE_HAK_1": "HAK MILIK" }, "geometry": { "type": "MultiPolygon", "coordinates": [ [ [ [ 107.771995033743849, -7.005674565928416 ], [ 107.772056827960284, -7.005648891183341 ], [ 107.77207934158838, -7.005791525458505 ], [ 107.772019463827235, -7.005804363280674 ], [ 107.771995033743849, -7.005674565928416 ] ] ] ] } },
{ "type": "Feature", "properties": { "TIPE_HAK_1": "HAK MILIK" }, "geometry": { "type": "MultiPolygon", "coordinates": [ [ [ [ 107.772019939568622, -7.005802717521362 ], [ 107.772041504411959, -7.005914446594375 ], [ 107.772133802732867, -7.005895183116138 ], [ 107.772108356415572, -7.005777032883714 ], [ 107.772078596949768, -7.005783025965854 ], [ 107.772079027724999, -7.005791587511681 ], [ 107.772019939568622, -7.005802717521362 ] ] ] ] } },
{ "type": "Feature", "properties": { "TIPE_HAK_1": "HAK MILIK" }, "geometry": { "type": "MultiPolygon", "coordinates": [ [ [ [ 107.772255311033859, -7.005743483674792 ], [ 107.772272131054081, -7.005856496979732 ], [ 107.772256604258928, -7.005857781211603 ], [ 107.772253585234807, -7.005871051607699 ], [ 107.772132390797253, -7.005895880090748 ], [ 107.772107375255246, -7.005776446525715 ], [ 107.772255311033859, -7.005743483674792 ] ] ] ] } },
{ "type": "Feature", "properties": { "TIPE_HAK_1": "HAK MILIK" }, "geometry": { "type": "MultiPolygon", "coordinates": [ [ [ [ 107.772040870389901, -7.005913538279117 ], [ 107.772053462697215, -7.005973217290091 ], [ 107.772144126050648, -7.005952907900337 ], [ 107.772132792794196, -7.005894478946971 ], [ 107.772040870389901, -7.005913538279117 ] ] ] ] } },
{ "type": "Feature", "properties": { "TIPE_HAK_1": "HAK MILIK" }, "geometry": { "type": "MultiPolygon", "coordinates": [ [ [ [ 107.772149796276153, -7.00597944509525 ], [ 107.772241089154988, -7.005969447332063 ], [ 107.772255669863341, -7.005870742240916 ], [ 107.772131951928088, -7.00589542593309 ], [ 107.772149796276153, -7.00597944509525 ] ] ] ] } },
{ "type": "Feature", "properties": { "TIPE_HAK_1": "HAK MILIK" }, "geometry": { "type": "MultiPolygon", "coordinates": [ [ [ [ 107.77226606872415, -7.005865804063546 ], [ 107.772345235144542, -7.005861527787204 ], [ 107.77237633370089, -7.006084551560775 ], [ 107.772331633797933, -7.006090431328289 ], [ 107.772317632252964, -7.005990475280157 ], [ 107.772248159624951, -7.005978715745073 ], [ 107.77226606872415, -7.005865804063546 ] ] ] ] } },
{ "type": "Feature", "properties": { "TIPE_HAK_1": "HAK MILIK" }, "geometry": { "type": "MultiPolygon", "coordinates": [ [ [ [ 107.772042842603184, -7.005985426486177 ], [ 107.772127075803951, -7.005968565097135 ], [ 107.772138400966469, -7.006029335885103 ], [ 107.772055229865032, -7.006047953650068 ], [ 107.772042842603184, -7.005985426486177 ] ] ] ] } },
{ "type": "Feature", "properties": { "TIPE_HAK_1": "HAK MILIK" }, "geometry": { "type": "MultiPolygon", "coordinates": [ [ [ [ 107.77214134804484, -7.006131320803775 ], [ 107.772253540268707, -7.006112352303148 ], [ 107.772242709733348, -7.005979593483403 ], [ 107.772141842671942, -7.005991185744563 ], [ 107.772135118441042, -7.005967650486639 ], [ 107.77212662434431, -7.005968352857167 ], [ 107.772138303839711, -7.006029475280002 ], [ 107.772054424072451, -7.006048093045024 ], [ 107.772065042367899, -7.006099378683359 ], [ 107.772091211740076, -7.006104196351544 ], [ 107.77214134804484, -7.006131320803775 ] ] ] ] } },
{ "type": "Feature", "properties": { "TIPE_HAK_1": "HAK MILIK" }, "geometry": { "type": "MultiPolygon", "coordinates": [ [ [ [ 107.772291369351251, -7.006103323109812 ], [ 107.772351741739556, -7.006096016118192 ], [ 107.772359103589793, -7.006177859820355 ], [ 107.772300695320894, -7.006186628210287 ], [ 107.772291369351251, -7.006103323109812 ] ] ] ] } },
{ "type": "Feature", "properties": { "TIPE_HAK_1": "HAK MILIK" }, "geometry": { "type": "MultiPolygon", "coordinates": [ [ [ [ 107.772350692230702, -7.006096054789055 ], [ 107.772431924393857, -7.006085616358064 ], [ 107.772440264706518, -7.006169480836832 ], [ 107.77235822405288, -7.006178922819004 ], [ 107.772350692230702, -7.006096054789055 ] ] ] ] } },
{ "type": "Feature", "properties": { "TIPE_HAK_1": "HAK MILIK" }, "geometry": { "type": "MultiPolygon", "coordinates": [ [ [ [ 107.772141081845518, -7.006130290180693 ], [ 107.772158125796921, -7.006205156043052 ], [ 107.772292498000468, -7.006188238896073 ], [ 107.772283069508092, -7.006107254945789 ], [ 107.772141081845518, -7.006130290180693 ] ] ] ] } },
{ "type": "Feature", "properties": { "TIPE_HAK_1": "HAK MILIK" }, "geometry": { "type": "MultiPolygon", "coordinates": [ [ [ [ 107.772159290418983, -7.00621180922758 ], [ 107.77216753090687, -7.006254123229155 ], [ 107.77217433697615, -7.00629501450328 ], [ 107.772281792470778, -7.006283920466501 ], [ 107.772272455709299, -7.00619771954905 ], [ 107.772159290418983, -7.00621180922758 ] ] ] ] } },
{ "type": "Feature", "properties": { "TIPE_HAK_1": "HAK MILIK" }, "geometry": { "type": "MultiPolygon", "coordinates": [ [ [ [ 107.772247246813038, -7.006032125582067 ], [ 107.772323158586971, -7.006026911312858 ], [ 107.772331774991471, -7.006091054558453 ], [ 107.772281690847421, -7.006096399229421 ], [ 107.772283306029806, -7.006107090369881 ], [ 107.772251532082578, -7.006112435040791 ], [ 107.772247246813038, -7.006032125582067 ] ] ] ] } },
{ "type": "Feature", "properties": { "TIPE_HAK_1": "HAK MILIK" }, "geometry": { "type": "MultiPolygon", "coordinates": [ [ [ [ 107.77227150602522, -7.006197776206363 ], [ 107.772356655635235, -7.006187507747256 ], [ 107.772364216235644, -7.006274391250088 ], [ 107.772280260026037, -7.006284264906867 ], [ 107.77227150602522, -7.006197776206363 ] ] ] ] } },
{ "type": "Feature", "properties": { "TIPE_HAK_1": "HAK MILIK" }, "geometry": { "type": "MultiPolygon", "coordinates": [ [ [ [ 107.772354335384307, -7.006187432204172 ], [ 107.772440764729595, -7.00617692812267 ], [ 107.772456346383365, -7.006265922334421 ], [ 107.772363448214605, -7.006274092675199 ], [ 107.772354335384307, -7.006187432204172 ] ] ] ] } },
{ "type": "Feature", "properties": { "TIPE_HAK_1": "HAK MILIK" }, "geometry": { "type": "MultiPolygon", "coordinates": [ [ [ [ 107.771800567941909, -7.005732313195665 ], [ 107.771891273563483, -7.005704330790195 ], [ 107.771927433504288, -7.005884996495354 ], [ 107.771832912958644, -7.00590566381527 ], [ 107.771800567941909, -7.005732313195665 ] ] ] ] } },
{ "type": "Feature", "properties": { "TIPE_HAK_1": "HAK MILIK" }, "geometry": { "type": "MultiPolygon", "coordinates": [ [ [ [ 107.771710172586438, -7.005758114745163 ], [ 107.771805167974208, -7.005731349122414 ], [ 107.771849997379547, -7.005989642507927 ], [ 107.771758679319646, -7.006007891550894 ], [ 107.771710172586438, -7.005758114745163 ] ] ] ] } },
{ "type": "Feature", "properties": { "TIPE_HAK_1": "HAK MILIK" }, "geometry": { "type": "MultiPolygon", "coordinates": [ [ [ [ 107.7716366584051, -7.005785412766556 ], [ 107.771712178074608, -7.00575927666921 ], [ 107.77174049772583, -7.00591066674383 ], [ 107.771654545021306, -7.005922995549781 ], [ 107.7716366584051, -7.005785412766556 ] ] ] ] } },
{ "type": "Feature", "properties": { "TIPE_HAK_1": "HAK MILIK" }, "geometry": { "type": "MultiPolygon", "coordinates": [ [ [ [ 107.771654592685366, -7.00592212050941 ], [ 107.771660796208835, -7.0059665182402 ], [ 107.771749280504935, -7.005954203823421 ], [ 107.771740137997028, -7.005910129848587 ], [ 107.771654592685366, -7.00592212050941 ] ] ] ] } },
{ "type": "Feature", "properties": { "TIPE_HAK_1": "HAK MILIK" }, "geometry": { "type": "MultiPolygon", "coordinates": [ [ [ [ 107.77166046975492, -7.005965222317116 ], [ 107.771649694977498, -7.006045267375157 ], [ 107.771703242410751, -7.006051748789105 ], [ 107.771711405556971, -7.005959064659066 ], [ 107.77166046975492, -7.005965222317116 ] ] ] ] } },
{ "type": "Feature", "properties": { "TIPE_HAK_1": "HAK MILIK" }, "geometry": { "type": "MultiPolygon", "coordinates": [ [ [ [ 107.771705100410088, -7.006051435825043 ], [ 107.771727302872762, -7.006062454318737 ], [ 107.771739710819077, -7.006076389313876 ], [ 107.771747546612062, -7.006091944887316 ], [ 107.771772688059173, -7.006102314969837 ], [ 107.77176069649903, -7.006005310496619 ], [ 107.7717475978734, -7.005953939422739 ], [ 107.771711355194952, -7.005959124913659 ], [ 107.771702988801962, -7.00605180094982 ], [ 107.771705100410088, -7.006051435825043 ] ] ] ] } },
{ "type": "Feature", "properties": { "TIPE_HAK_1": "HAK MILIK" }, "geometry": { "type": "MultiPolygon", "coordinates": [ [ [ [ 107.771762658819682, -7.006017562860166 ], [ 107.771849245546321, -7.006010496886859 ], [ 107.771854068610423, -7.006047881704319 ], [ 107.771765873896015, -7.006055176105463 ], [ 107.771762658819682, -7.006017562860166 ] ] ] ] } },
{ "type": "Feature", "properties": { "TIPE_HAK_1": "HAK MILIK" }, "geometry": { "type": "MultiPolygon", "coordinates": [ [ [ [ 107.771766333449591, -7.006055134736641 ], [ 107.771771845394426, -7.006103234076932 ], [ 107.771784018617609, -7.006106425770895 ], [ 107.771859810781677, -7.006102550592175 ], [ 107.771854757491099, -7.006047155951421 ], [ 107.771766333449591, -7.006055134736641 ] ] ] ] } },
{ "type": "Feature", "properties": { "TIPE_HAK_1": "HAK MILIK" }, "geometry": { "type": "MultiPolygon", "coordinates": [ [ [ [ 107.772455970466751, -7.006264218119099 ], [ 107.772466982665151, -7.006341206381535 ], [ 107.77230131225582, -7.006344532973799 ], [ 107.772298918260503, -7.00628132682175 ], [ 107.772455970466751, -7.006264218119099 ] ] ] ] } },
{ "type": "Feature", "properties": { "TIPE_HAK_1": "HAK MILIK" }, "geometry": { "type": "MultiPolygon", "coordinates": [ [ [ [ 107.772174688611074, -7.00629400186665 ], [ 107.772183742086099, -7.006346632890768 ], [ 107.772301866238195, -7.00634534865884 ], [ 107.772300142237839, -7.006281593021072 ], [ 107.772174688611074, -7.00629400186665 ] ] ] ] } },
{ "type": "Feature", "properties": { "TIPE_HAK_1": "HAK MILIK" }, "geometry": { "type": "MultiPolygon", "coordinates": [ [ [ [ 107.772466617540431, -7.006346645481244 ], [ 107.77247049721575, -7.006436503042153 ], [ 107.772418332939765, -7.006435646887553 ], [ 107.772417470489927, -7.006345790225964 ], [ 107.772466617540431, -7.006346645481244 ] ] ] ] } },
{ "type": "Feature", "properties": { "TIPE_HAK_1": "HAK MILIK" }, "geometry": { "type": "MultiPolygon", "coordinates": [ [ [ [ 107.772367085972292, -7.006347006109422 ], [ 107.772417412033974, -7.006346373886004 ], [ 107.772419323093345, -7.006437106487226 ], [ 107.772361671154272, -7.006437738710645 ], [ 107.772367085972292, -7.006347006109422 ] ] ] ] } },
{ "type": "Feature", "properties": { "TIPE_HAK_1": "HAK MILIK" }, "geometry": { "type": "MultiPolygon", "coordinates": [ [ [ [ 107.772418014579785, -7.00643552008313 ], [ 107.772419306006213, -7.006519068899877 ], [ 107.772442286382443, -7.006523169808418 ], [ 107.772474000974398, -7.006519068899877 ], [ 107.772470128493694, -7.006436032696683 ], [ 107.772418014579785, -7.00643552008313 ] ] ] ] } },
{ "type": "Feature", "properties": { "TIPE_HAK_1": "HAK MILIK" }, "geometry": { "type": "MultiPolygon", "coordinates": [ [ [ [ 107.772182743838641, -7.006345127425618 ], [ 107.772196373963538, -7.006417971612052 ], [ 107.772214032151908, -7.006443440412397 ], [ 107.772218226589928, -7.006461478114659 ], [ 107.772224167511354, -7.006467374969304 ], [ 107.772354526040601, -7.006505531405082 ], [ 107.772364311563763, -7.006433727734304 ], [ 107.77236801497196, -7.006342522089653 ], [ 107.772182743838641, -7.006345127425618 ] ] ] ] } },
{ "type": "Feature", "properties": { "TIPE_HAK_1": "HAK MILIK" }, "geometry": { "type": "MultiPolygon", "coordinates": [ [ [ [ 107.771622641571696, -7.005790287092054 ], [ 107.771448958202939, -7.005849464281312 ], [ 107.771481361675569, -7.005957526818349 ], [ 107.771534503514602, -7.005984542452609 ], [ 107.771581813250123, -7.006013488032011 ], [ 107.771626530240212, -7.006037287690617 ], [ 107.771640787192609, -7.006044363556498 ], [ 107.77165115637581, -7.005967175644571 ], [ 107.771622641571696, -7.005790287092054 ] ] ] ] } },
{ "type": "Feature", "properties": { "TIPE_HAK_1": "HAK MILIK" }, "geometry": { "type": "MultiPolygon", "coordinates": [ [ [ [ 107.771346765540841, -7.00588899937776 ], [ 107.771369470724551, -7.005962240165218 ], [ 107.771424341959857, -7.005947686436514 ], [ 107.771483493968105, -7.005959251718025 ], [ 107.771449436642229, -7.005848921090774 ], [ 107.771346765540841, -7.00588899937776 ] ] ] ] } },
{ "type": "Feature", "properties": { "TIPE_HAK_1": "HAK MILIK" }, "geometry": { "type": "MultiPolygon", "coordinates": [ [ [ [ 107.771204094393511, -7.005940216667625 ], [ 107.771347420247309, -7.005888102753715 ], [ 107.771370125431019, -7.005962751879451 ], [ 107.771334175931543, -7.005990451897787 ], [ 107.771271440124906, -7.006085258427902 ], [ 107.771251100158224, -7.006060375985498 ], [ 107.771230760191486, -7.006065070446596 ], [ 107.771204094393511, -7.005940216667625 ] ] ] ] } },
{ "type": "Feature", "properties": { "TIPE_HAK_1": "HAK MILIK" }, "geometry": { "type": "MultiPolygon", "coordinates": [ [ [ [ 107.771068303959112, -7.005980931674628 ], [ 107.771120674179826, -7.00596248478081 ], [ 107.77114400439234, -7.006093703961199 ], [ 107.77108438203868, -7.006100135912504 ], [ 107.771068303959112, -7.005980931674628 ] ] ] ] } },
{ "type": "Feature", "properties": { "TIPE_HAK_1": "HAK MILIK" }, "geometry": { "type": "MultiPolygon", "coordinates": [ [ [ [ 107.770968410863532, -7.006017699557162 ], [ 107.770980236049127, -7.006097513489408 ], [ 107.771077206348082, -7.006081550523106 ], [ 107.771060999665451, -7.005986026334028 ], [ 107.771015116254659, -7.006009031891267 ], [ 107.770968410863532, -7.006017699557162 ] ] ] ] } },
{ "type": "Feature", "properties": { "TIPE_HAK_1": "HAK MILIK" }, "geometry": { "type": "MultiPolygon", "coordinates": [ [ [ [ 107.77082786481418, -7.006062570331324 ], [ 107.770834014378295, -7.006122195382943 ], [ 107.770983016752893, -7.006100129617266 ], [ 107.770971191567298, -7.006016560116109 ], [ 107.77082786481418, -7.006062570331324 ] ] ] ] } },
{ "type": "Feature", "properties": { "TIPE_HAK_1": "HAK MILIK" }, "geometry": { "type": "MultiPolygon", "coordinates": [ [ [ [ 107.770834487421723, -7.006120317598516 ], [ 107.770899291669025, -7.006230178779674 ], [ 107.770997681098152, -7.006217032489985 ], [ 107.770984908926494, -7.006099190725024 ], [ 107.770834487421723, -7.006120317598516 ] ] ] ] } },
{ "type": "Feature", "properties": { "TIPE_HAK_1": "HAK MILIK" }, "geometry": { "type": "MultiPolygon", "coordinates": [ [ [ [ 107.771128963231149, -7.006094683322942 ], [ 107.771148440747993, -7.006265371050006 ], [ 107.771189527175011, -7.00620369194678 ], [ 107.77126245589767, -7.006095115896812 ], [ 107.771244993761513, -7.006076764331169 ], [ 107.771128963231149, -7.006094683322942 ] ] ] ] } },
{ "type": "Feature", "properties": { "TIPE_HAK_1": "HAK MILIK" }, "geometry": { "type": "MultiPolygon", "coordinates": [ [ [ [ 107.771048435237162, -7.006094705805992 ], [ 107.771084233650527, -7.006087255822138 ], [ 107.77108769873837, -7.006102728657936 ], [ 107.771126383975513, -7.00609642530975 ], [ 107.771150057729017, -7.006264339527604 ], [ 107.771073022701898, -7.006305710140339 ], [ 107.771048435237162, -7.006094705805992 ] ] ] ] } },
{ "type": "Feature", "properties": { "TIPE_HAK_1": "HAK MILIK" }, "geometry": { "type": "MultiPolygon", "coordinates": [ [ [ [ 107.770984282998313, -7.00610271606746 ], [ 107.771050726709746, -7.006094777751741 ], [ 107.771073808709389, -7.006307765990584 ], [ 107.771007025953566, -7.00631831144085 ], [ 107.770984282998313, -7.00610271606746 ] ] ] ] } },
{ "type": "Feature", "properties": { "TIPE_HAK_1": null }, "geometry": { "type": "MultiPolygon", "coordinates": [ [ [ [ 107.77089869361987, -7.006229684152572 ], [ 107.770951286872446, -7.006326820826075 ], [ 107.771008027798302, -7.006317309596113 ], [ 107.770997167585278, -7.006216632291682 ], [ 107.77089869361987, -7.006229684152572 ] ] ] ] } },
{ "type": "Feature", "properties": { "TIPE_HAK_1": "BELUM TERDAFTAR" }, "geometry": { "type": "MultiPolygon", "coordinates": [ [ [ [ 107.843903150010419, -6.968641182844294 ], [ 107.84383349302135, -6.96902434799523 ], [ 107.84393942956109, -6.969007062126195 ], [ 107.843961197651197, -6.968770824613841 ], [ 107.843985867853576, -6.968734813061133 ], [ 107.843993123583857, -6.968646944800639 ], [ 107.843903150010419, -6.968641182844294 ] ] ] ] } },
{ "type": "Feature", "properties": { "TIPE_HAK_1": "BELUM TERDAFTAR" }, "geometry": { "type": "MultiPolygon", "coordinates": [ [ [ [ 107.841977432612509, -6.968926858787484 ], [ 107.842076079247704, -6.968727961126433 ], [ 107.842094575604222, -6.968761620952023 ], [ 107.842153147549766, -6.968804460157685 ], [ 107.842288787797372, -6.968864129276085 ], [ 107.842384352455952, -6.968871778909431 ], [ 107.842442924401496, -6.968862599529302 ], [ 107.84254927912599, -6.968894728708733 ], [ 107.842667964455075, -6.968929918281049 ], [ 107.84277894259418, -6.968997237032795 ], [ 107.84281285243128, -6.96903395725127 ], [ 107.842849845144315, -6.96903395725127 ], [ 107.842925372008381, -6.969064556683918 ], [ 107.843098005868342, -6.969082916343496 ], [ 107.843108795034937, -6.969137995322171 ], [ 107.842942327826222, -6.969245093786014 ], [ 107.842948492678829, -6.969261923698753 ], [ 107.842741949881145, -6.969255803812246 ], [ 107.842689543687527, -6.969266513838477 ], [ 107.842273374316846, -6.969266513838477 ], [ 107.842202471766711, -6.969162474868256 ], [ 107.841977432612509, -6.968926858787484 ] ] ] ] } },
{ "type": "Feature", "properties": { "TIPE_HAK_1": "BELUM TERDAFTAR" }, "geometry": { "type": "MultiPolygon", "coordinates": [ [ [ [ 107.836747317334869, -6.967485401130318 ], [ 107.836927657485489, -6.967505290536678 ], [ 107.836741152482261, -6.968369730578559 ], [ 107.836514570990744, -6.968317711093448 ], [ 107.836303403879072, -6.968308531713319 ], [ 107.836150808712887, -6.968276401634569 ], [ 107.836033664821855, -6.96820755223672 ], [ 107.836056785492303, -6.968147883118263 ], [ 107.836087612453412, -6.968121873825396 ], [ 107.83615697446487, -6.967922976164346 ], [ 107.836184718549987, -6.967890846085652 ], [ 107.836221711263022, -6.967699598957267 ], [ 107.83627874177057, -6.967597089733886 ], [ 107.836358892948624, -6.967542010755153 ], [ 107.836455999045199, -6.967413491339528 ], [ 107.836587014978818, -6.967444091671439 ], [ 107.836500698948157, -6.967717958616845 ], [ 107.836449834192535, -6.967812817307617 ], [ 107.836395885661659, -6.968048434287766 ], [ 107.836593180730745, -6.968091274392748 ], [ 107.83664250494769, -6.967959695483501 ], [ 107.836674873346794, -6.967883196452306 ], [ 107.836673331908798, -6.967791397255155 ], [ 107.836747317334869, -6.967485401130318 ] ] ] ] } },
{ "type": "Feature", "properties": { "TIPE_HAK_1": "BELUM TERDAFTAR" }, "geometry": { "type": "MultiPolygon", "coordinates": [ [ [ [ 107.87990163645145, -6.960191241032874 ], [ 107.880306879958596, -6.960338735244363 ], [ 107.880099756198831, -6.961156656954131 ], [ 107.879991690963834, -6.961143248062399 ], [ 107.879874620817134, -6.960463881303042 ], [ 107.87990163645145, -6.960191241032874 ] ] ] ] } },
{ "type": "Feature", "properties": { "TIPE_HAK_1": "BELUM TERDAFTAR" }, "geometry": { "type": "MultiPolygon", "coordinates": [ [ [ [ 107.879613463990211, -6.960548802485221 ], [ 107.879739539048558, -6.960508576709401 ], [ 107.879847604283555, -6.960499637448265 ], [ 107.879874565059197, -6.960483376806337 ], [ 107.879999010545987, -6.961152044331357 ], [ 107.879720360106603, -6.961130560426966 ], [ 107.879457940631539, -6.96120575184392 ], [ 107.87957968185691, -6.960776087246586 ], [ 107.879613463990211, -6.960548802485221 ] ] ] ] } },
{ "type": "Feature", "properties": { "TIPE_HAK_1": "BELUM TERDAFTAR" }, "geometry": { "type": "MultiPolygon", "coordinates": [ [ [ [ 107.878803948243672, -6.961183223826652 ], [ 107.878844529251694, -6.961454449463247 ], [ 107.879147527936141, -6.961473247092613 ], [ 107.878931099790464, -6.96189485556306 ], [ 107.879085304743057, -6.961961990853126 ], [ 107.879123179691078, -6.961859945679919 ], [ 107.879136706393922, -6.961784754262965 ], [ 107.879198929587005, -6.961671967587165 ], [ 107.879231394213548, -6.961583349292084 ], [ 107.87923409937423, -6.961518899377666 ], [ 107.879334196615957, -6.961269156746141 ], [ 107.878803948243672, -6.961183223826652 ] ] ] ] } },
{ "type": "Feature", "properties": { "TIPE_HAK_1": "BELUM TERDAFTAR" }, "geometry": { "type": "MultiPolygon", "coordinates": [ [ [ [ 107.879472169704911, -6.961218133709849 ], [ 107.879331491455218, -6.961261100619254 ], [ 107.87903931431299, -6.961207392207314 ], [ 107.879372071563921, -6.960485017169788 ], [ 107.879472169704911, -6.960619287749864 ], [ 107.879623669496823, -6.960565579337981 ], [ 107.879472169704911, -6.961218133709849 ] ] ] ] } },
{ "type": "Feature", "properties": { "TIPE_HAK_1": "BELUM TERDAFTAR" }, "geometry": { "type": "MultiPolygon", "coordinates": [ [ [ [ 107.878941967198102, -6.962611508214479 ], [ 107.879103161681599, -6.962550110599068 ], [ 107.879178136361986, -6.962635695480913 ], [ 107.879200628406352, -6.96269895379362 ], [ 107.879180010549135, -6.962710117078188 ], [ 107.879365572163465, -6.962992917888812 ], [ 107.879427425735173, -6.963018965852541 ], [ 107.879412431338721, -6.963080363467952 ], [ 107.879425551548024, -6.963095247247793 ], [ 107.879328084823328, -6.963238508350457 ], [ 107.879200628406352, -6.96329618457122 ], [ 107.879106910955215, -6.963312929947733 ], [ 107.87908441801153, -6.963312929947733 ], [ 107.879080669637233, -6.963156644863204 ], [ 107.879039433922799, -6.963130597798795 ], [ 107.879035685548502, -6.963052454806871 ], [ 107.878953213220257, -6.962978034108914 ], [ 107.878949464845959, -6.962907333006967 ], [ 107.878953213220257, -6.962855238878149 ], [ 107.878940093010954, -6.962812446437226 ], [ 107.878949464845959, -6.962780817280873 ], [ 107.878934469550188, -6.962730582949973 ], [ 107.878941967198102, -6.962611508214479 ] ] ] ] } },
{ "type": "Feature", "properties": { "TIPE_HAK_1": "BELUM TERDAFTAR" }, "geometry": { "type": "MultiPolygon", "coordinates": [ [ [ [ 107.878744324091372, -6.962570997353623 ], [ 107.878944525769327, -6.962614619868759 ], [ 107.878939642450575, -6.96273385468362 ], [ 107.87894745576051, -6.962776507729586 ], [ 107.87894745576051, -6.96281528379825 ], [ 107.878944525769327, -6.962899620421126 ], [ 107.87895624483491, -6.962971355743434 ], [ 107.878965033909253, -6.96301788576676 ], [ 107.87895331484367, -6.963077988358407 ], [ 107.87895624483491, -6.963103192758069 ], [ 107.878967963900493, -6.96312064140443 ], [ 107.878961128153605, -6.963160386042944 ], [ 107.878968940564221, -6.963176866119454 ], [ 107.878968940564221, -6.96320303908891 ], [ 107.878946700330005, -6.963295396765091 ], [ 107.878914252790594, -6.963246136400016 ], [ 107.878795913700515, -6.963136249138529 ], [ 107.878797822961246, -6.963018783290181 ], [ 107.878744324091372, -6.962570997353623 ] ] ] ] } },
{ "type": "Feature", "properties": { "TIPE_HAK_1": "BELUM TERDAFTAR" }, "geometry": { "type": "MultiPolygon", "coordinates": [ [ [ [ 107.862670695296401, -6.965658460769305 ], [ 107.862674174773417, -6.965594561239982 ], [ 107.862695053434038, -6.965544477995195 ], [ 107.86279074489704, -6.965487486158509 ], [ 107.862806403892478, -6.965299241866489 ], [ 107.862856859456542, -6.965314784849397 ], [ 107.862884697071195, -6.96527851788926 ], [ 107.862869038075701, -6.965264701604667 ], [ 107.862884697071195, -6.965242250929066 ], [ 107.862882956883027, -6.965216345957572 ], [ 107.862893396213337, -6.965197348678657 ], [ 107.862921233827933, -6.965216345957572 ], [ 107.86298908767634, -6.965140356841971 ], [ 107.862978649245349, -6.965078184910283 ], [ 107.862997787717802, -6.965024647369546 ], [ 107.862996487298119, -6.964980604870959 ], [ 107.863005069528413, -6.964974094678666 ], [ 107.863005069528413, -6.964934678292707 ], [ 107.863012755134605, -6.964915606370084 ], [ 107.863005069528413, -6.964886997137171 ], [ 107.863017239154317, -6.964869832676584 ], [ 107.863019160106205, -6.964764933954484 ], [ 107.863084488658274, -6.964757305005548 ], [ 107.86325933844779, -6.964802442878408 ], [ 107.863275990294767, -6.964808164365252 ], [ 107.863430345434153, -6.964824058083764 ], [ 107.863532181065352, -6.964815793314187 ], [ 107.863667418416696, -6.964803673150925 ], [ 107.863794231818417, -6.964773157355296 ], [ 107.863707127981627, -6.964886319947652 ], [ 107.863602089864628, -6.964920014846768 ], [ 107.863511142325422, -6.964946716617646 ], [ 107.863426599757815, -6.964970239285094 ], [ 107.863338854704466, -6.965017284619933 ], [ 107.863236378755914, -6.965129812290968 ], [ 107.863099956997473, -6.965314814527005 ], [ 107.863088428588185, -6.965366946427366 ], [ 107.863021819401524, -6.965454043968919 ], [ 107.862898207586284, -6.965543683893827 ], [ 107.862770715196405, -6.965616814064674 ], [ 107.86267464421951, -6.965666401782983 ], [ 107.862670695296401, -6.965658460769305 ] ] ] ] } },
{ "type": "Feature", "properties": { "TIPE_HAK_1": "BELUM TERDAFTAR" }, "geometry": { "type": "MultiPolygon", "coordinates": [ [ [ [ 107.860495134542873, -6.966996447827739 ], [ 107.86057130981817, -6.966974107768806 ], [ 107.860627575002638, -6.966968093102992 ], [ 107.860623247464957, -6.967143377265018 ], [ 107.860570443770996, -6.967148533078273 ], [ 107.860537550167862, -6.967185479925888 ], [ 107.860515908882178, -6.967216413007009 ], [ 107.860502924470438, -6.967128770476336 ], [ 107.860495134542873, -6.966996447827739 ] ] ] ] } },
{ "type": "Feature", "properties": { "TIPE_HAK_1": "BELUM TERDAFTAR" }, "geometry": { "type": "MultiPolygon", "coordinates": [ [ [ [ 107.860266607817778, -6.966822022518272 ], [ 107.860309024342087, -6.966828896936022 ], [ 107.860362693183788, -6.966846940933522 ], [ 107.860412899635662, -6.966859829117766 ], [ 107.860497730885641, -6.966880450572262 ], [ 107.860490806105872, -6.966947471648439 ], [ 107.860492537300843, -6.96697153031181 ], [ 107.86050898410241, -6.967213834650693 ], [ 107.8604310776322, -6.967231878648249 ], [ 107.860259683038009, -6.967237034461505 ], [ 107.860269205059808, -6.967130489080773 ], [ 107.860266607817778, -6.966822022518272 ] ] ] ] } },
{ "type": "Feature", "properties": { "TIPE_HAK_1": "BELUM TERDAFTAR" }, "geometry": { "type": "MultiPolygon", "coordinates": [ [ [ [ 107.856969167992759, -6.966665453248027 ], [ 107.857096484115516, -6.966668581989438 ], [ 107.85711287156181, -6.966685473955408 ], [ 107.857104047413941, -6.96670048903627 ], [ 107.857105938688164, -6.966707996576758 ], [ 107.857097744965017, -6.966719882916209 ], [ 107.85710215703898, -6.966770558814176 ], [ 107.857171487574135, -6.966976390248192 ], [ 107.857105938688164, -6.967102141550527 ], [ 107.856877146663066, -6.967075865159018 ], [ 107.856861389641494, -6.967025815189174 ], [ 107.856931350601428, -6.967000789754593 ], [ 107.856955931770869, -6.966998912869485 ], [ 107.856974840016903, -6.966988277486962 ], [ 107.857020850232118, -6.966982646831639 ], [ 107.857048582626021, -6.966965128937488 ], [ 107.8569981603369, -6.966837501649309 ], [ 107.856967276718478, -6.966718006031101 ], [ 107.856969167992759, -6.966665453248027 ] ] ] ] } },
{ "type": "Feature", "properties": { "TIPE_HAK_1": "BELUM TERDAFTAR" }, "geometry": { "type": "MultiPolygon", "coordinates": [ [ [ [ 107.856462531320801, -6.967030418818752 ], [ 107.856557739847858, -6.96703452782117 ], [ 107.856582576424842, -6.967040690875137 ], [ 107.856585336444198, -6.967155741144495 ], [ 107.856595684942988, -6.967192035983601 ], [ 107.85659085558359, -6.967205048274309 ], [ 107.856553600268512, -6.96722696205461 ], [ 107.85650875557468, -6.967222853052192 ], [ 107.856463221100853, -6.967200939271891 ], [ 107.856429415585126, -6.967211211328276 ], [ 107.856334207058069, -6.967221483384719 ], [ 107.856316269180525, -6.967132456797401 ], [ 107.856359043634995, -6.96712697812751 ], [ 107.856439764083916, -6.967062605554759 ], [ 107.856462531320801, -6.967030418818752 ] ] ] ] } },
{ "type": "Feature", "properties": { "TIPE_HAK_1": "BELUM TERDAFTAR" }, "geometry": { "type": "MultiPolygon", "coordinates": [ [ [ [ 107.856046082260946, -6.967230046729242 ], [ 107.856119834762637, -6.967184800038467 ], [ 107.856147491613513, -6.967166498834786 ], [ 107.856212024265574, -6.967108542924848 ], [ 107.85628116684245, -6.967085156954397 ], [ 107.856302678625752, -6.967071430602005 ], [ 107.856338017485598, -6.967059737616751 ], [ 107.85639025910325, -6.967034826396059 ], [ 107.856398965439951, -6.967022625293851 ], [ 107.856432768257719, -6.967033301145875 ], [ 107.856446597132788, -6.967028726294643 ], [ 107.856458889066516, -6.967028726294643 ], [ 107.856444035863603, -6.96706075474998 ], [ 107.85635952836958, -6.967123793628105 ], [ 107.856315994887325, -6.96713243701231 ], [ 107.856331359804472, -6.967217845627033 ], [ 107.856330335476684, -6.967222420478265 ], [ 107.856377454555968, -6.967217845627033 ], [ 107.85642047632399, -6.967244281198589 ], [ 107.856425597963039, -6.967292577490412 ], [ 107.8563436517382, -6.967302237108527 ], [ 107.856249925293866, -6.967323080695564 ], [ 107.856181294431281, -6.967301728991572 ], [ 107.856110615812327, -6.967285460255766 ], [ 107.856065545388674, -6.967253431800373 ], [ 107.856046082260946, -6.967230046729242 ] ] ] ] } },
{ "type": "Feature", "properties": { "TIPE_HAK_1": "BELUM TERDAFTAR" }, "geometry": { "type": "MultiPolygon", "coordinates": [ [ [ [ 107.854034664867925, -6.966898339886427 ], [ 107.85416809548127, -6.966959698830976 ], [ 107.854204279703822, -6.96697466444914 ], [ 107.854254033796678, -6.966979153864827 ], [ 107.854331679463485, -6.967069695809755 ], [ 107.854324141346126, -6.967110102349295 ], [ 107.854306802417057, -6.967137040641887 ], [ 107.854205033335688, -6.967084661427918 ], [ 107.85417487996682, -6.96706670286602 ], [ 107.854030141278031, -6.96700235097768 ], [ 107.853962295523559, -6.966965684718502 ], [ 107.854034664867925, -6.966898339886427 ] ] ] ] } },
{ "type": "Feature", "properties": { "TIPE_HAK_1": "BELUM TERDAFTAR" }, "geometry": { "type": "MultiPolygon", "coordinates": [ [ [ [ 107.867178226893714, -6.964619162844031 ], [ 107.867199857387561, -6.964555943202186 ], [ 107.867208870393142, -6.964555943202186 ], [ 107.867383116737528, -6.964715782407382 ], [ 107.867429983107286, -6.964647790962715 ], [ 107.867461227353829, -6.964669262276573 ], [ 107.86745762197171, -6.964699679146804 ], [ 107.867475647083495, -6.964718764559279 ], [ 107.867484660089076, -6.964734867819857 ], [ 107.867499080718062, -6.96474381427555 ], [ 107.867473844842152, -6.964797491211186 ], [ 107.867435991477862, -6.964831487383208 ], [ 107.867424575483824, -6.964838644188035 ], [ 107.867389125108105, -6.964848186894244 ], [ 107.867370498349885, -6.964865482655853 ], [ 107.867357880861562, -6.964865482655853 ], [ 107.867367494614257, -6.96483924043855 ], [ 107.867356078620219, -6.964814190722279 ], [ 107.86732723736219, -6.964792720307742 ], [ 107.867178226893714, -6.964619162844031 ] ] ] ] } },
{ "type": "Feature", "properties": { "TIPE_HAK_1": "BELUM TERDAFTAR" }, "geometry": { "type": "MultiPolygon", "coordinates": [ [ [ [ 107.876508559122783, -6.962871076838667 ], [ 107.876844434323232, -6.962447113043766 ], [ 107.87688353594649, -6.962551611567562 ], [ 107.876601801731852, -6.962990503209085 ], [ 107.876550668078949, -6.962925814074993 ], [ 107.876508559122783, -6.962871076838667 ] ] ] ] } },
{ "type": "Feature", "properties": { "TIPE_HAK_1": "BELUM TERDAFTAR" }, "geometry": { "type": "MultiPolygon", "coordinates": [ [ [ [ 107.876391253353745, -6.962660090490715 ], [ 107.876465446523184, -6.962546635618708 ], [ 107.876582752292222, -6.962399342855349 ], [ 107.876808340032937, -6.96211271902672 ], [ 107.876953719038966, -6.962312758826727 ], [ 107.876839421502154, -6.962447113043766 ], [ 107.876637896022146, -6.962703880279832 ], [ 107.87651357194386, -6.962874062587844 ], [ 107.876411305537374, -6.962760607715836 ], [ 107.876391253353745, -6.962660090490715 ] ] ] ] } },
{ "type": "Feature", "properties": { "TIPE_HAK_1": "BELUM TERDAFTAR" }, "geometry": { "type": "MultiPolygon", "coordinates": [ [ [ [ 107.834063031683627, -6.964818397750832 ], [ 107.834220894178998, -6.964486746665955 ], [ 107.834348103282423, -6.964559770716789 ], [ 107.834375690885508, -6.964581069360804 ], [ 107.834444659893222, -6.964605411310629 ], [ 107.834391017131793, -6.964673871302068 ], [ 107.834389484687051, -6.964701254759063 ], [ 107.834253079116365, -6.964938583149035 ], [ 107.834063031683627, -6.964818397750832 ] ] ] ] } },
{ "type": "Feature", "properties": { "TIPE_HAK_1": "BELUM TERDAFTAR" }, "geometry": { "type": "MultiPolygon", "coordinates": [ [ [ [ 107.829946746545204, -6.965313148982602 ], [ 107.829979561907294, -6.965254788377763 ], [ 107.829983664614474, -6.965242759046021 ], [ 107.829991492313582, -6.965238096960547 ], [ 107.830003234761534, -6.965223333689835 ], [ 107.830096389237042, -6.96531191511275 ], [ 107.83002437062828, -6.965375632079713 ], [ 107.829951568709987, -6.96544711918915 ], [ 107.829877985280859, -6.965409821605931 ], [ 107.829895206398703, -6.965363199851765 ], [ 107.829935130002298, -6.965340665539259 ], [ 107.829930432843241, -6.96535232075297 ], [ 107.82996565928778, -6.96537096999424 ], [ 107.829984447024685, -6.965338334496494 ], [ 107.829946746545204, -6.965313148982602 ] ] ] ] } },
{ "type": "Feature", "properties": { "TIPE_HAK_1": "BELUM TERDAFTAR" }, "geometry": { "type": "MultiPolygon", "coordinates": [ [ [ [ 107.829874407777766, -6.966667479420607 ], [ 107.829928052337777, -6.966586040413404 ], [ 107.829913326838607, -6.966356340072991 ], [ 107.829887030662007, -6.9662978715495 ], [ 107.829618806962458, -6.966100537809552 ], [ 107.829578835694747, -6.96610889071269 ], [ 107.829654570302239, -6.966160051345241 ], [ 107.829678762964591, -6.966181976816756 ], [ 107.829697696391634, -6.966218519868733 ], [ 107.82972399256829, -6.966262371711025 ], [ 107.829770274378745, -6.966434647640824 ], [ 107.829827074659818, -6.966548453248492 ], [ 107.829874407777766, -6.966667479420607 ] ] ] ] } },
{ "type": "Feature", "properties": { "TIPE_HAK_1": "BELUM TERDAFTAR" }, "geometry": { "type": "MultiPolygon", "coordinates": [ [ [ [ 107.828848445899098, -6.966676709162755 ], [ 107.828856860855524, -6.966646430788103 ], [ 107.829157692173794, -6.96641673044769 ], [ 107.829577383289688, -6.966112899890391 ], [ 107.829653116997804, -6.966159884071374 ], [ 107.829683620202957, -6.966188074220213 ], [ 107.82970570935106, -6.966239234852765 ], [ 107.829724642778103, -6.966273689678985 ], [ 107.829763561838945, -6.966413598109 ], [ 107.829769872381746, -6.966439700931403 ], [ 107.829860332488408, -6.96663076909465 ], [ 107.829904510784615, -6.966815573479892 ], [ 107.829554241934773, -6.966789471556808 ], [ 107.82899570538757, -6.966723693343738 ], [ 107.828848445899098, -6.966676709162755 ] ] ] ] } },
{ "type": "Feature", "properties": { "TIPE_HAK_1": "BELUM TERDAFTAR" }, "geometry": { "type": "MultiPolygon", "coordinates": [ [ [ [ 107.830100551299438, -6.967059453430977 ], [ 107.830149399775053, -6.967307135715714 ], [ 107.830276143029664, -6.967508949878095 ], [ 107.830377800595102, -6.967406732034988 ], [ 107.830484739878898, -6.96748011941196 ], [ 107.830647128662122, -6.967287478334413 ], [ 107.830659010504974, -6.967271751889768 ], [ 107.83039760456586, -6.967096146669803 ], [ 107.830100551299438, -6.967059453430977 ] ] ] ] } },
{ "type": "Feature", "properties": { "TIPE_HAK_1": "BELUM TERDAFTAR" }, "geometry": { "type": "MultiPolygon", "coordinates": [ [ [ [ 107.830589077424065, -6.967684413005202 ], [ 107.830585910911111, -6.967619468463624 ], [ 107.830760032249771, -6.967364929747646 ], [ 107.830656614711074, -6.967291605323283 ], [ 107.830661891033515, -6.967275893267811 ], [ 107.830821238309568, -6.96738692626559 ], [ 107.830880334559879, -6.967420445796904 ], [ 107.831074506283471, -6.967600614176945 ], [ 107.831162093955527, -6.967685460715416 ], [ 107.831489231343028, -6.967961996848601 ], [ 107.831434356510385, -6.967999706321336 ], [ 107.831390034322681, -6.9680122761456 ], [ 107.831365763419285, -6.96804055802528 ], [ 107.831225410724187, -6.968140068909008 ], [ 107.831098777186867, -6.967970376731444 ], [ 107.830840233789843, -6.967816395710031 ], [ 107.830788525470155, -6.967776591716301 ], [ 107.830589077424065, -6.967684413005202 ] ] ] ] } },
{ "type": "Feature", "properties": { "TIPE_HAK_1": "BELUM TERDAFTAR" }, "geometry": { "type": "MultiPolygon", "coordinates": [ [ [ [ 107.831237434659954, -6.968138915078839 ], [ 107.831371455228521, -6.968043593237212 ], [ 107.831573013983473, -6.968288705259511 ], [ 107.831681707844609, -6.968452112974603 ], [ 107.831690149780627, -6.968450017554233 ], [ 107.831715476488114, -6.968530674151225 ], [ 107.831747135322075, -6.968572573565382 ], [ 107.831767185707122, -6.968597713213853 ], [ 107.831773516934334, -6.968637518106902 ], [ 107.831756633062241, -6.968650087931167 ], [ 107.831700702425564, -6.968668942217846 ], [ 107.83163949636571, -6.96872341145621 ], [ 107.831463265217565, -6.968483537085547 ], [ 107.831237434659954, -6.968138915078839 ] ] ] ] } },
{ "type": "Feature", "properties": { "TIPE_HAK_1": "BELUM TERDAFTAR" }, "geometry": { "type": "MultiPolygon", "coordinates": [ [ [ [ 107.830344284661066, -6.970122665728411 ], [ 107.830314058447073, -6.970116414540826 ], [ 107.830305241493761, -6.969883886731964 ], [ 107.830117582660364, -6.969722616705326 ], [ 107.830052090431707, -6.969621354841593 ], [ 107.829970226045134, -6.969512591732666 ], [ 107.82991732882175, -6.969430081632936 ], [ 107.82992488492556, -6.969313817278817 ], [ 107.830004231210353, -6.969233807294302 ], [ 107.83000171220931, -6.968983776879725 ], [ 107.830118841711226, -6.968976275634589 ], [ 107.830132695767361, -6.968863762352726 ], [ 107.83035687966634, -6.968897516607058 ], [ 107.831052100574027, -6.969050035330838 ], [ 107.831033208515805, -6.969148797079299 ], [ 107.831248576360792, -6.969207554285163 ], [ 107.831401497081458, -6.969310826133665 ], [ 107.831594193916999, -6.96955835643297 ], [ 107.83156774575491, -6.969584609442109 ], [ 107.831466988410853, -6.969602112047767 ], [ 107.831278069627274, -6.969554606260033 ], [ 107.830960686286687, -6.96955835643297 ], [ 107.830876302899128, -6.969587110456757 ], [ 107.83077554555507, -6.969707124983756 ], [ 107.830556400557498, -6.969907148596008 ], [ 107.830344284661066, -6.970122665728411 ] ] ] ] } },
{ "type": "Feature", "properties": { "TIPE_HAK_1": "HAK MILIK" }, "geometry": { "type": "MultiPolygon", "coordinates": [ [ [ [ 107.821469994144991, -6.969383455382122 ], [ 107.821481865196006, -6.969315964859844 ], [ 107.821540144861842, -6.969290254141871 ], [ 107.821625405088412, -6.969223835611495 ], [ 107.821657782480713, -6.969415593554749 ], [ 107.821520718606337, -6.969399524468437 ], [ 107.821469994144991, -6.969383455382122 ] ] ] ] } },
{ "type": "Feature", "properties": { "TIPE_HAK_1": "BELUM TERDAFTAR" }, "geometry": { "type": "MultiPolygon", "coordinates": [ [ [ [ 107.805019988281913, -6.980928534524196 ], [ 107.805158352575972, -6.980970791868515 ], [ 107.805254142964372, -6.980743655495246 ], [ 107.805195604293772, -6.980703158124186 ], [ 107.805374768131117, -6.980470738233919 ], [ 107.805422664224636, -6.980463695642982 ], [ 107.805401377271778, -6.980426720017078 ], [ 107.805291394682172, -6.980407351318149 ], [ 107.8051885086428, -6.980375658309924 ], [ 107.805094491717455, -6.980342203529801 ], [ 107.804959675248881, -6.980328117448607 ], [ 107.804897588752794, -6.980370375692246 ], [ 107.804881623987797, -6.980433762608016 ], [ 107.804961449611255, -6.980687311170414 ], [ 107.805019988281913, -6.980928534524196 ] ] ] ] } },
{ "type": "Feature", "properties": { "TIPE_HAK_1": "BELUM TERDAFTAR" }, "geometry": { "type": "MultiPolygon", "coordinates": [ [ [ [ 107.805404134593175, -6.980421653236647 ], [ 107.805488113285833, -6.980379975955088 ], [ 107.80557509121752, -6.98011651056845 ], [ 107.805618579733732, -6.979969148557302 ], [ 107.805686063061444, -6.979836672124691 ], [ 107.805722053929685, -6.979823274924172 ], [ 107.805753545489779, -6.979844114014611 ], [ 107.805780538640988, -6.979922968370261 ], [ 107.805771540923956, -6.980012279143295 ], [ 107.805744547772747, -6.980088192715868 ], [ 107.805735550055658, -6.980312956677551 ], [ 107.805839024251611, -6.980406731685264 ], [ 107.805875015119909, -6.980478180123839 ], [ 107.805852520377584, -6.980549628562471 ], [ 107.805786537119047, -6.980603214666587 ], [ 107.805737050124833, -6.98056600161965 ], [ 107.805596085890727, -6.980692524540302 ], [ 107.805519604845927, -6.980571956030872 ], [ 107.805404134593175, -6.980421653236647 ] ] ] ] } },
{ "type": "Feature", "properties": { "TIPE_HAK_1": "BELUM TERDAFTAR" }, "geometry": { "type": "MultiPolygon", "coordinates": [ [ [ [ 107.805823549617173, -6.980395069276994 ], [ 107.805843707920872, -6.980413172629767 ], [ 107.805865786277081, -6.980446521289878 ], [ 107.805904183731172, -6.980435087309388 ], [ 107.806171042259848, -6.980410314584276 ], [ 107.806254556003012, -6.980444615626482 ], [ 107.806327510806057, -6.980480822332026 ], [ 107.806418702960855, -6.980541802662003 ], [ 107.806430222376946, -6.98051607665559 ], [ 107.806339029322828, -6.980438898636237 ], [ 107.806260315261397, -6.980384588577863 ], [ 107.806176802417554, -6.980324561529244 ], [ 107.806100008408748, -6.980330278519489 ], [ 107.805901304101951, -6.980373154597373 ], [ 107.805823549617173, -6.980395069276994 ] ] ] ] } },
{ "type": "Feature", "properties": { "TIPE_HAK_1": "BELUM TERDAFTAR" }, "geometry": { "type": "MultiPolygon", "coordinates": [ [ [ [ 107.806465206903852, -6.980601583296391 ], [ 107.806481660000657, -6.980553100844872 ], [ 107.806625622574472, -6.980547997192275 ], [ 107.806603514540598, -6.980606176134074 ], [ 107.806524848143283, -6.980574535286507 ], [ 107.806488343762112, -6.980650576562823 ], [ 107.806465206903852, -6.980601583296391 ] ] ] ] } },
{ "type": "Feature", "properties": { "TIPE_HAK_1": "BELUM TERDAFTAR" }, "geometry": { "type": "MultiPolygon", "coordinates": [ [ [ [ 107.806625622574472, -6.980546976461767 ], [ 107.806755189700311, -6.980480631675789 ], [ 107.806787581481785, -6.980508700416124 ], [ 107.806758275274262, -6.980538810617588 ], [ 107.806726911417911, -6.980602093211985 ], [ 107.806676524202317, -6.98061230051718 ], [ 107.806611740639369, -6.98058321104628 ], [ 107.806625622574472, -6.980546976461767 ] ] ] ] } },
{ "type": "Feature", "properties": { "TIPE_HAK_1": "BELUM TERDAFTAR" }, "geometry": { "type": "MultiPolygon", "coordinates": [ [ [ [ 107.806756155572202, -6.98048076567477 ], [ 107.806948963923617, -6.980381248495803 ], [ 107.80688777944755, -6.980552724028939 ], [ 107.80684870390462, -6.980539965347077 ], [ 107.806788547353619, -6.980507813684596 ], [ 107.806756155572202, -6.98048076567477 ] ] ] ] } },
{ "type": "Feature", "properties": { "TIPE_HAK_1": "BELUM TERDAFTAR" }, "geometry": { "type": "MultiPolygon", "coordinates": [ [ [ [ 107.806115654813652, -6.979345820353274 ], [ 107.806114626888586, -6.979284578320573 ], [ 107.806157815930533, -6.979253958203572 ], [ 107.806471964409695, -6.979137088605682 ], [ 107.806481219332852, -6.979057475222248 ], [ 107.806710017653245, -6.979078909663883 ], [ 107.806689966368936, -6.979385627045019 ], [ 107.806288925393631, -6.979353475382538 ], [ 107.8062190004066, -6.979415737246427 ], [ 107.806191235637073, -6.979427985113375 ], [ 107.806115654813652, -6.979345820353274 ] ] ] ] } },
{ "type": "Feature", "properties": { "TIPE_HAK_1": "BELUM TERDAFTAR" }, "geometry": { "type": "MultiPolygon", "coordinates": [ [ [ [ 107.806480429728083, -6.979058139821234 ], [ 107.806487627901788, -6.97899230495085 ], [ 107.806454207295872, -6.978831035823589 ], [ 107.806412560591241, -6.97870753282632 ], [ 107.806375174874461, -6.978590573296287 ], [ 107.806367128640147, -6.978532001350743 ], [ 107.806422113190024, -6.978428170123891 ], [ 107.806526719632473, -6.978334988668735 ], [ 107.806607185573228, -6.978291059484775 ], [ 107.80669704043612, -6.978291059484775 ], [ 107.806789576178062, -6.978332325776194 ], [ 107.806812374891251, -6.978400215597446 ], [ 107.806825785581623, -6.978478754291018 ], [ 107.806904911532513, -6.978566611759675 ], [ 107.806994765496086, -6.978615864930191 ], [ 107.807021586876772, -6.978639826466747 ], [ 107.806981353906394, -6.978743657693599 ], [ 107.806990741929269, -6.978883430325993 ], [ 107.806840538060442, -6.978854144802881 ], [ 107.806792258855694, -6.979079112011391 ], [ 107.806623278941231, -6.979073787125515 ], [ 107.806480429728083, -6.979058139821234 ] ] ] ] } },
{ "type": "Feature", "properties": { "TIPE_HAK_1": "BELUM TERDAFTAR" }, "geometry": { "type": "MultiPolygon", "coordinates": [ [ [ [ 107.808462554403434, -6.976872586700495 ], [ 107.808738821639395, -6.977024341000515 ], [ 107.808679813522645, -6.977200055937772 ], [ 107.808634216096266, -6.977295900285526 ], [ 107.808478647771437, -6.977458303457865 ], [ 107.808324420335794, -6.977534180158216 ], [ 107.808192992512659, -6.977627361613429 ], [ 107.808098160801535, -6.977752484289681 ], [ 107.807937228020705, -6.977870958278061 ], [ 107.807734721380371, -6.977964139733217 ], [ 107.807615363358366, -6.977998751041468 ], [ 107.807442360776406, -6.978012061907066 ], [ 107.807357871268778, -6.978058653084304 ], [ 107.80728947512921, -6.978118556026516 ], [ 107.807272040872022, -6.978254335669021 ], [ 107.807257288393203, -6.978298263953661 ], [ 107.807213031856008, -6.978407420066333 ], [ 107.80713658858275, -6.978475309887585 ], [ 107.807052099075179, -6.978477971880864 ], [ 107.806994431847613, -6.978467322109168 ], [ 107.806919330362859, -6.978391445408818 ], [ 107.806873732037161, -6.978262322548119 ], [ 107.806849592434787, -6.977986770273162 ], [ 107.806899213428039, -6.977846996741448 ], [ 107.806991749169924, -6.977755146282902 ], [ 107.807203643833134, -6.977736509632166 ], [ 107.807372622848334, -6.977679269582552 ], [ 107.807662301673929, -6.977427677944945 ], [ 107.807937228020705, -6.977225339477798 ], [ 107.808134370205096, -6.977150793774058 ], [ 107.808216177934298, -6.977013683134942 ], [ 107.808462554403434, -6.976872586700495 ] ] ] ] } },
{ "type": "Feature", "properties": { "TIPE_HAK_1": "BELUM TERDAFTAR" }, "geometry": { "type": "MultiPolygon", "coordinates": [ [ [ [ 107.810309284346033, -6.975467504821438 ], [ 107.810727708317131, -6.975589973598346 ], [ 107.810762577730827, -6.97584156613533 ], [ 107.810778671098831, -6.976018612069254 ], [ 107.810723685649634, -6.976138417953564 ], [ 107.810585551581994, -6.97622494442561 ], [ 107.810522519898427, -6.976304815015169 ], [ 107.810434006824039, -6.976528453025651 ], [ 107.810337447515224, -6.976620303484196 ], [ 107.810134940874889, -6.976660238778948 ], [ 107.809965960960369, -6.976745434254326 ], [ 107.809878789674485, -6.976869233128582 ], [ 107.809854650072111, -6.977014331546115 ], [ 107.809838556704108, -6.977056928834145 ], [ 107.809810393534917, -6.977088877249855 ], [ 107.809728585805658, -6.977194039473318 ], [ 107.809500597774445, -6.977364429524755 ], [ 107.809124465321872, -6.977093104962762 ], [ 107.809313561271892, -6.976940019666131 ], [ 107.809430237515528, -6.976845506315044 ], [ 107.809513762050528, -6.976504186618854 ], [ 107.810051544942894, -6.976311166926791 ], [ 107.81014959532763, -6.975978076027332 ], [ 107.81033869127765, -6.97593814073258 ], [ 107.810309284346033, -6.975467504821438 ] ] ] ] } },
{ "type": "Feature", "properties": { "TIPE_HAK_1": "BELUM TERDAFTAR" }, "geometry": { "type": "MultiPolygon", "coordinates": [ [ [ [ 107.81120915228064, -6.975755673685342 ], [ 107.811294983576715, -6.975615900153628 ], [ 107.811282913775528, -6.97530041078528 ], [ 107.811277549319527, -6.975181935897581 ], [ 107.811371425950597, -6.975152650374469 ], [ 107.811480055959862, -6.975142000602773 ], [ 107.811583320613806, -6.975233851960638 ], [ 107.811693291512256, -6.975237845849847 ], [ 107.811801920622202, -6.975188591780068 ], [ 107.811915414165071, -6.974803782668403 ], [ 107.811875181194694, -6.974361830633939 ], [ 107.811939553767445, -6.97428195914506 ], [ 107.812146083974653, -6.974203419552111 ], [ 107.812430398344247, -6.974171471136458 ], [ 107.812544391910194, -6.974130204845039 ], [ 107.812627540528638, -6.974063646020397 ], [ 107.812712030036209, -6.974047671362882 ], [ 107.812852845882219, -6.974119555073344 ], [ 107.813017802229865, -6.974275303262573 ], [ 107.813075469457431, -6.974275303262573 ], [ 107.81308217480256, -6.974311245567492 ], [ 107.812933312722237, -6.974578812761933 ], [ 107.812906490442231, -6.97459079353024 ], [ 107.812890397074227, -6.974614755066852 ], [ 107.812784172751435, -6.974843221537412 ], [ 107.812707480365987, -6.974990222021063 ], [ 107.812638720900281, -6.975142472746882 ], [ 107.812645773383792, -6.975148597129987 ], [ 107.812714531950178, -6.974998972424601 ], [ 107.812812381786046, -6.974828346750769 ], [ 107.812897262498723, -6.97461656540213 ], [ 107.812915775043052, -6.974596440373375 ], [ 107.812933405352453, -6.974600815575116 ], [ 107.812973074447882, -6.974635816289833 ], [ 107.813129985460534, -6.974701440718889 ], [ 107.813159075830754, -6.974708441041685 ], [ 107.813262214579595, -6.974480940443016 ], [ 107.813320395320034, -6.974344439544211 ], [ 107.813327784149976, -6.974339730693941 ], [ 107.813353978703219, -6.974242984326224 ], [ 107.813240063378259, -6.974210936985116 ], [ 107.813298544492284, -6.974140191816332 ], [ 107.813333393221569, -6.973965443650229 ], [ 107.813496041908877, -6.974022281702901 ], [ 107.813531373574108, -6.97403860799534 ], [ 107.813809431360255, -6.974115322863838 ], [ 107.813855728459146, -6.974129229979951 ], [ 107.813871566419721, -6.974091740841118 ], [ 107.813857129602923, -6.974071478216104 ], [ 107.813887236207052, -6.973970870159462 ], [ 107.813851108641813, -6.973914090562801 ], [ 107.813952467632362, -6.973821451398805 ], [ 107.81401067265449, -6.973886198988851 ], [ 107.814039775615186, -6.973859303863719 ], [ 107.814069882219371, -6.973751722463987 ], [ 107.81421138334872, -6.973787582930584 ], [ 107.814321302985832, -6.973440036328554 ], [ 107.814188116088758, -6.973399565937143 ], [ 107.814131036118511, -6.973458922091538 ], [ 107.81399241281963, -6.973450828193108 ], [ 107.813913588141645, -6.973734117335596 ], [ 107.813799428201094, -6.973707137674239 ], [ 107.813889124783316, -6.973431942430125 ], [ 107.813791274048128, -6.973407660734892 ], [ 107.813848354018376, -6.973197216678159 ], [ 107.813976104513699, -6.973224197238892 ], [ 107.814060365593434, -6.972897739738869 ], [ 107.814506133451346, -6.973011055215977 ], [ 107.814565932072185, -6.972695389580508 ], [ 107.814614857889467, -6.97268999364826 ], [ 107.814688246165701, -6.972776329464011 ], [ 107.814875795281807, -6.972800612058563 ], [ 107.814908412793102, -6.972824893753796 ], [ 107.814867641128785, -6.973062317471943 ], [ 107.815104115162853, -6.973078505268745 ], [ 107.815275355972972, -6.973124370693085 ], [ 107.815153040980135, -6.97354525790729 ], [ 107.814984725664601, -6.973530521616226 ], [ 107.814990573955868, -6.973547937886963 ], [ 107.814949633219044, -6.973717747875696 ], [ 107.815087078406009, -6.97374822679916 ], [ 107.815025666401425, -6.97391803768727 ], [ 107.814888221214517, -6.973886107258011 ], [ 107.814866288548444, -6.973986252163741 ], [ 107.814844354983052, -6.973986252163741 ], [ 107.81475808661645, -6.974291039599734 ], [ 107.814583986861578, -6.974245899028972 ], [ 107.814629645441869, -6.97407840839179 ], [ 107.814518476646413, -6.974050821688024 ], [ 107.814450980728225, -6.974322746997132 ], [ 107.814927419964533, -6.974470532588953 ], [ 107.814659422894124, -6.974923741437465 ], [ 107.814427158586568, -6.974787779232599 ], [ 107.814494654504756, -6.974663639515313 ], [ 107.8143735589926, -6.974610436522369 ], [ 107.814315989791169, -6.974630141567729 ], [ 107.814149235698721, -6.974917830193647 ], [ 107.814179013150977, -6.974941476068238 ], [ 107.814024170579046, -6.975221283035751 ], [ 107.814329886115388, -6.975384831944382 ], [ 107.814252464379763, -6.975449857424906 ], [ 107.81404402221392, -6.975875478670332 ], [ 107.813968586181375, -6.976031145021295 ], [ 107.813926897208603, -6.976064642968879 ], [ 107.813873298513954, -6.976072525526604 ], [ 107.813615227260982, -6.976013411289841 ], [ 107.813378992446587, -6.97602326336289 ], [ 107.813378992446587, -6.975966119540715 ], [ 107.813293630596661, -6.975966119540715 ], [ 107.813216208861036, -6.975975972513083 ], [ 107.813105040065579, -6.975828186921262 ], [ 107.813126876504214, -6.975763161440682 ], [ 107.813049455667908, -6.975729663493155 ], [ 107.812972033932283, -6.975682372643348 ], [ 107.812936301169429, -6.975778925656869 ], [ 107.812831087684629, -6.975767103169233 ], [ 107.812831087684629, -6.975741486880054 ], [ 107.812688155733838, -6.975719811420106 ], [ 107.812747710638405, -6.975534587051527 ], [ 107.812531328358205, -6.975475473714084 ], [ 107.81244993611574, -6.975635081793541 ], [ 107.812414203352887, -6.975684343057935 ], [ 107.812340752124044, -6.975794688973679 ], [ 107.812340752124044, -6.97584986238121 ], [ 107.81229509354381, -6.975901094959511 ], [ 107.812173998930973, -6.975778925656869 ], [ 107.812086651377911, -6.97575330936769 ], [ 107.812037022290781, -6.975861684868789 ], [ 107.811828580124939, -6.975808482775221 ], [ 107.811776966234049, -6.975954297053136 ], [ 107.811435517934854, -6.975843951137392 ], [ 107.81120915228064, -6.975755673685342 ] ] ] ] } },
{ "type": "Feature", "properties": { "TIPE_HAK_1": "BELUM TERDAFTAR" }, "geometry": { "type": "MultiPolygon", "coordinates": [ [ [ [ 107.812757223667006, -6.972465339403868 ], [ 107.813426343550987, -6.972081039308478 ], [ 107.813552593077759, -6.972096355662245 ], [ 107.813741966018995, -6.972076861957589 ], [ 107.813826132669931, -6.972062937754345 ], [ 107.813928265077436, -6.971991603529659 ], [ 107.814037680194872, -6.972083501652207 ], [ 107.814075555142836, -6.972167045073036 ], [ 107.814092388652853, -6.972204640331825 ], [ 107.814193387914599, -6.972317424309665 ], [ 107.8142733457384, -6.972336917115001 ], [ 107.814239678718252, -6.972583370925804 ], [ 107.813776766184844, -6.972512358658378 ], [ 107.813722057726864, -6.972538814914344 ], [ 107.813663141340953, -6.97255830771968 ], [ 107.813504628635769, -6.972614003633339 ], [ 107.813423268768872, -6.972622358335116 ], [ 107.813315255694533, -6.972655775343696 ], [ 107.813054340785243, -6.972650205842285 ], [ 107.812951938581136, -6.972629319987107 ], [ 107.812800439688601, -6.972537421864502 ], [ 107.812757223667006, -6.972465339403868 ] ] ] ] } },
{ "type": "Feature", "properties": { "TIPE_HAK_1": "BELUM TERDAFTAR" }, "geometry": { "type": "MultiPolygon", "coordinates": [ [ [ [ 107.814760539966983, -6.971252205225028 ], [ 107.814624471642105, -6.970968156155436 ], [ 107.814613249002321, -6.970877650183354 ], [ 107.814659540705293, -6.970819169968649 ], [ 107.814705832408322, -6.970823347319595 ], [ 107.815112634440595, -6.971085117484165 ], [ 107.815108426512722, -6.971131066545411 ], [ 107.815032676616795, -6.971124104893477 ], [ 107.815013038121265, -6.97131486368994 ], [ 107.814919052672224, -6.971319040141566 ], [ 107.814907830931702, -6.971222964668016 ], [ 107.814760539966983, -6.971252205225028 ] ] ] ] } },
{ "type": "Feature", "properties": { "TIPE_HAK_1": "BELUM TERDAFTAR" }, "geometry": { "type": "MultiPolygon", "coordinates": [ [ [ [ 107.815323170228169, -6.971103898925776 ], [ 107.81540303272385, -6.971097292505988 ], [ 107.815407469978823, -6.971219136254092 ], [ 107.815320952500031, -6.971214732274007 ], [ 107.815323170228169, -6.971103898925776 ] ] ] ] } },
{ "type": "Feature", "properties": { "TIPE_HAK_1": "BELUM TERDAFTAR" }, "geometry": { "type": "MultiPolygon", "coordinates": [ [ [ [ 107.815513079165328, -6.971100987820307 ], [ 107.815595899531218, -6.971101721667083 ], [ 107.81559959664412, -6.971222097721579 ], [ 107.815511600679883, -6.971222831568355 ], [ 107.815513079165328, -6.971100987820307 ] ] ] ] } },
{ "type": "Feature", "properties": { "TIPE_HAK_1": "BELUM TERDAFTAR" }, "geometry": { "type": "MultiPolygon", "coordinates": [ [ [ [ 107.81560033588687, -6.971103923207465 ], [ 107.815613646752468, -6.971059149560062 ], [ 107.815681677767259, -6.971081169460376 ], [ 107.815643964697301, -6.971218427588326 ], [ 107.81560033588687, -6.971205215648126 ], [ 107.81560033588687, -6.971151633141289 ], [ 107.815641746069787, -6.971152367887441 ], [ 107.815640267584342, -6.971111997320747 ], [ 107.81560033588687, -6.971103923207465 ] ] ] ] } },
{ "type": "Feature", "properties": { "TIPE_HAK_1": "BELUM TERDAFTAR" }, "geometry": { "type": "MultiPolygon", "coordinates": [ [ [ [ 107.81561734386537, -6.971051075446724 ], [ 107.815679459139801, -6.97085289634407 ], [ 107.815638048956828, -6.970713436675737 ], [ 107.815623998848537, -6.970673800855195 ], [ 107.815615865379925, -6.970637100421811 ], [ 107.815626956718745, -6.970584986507902 ], [ 107.815649141194967, -6.970540212860499 ], [ 107.815746010769828, -6.970466079046275 ], [ 107.815822176152551, -6.970430112459667 ], [ 107.815837704746343, -6.970578380088114 ], [ 107.815854711825523, -6.970672332262268 ], [ 107.815842141101996, -6.970723712329402 ], [ 107.815841401859245, -6.970847023771057 ], [ 107.815750448024801, -6.970827206310503 ], [ 107.815728263548579, -6.970926296311461 ], [ 107.815691290620634, -6.97101804604597 ], [ 107.815755623623204, -6.971045203773087 ], [ 107.815731960661537, -6.971100253973475 ], [ 107.81561734386537, -6.971051075446724 ] ] ] ] } },
{ "type": "Feature", "properties": { "TIPE_HAK_1": "BELUM TERDAFTAR" }, "geometry": { "type": "MultiPolygon", "coordinates": [ [ [ [ 107.815852778283158, -6.970829809847771 ], [ 107.815851298898394, -6.970726315866727 ], [ 107.81586682749213, -6.970696221853132 ], [ 107.815866088249436, -6.970642640245615 ], [ 107.815839467417561, -6.970522264191118 ], [ 107.815833551677144, -6.970438588569948 ], [ 107.815935597749672, -6.970405558269874 ], [ 107.816036904579562, -6.970398951850086 ], [ 107.816097541368492, -6.970409962249903 ], [ 107.816203284553978, -6.970473086563629 ], [ 107.816285364777798, -6.970524465731444 ], [ 107.816363008645965, -6.97060080198537 ], [ 107.816385932364938, -6.97063016215219 ], [ 107.816575974401758, -6.970767419380877 ], [ 107.816685415599522, -6.970859170014648 ], [ 107.816724607154981, -6.970892199415403 ], [ 107.816709817803883, -6.970932569982097 ], [ 107.816576714543828, -6.970886327741766 ], [ 107.816286104919868, -6.970745399480563 ], [ 107.816209939537146, -6.970984682996686 ], [ 107.815930422151325, -6.970881923761738 ], [ 107.8159215485407, -6.970862105401807 ], [ 107.815874961860061, -6.970854766034563 ], [ 107.815852778283158, -6.970829809847771 ] ] ] ] } },
{ "type": "Feature", "properties": { "TIPE_HAK_1": "BELUM TERDAFTAR" }, "geometry": { "type": "MultiPolygon", "coordinates": [ [ [ [ 107.81672995542317, -6.970701151936566 ], [ 107.816820910156935, -6.970536002234667 ], [ 107.816865278210059, -6.97030259039218 ], [ 107.81693035045538, -6.970285708318727 ], [ 107.817115956136547, -6.970707758356298 ], [ 107.817142576968422, -6.970796571804271 ], [ 107.817104864797727, -6.970839877758124 ], [ 107.817027960172311, -6.97089786334567 ], [ 107.816970282152852, -6.970895661805287 ], [ 107.816856404599434, -6.970826665817924 ], [ 107.81672995542317, -6.970701151936566 ] ] ] ] } },
{ "type": "Feature", "properties": { "TIPE_HAK_1": "BELUM TERDAFTAR" }, "geometry": { "type": "MultiPolygon", "coordinates": [ [ [ [ 107.81706456347888, -6.970299858251792 ], [ 107.81708231070013, -6.97025875383838 ], [ 107.817208758977131, -6.970227192131176 ], [ 107.817491974375173, -6.970148654336867 ], [ 107.81758810470734, -6.970098008116508 ], [ 107.817643564998605, -6.970101678249819 ], [ 107.817673882943382, -6.970112688649635 ], [ 107.817724905979674, -6.97015085587725 ], [ 107.817840738659243, -6.970237705205875 ], [ 107.818055183799743, -6.97030376490676 ], [ 107.818148356261702, -6.970376431027432 ], [ 107.818200118540688, -6.970417534541525 ], [ 107.818257057317396, -6.970512954409287 ], [ 107.818240050238217, -6.970556260363082 ], [ 107.818129130555008, -6.970532772769218 ], [ 107.818102509723133, -6.970623054810062 ], [ 107.817948700472186, -6.970592226949691 ], [ 107.817957574082811, -6.970556994209858 ], [ 107.81782521006545, -6.970519560829018 ], [ 107.817749784824798, -6.970670764743943 ], [ 107.817700980415964, -6.970650946384012 ], [ 107.817660309475741, -6.970728750331489 ], [ 107.817481358777741, -6.970662690630604 ], [ 107.817454737945866, -6.970750770231803 ], [ 107.817476183179394, -6.970754440365056 ], [ 107.817428118013311, -6.970908579667196 ], [ 107.817275048005115, -6.970937939834016 ], [ 107.817306106091962, -6.970716272238121 ], [ 107.817249167315254, -6.970555526516307 ], [ 107.817089979219247, -6.970367087970715 ], [ 107.817063359286635, -6.970315707903524 ], [ 107.81706456347888, -6.970299858251792 ] ] ] ] } },
{ "type": "Feature", "properties": { "TIPE_HAK_1": "BELUM TERDAFTAR" }, "geometry": { "type": "MultiPolygon", "coordinates": [ [ [ [ 107.81845872489032, -6.970672379027008 ], [ 107.818531193160084, -6.970607053172898 ], [ 107.818554115979737, -6.970562278626232 ], [ 107.818642852086043, -6.970582830832939 ], [ 107.818642852086043, -6.97063054076682 ], [ 107.818631020605153, -6.970631274613595 ], [ 107.818626583350181, -6.970694398927321 ], [ 107.818578518184154, -6.970692196487619 ], [ 107.81845872489032, -6.970672379027008 ] ] ] ] } },
{ "type": "Feature", "properties": { "TIPE_HAK_1": "BELUM TERDAFTAR" }, "geometry": { "type": "MultiPolygon", "coordinates": [ [ [ [ 107.818551791232267, -6.970559261400751 ], [ 107.818612428021197, -6.970376494879304 ], [ 107.818669366797906, -6.970300159524697 ], [ 107.818705600483156, -6.970278139624384 ], [ 107.818862366704934, -6.970289149124881 ], [ 107.81896737064767, -6.970290616818488 ], [ 107.819095298309435, -6.97024510932431 ], [ 107.819099734665087, -6.970406588892899 ], [ 107.818991033609393, -6.970415396853014 ], [ 107.818988814981878, -6.970518890834114 ], [ 107.819078290330879, -6.970517423140507 ], [ 107.819084206071295, -6.970594493241208 ], [ 107.81903983801817, -6.970594493241208 ], [ 107.819030964407546, -6.970642203175089 ], [ 107.818772152113183, -6.970629725081722 ], [ 107.818772152113183, -6.970645138562247 ], [ 107.818639048853072, -6.97063412906175 ], [ 107.818647182321683, -6.970581281301065 ], [ 107.818551791232267, -6.970559261400751 ] ] ] ] } },
{ "type": "Feature", "properties": { "TIPE_HAK_1": "BELUM TERDAFTAR" }, "geometry": { "type": "MultiPolygon", "coordinates": [ [ [ [ 107.819729350029547, -6.96965218539998 ], [ 107.819933442174658, -6.969727053060979 ], [ 107.819757449346866, -6.970003771756637 ], [ 107.81975153360645, -6.970066161324212 ], [ 107.819764843572727, -6.970109467278064 ], [ 107.819735265769964, -6.970119009084954 ], [ 107.819647268906408, -6.970120477677881 ], [ 107.819482368316699, -6.970098456878247 ], [ 107.819504551893601, -6.969989091223511 ], [ 107.819502334165463, -6.969937711156376 ], [ 107.819478671203797, -6.969923031522626 ], [ 107.819511947018782, -6.969821739081965 ], [ 107.819682024106214, -6.969867981322238 ], [ 107.819729350029547, -6.96965218539998 ] ] ] ] } },
{ "type": "Feature", "properties": { "TIPE_HAK_1": "BELUM TERDAFTAR" }, "geometry": { "type": "MultiPolygon", "coordinates": [ [ [ [ 107.820082177450615, -6.969738454665901 ], [ 107.820232288689226, -6.969458800583141 ], [ 107.820261867391309, -6.969416228476121 ], [ 107.820266304646282, -6.969394942422582 ], [ 107.820281833240074, -6.969390538442553 ], [ 107.820318806168018, -6.969398612555892 ], [ 107.820563569253352, -6.969499904097233 ], [ 107.820574661491491, -6.969511648343826 ], [ 107.820641213121576, -6.969532934397364 ], [ 107.82064269160702, -6.969527062723728 ], [ 107.820814248079159, -6.969599728844344 ], [ 107.820874144726076, -6.96962395028504 ], [ 107.820967317187979, -6.969736252226198 ], [ 107.820955485707145, -6.969822130287014 ], [ 107.820880799709187, -6.969936634667931 ], [ 107.820747696449075, -6.970029119148478 ], [ 107.82061385304695, -6.97005554302882 ], [ 107.820530293438367, -6.97005554302882 ], [ 107.820082177450615, -6.969738454665901 ] ] ] ] } },
{ "type": "Feature", "properties": { "TIPE_HAK_1": "BELUM TERDAFTAR" }, "geometry": { "type": "MultiPolygon", "coordinates": [ [ [ [ 107.82081647929715, -6.969597222433833 ], [ 107.820871200345664, -6.969473176246026 ], [ 107.820948844213831, -6.96950840808654 ], [ 107.821019832199568, -6.969371884704685 ], [ 107.821104131050845, -6.969429870292231 ], [ 107.821120399786707, -6.969455560325798 ], [ 107.821057545269582, -6.969545842366699 ], [ 107.820967330677831, -6.969733746715008 ], [ 107.820875636701317, -6.969622912467401 ], [ 107.82081647929715, -6.969597222433833 ] ] ] ] } },
{ "type": "Feature", "properties": { "TIPE_HAK_1": "BELUM TERDAFTAR" }, "geometry": { "type": "MultiPolygon", "coordinates": [ [ [ [ 107.821111814858455, -6.969393329938157 ], [ 107.821144351430746, -6.969415349838471 ], [ 107.821247136746024, -6.969344152310725 ], [ 107.82132847772715, -6.969347087697884 ], [ 107.821426826686775, -6.969366172211039 ], [ 107.821439398309622, -6.969320663817541 ], [ 107.821461581886581, -6.969275890170138 ], [ 107.821397247984692, -6.969269283750407 ], [ 107.8214002058549, -6.969242859870064 ], [ 107.821295201912108, -6.969234785756726 ], [ 107.821287068443496, -6.969241392176457 ], [ 107.821198332337246, -6.969234785756726 ], [ 107.821191677354079, -6.969252401676954 ], [ 107.821159880024481, -6.969245796156542 ], [ 107.821148787786399, -6.969316259837456 ], [ 107.821111814858455, -6.969393329938157 ] ] ] ] } },
{ "type": "Feature", "properties": { "TIPE_HAK_1": "BELUM TERDAFTAR" }, "geometry": { "type": "MultiPolygon", "coordinates": [ [ [ [ 107.821092589151704, -6.969710418301133 ], [ 107.82112808359426, -6.969747852581293 ], [ 107.821168014392413, -6.969692802380905 ], [ 107.821193895981594, -6.969675920307452 ], [ 107.821340309207983, -6.969631146660049 ], [ 107.821420171703608, -6.969517376125964 ], [ 107.821425348201331, -6.9695100358594 ], [ 107.821414255963191, -6.96945278411863 ], [ 107.821365451554414, -6.969442508464965 ], [ 107.821316647145636, -6.969443976158516 ], [ 107.821289286171691, -6.969443976158516 ], [ 107.821198332337246, -6.969477006458646 ], [ 107.821165795764898, -6.969507834319074 ], [ 107.821092589151704, -6.969710418301133 ] ] ] ] } },
{ "type": "Feature", "properties": { "TIPE_HAK_1": "HAK MILIK" }, "geometry": { "type": "MultiPolygon", "coordinates": [ [ [ [ 107.821812009916357, -6.969097242543684 ], [ 107.821880780173899, -6.968956314282422 ], [ 107.82189403168428, -6.9689422605768 ], [ 107.821973894179905, -6.96895694021061 ], [ 107.82227411665724, -6.968970886896836 ], [ 107.822264503803865, -6.969368715493771 ], [ 107.822259268850246, -6.969581230689184 ], [ 107.82223190877562, -6.969587102362829 ], [ 107.822118770464954, -6.96937130644062 ], [ 107.822072923926385, -6.969336808446887 ], [ 107.822032253885482, -6.969321394067042 ], [ 107.821937602038759, -6.969323596506741 ], [ 107.8218814025048, -6.969345616407002 ], [ 107.821839253079133, -6.96919869236569 ], [ 107.821812009916357, -6.969097242543684 ] ] ] ] } },
{ "type": "Feature", "properties": { "TIPE_HAK_1": "BELUM TERDAFTAR" }, "geometry": { "type": "MultiPolygon", "coordinates": [ [ [ [ 107.823255472162373, -6.970011959184546 ], [ 107.82325103580672, -6.970233627679704 ], [ 107.823384878309525, -6.970260785406879 ], [ 107.823486185139416, -6.970225553566422 ], [ 107.823517243226263, -6.970232159986153 ], [ 107.823554955396958, -6.970269593366993 ], [ 107.823572702618208, -6.970311431627238 ], [ 107.823651085729068, -6.970156557579003 ], [ 107.823644430745958, -6.97011545316559 ], [ 107.823617809914083, -6.970080221325134 ], [ 107.823610415688222, -6.970062605404848 ], [ 107.823560131894624, -6.970031777544477 ], [ 107.823481748783763, -6.970007555204461 ], [ 107.823353821121998, -6.969995811857189 ], [ 107.823255472162373, -6.970011959184546 ] ] ] ] } },
{ "type": "Feature", "properties": { "TIPE_HAK_1": "BELUM TERDAFTAR" }, "geometry": { "type": "MultiPolygon", "coordinates": [ [ [ [ 107.823982750303742, -6.97049092281776 ], [ 107.823895140148636, -6.97041082559906 ], [ 107.823761418154959, -6.970046952704649 ], [ 107.823699168881603, -6.969909642416042 ], [ 107.823687640472315, -6.969481691926489 ], [ 107.823823668327691, -6.969461094753683 ], [ 107.823998889537165, -6.969316919040523 ], [ 107.824074972182302, -6.969207070449897 ], [ 107.82427555517279, -6.969303188191532 ], [ 107.824330887760311, -6.969193339600906 ], [ 107.824420803777116, -6.969056028412922 ], [ 107.824549914946658, -6.968941603172425 ], [ 107.824542998260824, -6.968893544301579 ], [ 107.824476958345031, -6.968699715219657 ], [ 107.824534596794251, -6.968699715219657 ], [ 107.824769762314759, -6.96859673295279 ], [ 107.825122510595463, -6.968631060075325 ], [ 107.825136343967188, -6.968589866628975 ], [ 107.82526545423741, -6.968610463801838 ], [ 107.825293120980803, -6.968658522672627 ], [ 107.825288510156668, -6.968793545085987 ], [ 107.825569786616427, -6.968850757256575 ], [ 107.825687369376681, -6.96887593107931 ], [ 107.825745007825901, -6.968869065654815 ], [ 107.82568967523838, -6.969219207700235 ], [ 107.825791118765153, -6.969212342275739 ], [ 107.825758841197626, -6.969283286194639 ], [ 107.825724257768343, -6.96947323290334 ], [ 107.825687369376681, -6.969624274040996 ], [ 107.825696591024894, -6.969674621686408 ], [ 107.825673536004956, -6.969702083384391 ], [ 107.825639970608222, -6.969929229650177 ], [ 107.825515471162134, -6.970144349282236 ], [ 107.825372527520187, -6.970045943665298 ], [ 107.825211138783061, -6.970061963288913 ], [ 107.825109695256288, -6.970116887584254 ], [ 107.825082028512838, -6.970254197872862 ], [ 107.825093556022864, -6.970320564242627 ], [ 107.824989806634335, -6.970409815660446 ], [ 107.824922945637468, -6.970416681084942 ], [ 107.824846862992388, -6.970306833393579 ], [ 107.824872223874081, -6.970196984802953 ], [ 107.824830723758964, -6.97011459880963 ], [ 107.82478922454311, -6.970045943665298 ], [ 107.8247223635463, -6.970025347391811 ], [ 107.82464628090122, -6.969972710971774 ], [ 107.824570197356763, -6.969958980122783 ], [ 107.824512558907543, -6.969958980122783 ], [ 107.824443392948297, -6.969991019370013 ], [ 107.824360392718006, -6.969993308144581 ], [ 107.824231282447784, -6.970039078240802 ], [ 107.824169032275108, -6.970199273577578 ], [ 107.824132143883389, -6.970327429667122 ], [ 107.824065282886579, -6.970418969859509 ], [ 107.823982750303742, -6.97049092281776 ] ] ] ] } },
{ "type": "Feature", "properties": { "TIPE_HAK_1": "BELUM TERDAFTAR" }, "geometry": { "type": "MultiPolygon", "coordinates": [ [ [ [ 107.825094099213345, -6.970429552182054 ], [ 107.825143530449623, -6.970372026148027 ], [ 107.825153757539965, -6.970265434002556 ], [ 107.825148643994794, -6.970214675366947 ], [ 107.825240689606176, -6.970135154613672 ], [ 107.825286711512604, -6.970123311441625 ], [ 107.825348074953752, -6.970143614536141 ], [ 107.825564551662808, -6.970307732715639 ], [ 107.825573073638509, -6.970341571506253 ], [ 107.82568216410067, -6.970483694067184 ], [ 107.825569665207922, -6.970465082597457 ], [ 107.825538983037688, -6.970651196395522 ], [ 107.825385574884422, -6.970610589307228 ], [ 107.82540602906505, -6.970478618293555 ], [ 107.825094099213345, -6.970429552182054 ] ] ] ] } },
{ "type": "Feature", "properties": { "TIPE_HAK_1": "BELUM TERDAFTAR" }, "geometry": { "type": "MultiPolygon", "coordinates": [ [ [ [ 107.825738485043132, -6.970509283376657 ], [ 107.82572825705347, -6.970571885184313 ], [ 107.825949847307641, -6.970597264052458 ], [ 107.825963483727833, -6.970571885184313 ], [ 107.82615439181177, -6.970602339826087 ], [ 107.826173141777133, -6.970620951295814 ], [ 107.826282232239294, -6.97064125439033 ], [ 107.826316322840114, -6.970565116886576 ], [ 107.826132232516557, -6.970504207603028 ], [ 107.825835643300366, -6.970510975001446 ], [ 107.825738485043132, -6.970509283376657 ] ] ] ] } },
{ "type": "Feature", "properties": { "TIPE_HAK_1": "BELUM TERDAFTAR" }, "geometry": { "type": "MultiPolygon", "coordinates": [ [ [ [ 107.827300584054797, -6.970475600168754 ], [ 107.827456992346356, -6.97051272598145 ], [ 107.827422990778473, -6.970649977814162 ], [ 107.827379921346335, -6.970657853177329 ], [ 107.827286982708131, -6.97071185386892 ], [ 107.827293783381435, -6.97053522611975 ], [ 107.827300584054797, -6.970475600168754 ] ] ] ] } },
{ "type": "Feature", "properties": { "TIPE_HAK_1": "BELUM TERDAFTAR" }, "geometry": { "type": "MultiPolygon", "coordinates": [ [ [ [ 107.828307593620593, -6.971514923275038 ], [ 107.828409599223676, -6.971574549226034 ], [ 107.828473069776408, -6.971633050125092 ], [ 107.828447001128268, -6.971669050885964 ], [ 107.828381264283962, -6.971631925073211 ], [ 107.828384664620614, -6.971608299883087 ], [ 107.828289458791573, -6.971550924035853 ], [ 107.828307593620593, -6.971514923275038 ] ] ] ] } },
{ "type": "Feature", "properties": { "TIPE_HAK_1": "BELUM TERDAFTAR" }, "geometry": { "type": "MultiPolygon", "coordinates": [ [ [ [ 107.829089526260702, -6.970872242559892 ], [ 107.829186998381317, -6.970814866712658 ], [ 107.829180197708013, -6.97085874283664 ], [ 107.829215333321031, -6.970908243320707 ], [ 107.829336606898949, -6.971064621035396 ], [ 107.82915072962254, -6.971294124424276 ], [ 107.829028322898864, -6.971198498611784 ], [ 107.829020389079744, -6.971142246917111 ], [ 107.829089526260702, -6.970872242559892 ] ] ] ] } },
{ "type": "Feature", "properties": { "TIPE_HAK_1": "BELUM TERDAFTAR" }, "geometry": { "type": "MultiPolygon", "coordinates": [ [ [ [ 107.847214118336979, -6.969254156254237 ], [ 107.847474799422514, -6.96917427936944 ], [ 107.847573405588264, -6.969193404352097 ], [ 107.847593806708858, -6.969332907187891 ], [ 107.847593806708858, -6.969389139996792 ], [ 107.847566604914959, -6.969413891138117 ], [ 107.847458931784331, -6.969436391276417 ], [ 107.847401128759145, -6.969426265809489 ], [ 107.847396595276734, -6.96935313923592 ], [ 107.847241320130877, -6.969287888025576 ], [ 107.847214118336979, -6.969254156254237 ] ] ] ] } },
{ "type": "Feature", "properties": { "TIPE_HAK_1": "BELUM TERDAFTAR" }, "geometry": { "type": "MultiPolygon", "coordinates": [ [ [ [ 107.864178173084269, -6.96495771532625 ], [ 107.864184159871115, -6.965365400492772 ], [ 107.864206910920245, -6.965408189336415 ], [ 107.864206910920245, -6.965458110703196 ], [ 107.864245228334653, -6.965506842266905 ], [ 107.864325455955111, -6.965549632009868 ], [ 107.864382932526382, -6.965563894358183 ], [ 107.864500280563561, -6.965581723417756 ], [ 107.864751739101564, -6.965540122578545 ], [ 107.864748147209298, -6.965522294418292 ], [ 107.864715816581736, -6.965522294418292 ], [ 107.864672709378112, -6.965493767923022 ], [ 107.864597271546927, -6.965446224363689 ], [ 107.864557756235513, -6.96541056714392 ], [ 107.864501477561191, -6.965333309084883 ], [ 107.86444280399229, -6.965279821906222 ], [ 107.864364971266468, -6.965247730498334 ], [ 107.864278756859221, -6.965150266471596 ], [ 107.864178173084269, -6.96495771532625 ] ] ] ] } },
{ "type": "Feature", "properties": { "TIPE_HAK_1": "BELUM TERDAFTAR" }, "geometry": { "type": "MultiPolygon", "coordinates": [ [ [ [ 107.814760395176165, -6.971253548812172 ], [ 107.814908187063224, -6.971225278623649 ], [ 107.814934358234098, -6.971448383336167 ], [ 107.814809659138518, -6.971464429040111 ], [ 107.814769632112871, -6.971278763104408 ], [ 107.814760395176165, -6.971253548812172 ] ] ] ] } },
{ "type": "Feature", "properties": { "TIPE_HAK_1": "BELUM TERDAFTAR" }, "geometry": { "type": "MultiPolygon", "coordinates": [ [ [ [ 107.825088012601782, -6.970436282708249 ], [ 107.825261931592934, -6.970463167940807 ], [ 107.825251952715519, -6.970505618639322 ], [ 107.825083261483371, -6.970469771662579 ], [ 107.825088012601782, -6.970436282708249 ] ] ] ] } },
{ "type": "Feature", "properties": { "TIPE_HAK_1": "BELUM TERDAFTAR" }, "geometry": { "type": "MultiPolygon", "coordinates": [ [ [ [ 107.906060828344607, -6.953180162334604 ], [ 107.906144718903704, -6.953036746548548 ], [ 107.906156703269289, -6.953023528313111 ], [ 107.906279876215365, -6.953031459434271 ], [ 107.906301847552299, -6.953065165125224 ], [ 107.90644832373124, -6.953039389656055 ], [ 107.906492266405053, -6.953092922700193 ], [ 107.906431678179445, -6.953391650504216 ], [ 107.906110763201241, -6.95332027311207 ], [ 107.906060828344607, -6.953180162334604 ] ] ] ] } },
{ "type": "Feature", "properties": { "TIPE_HAK_1": "BELUM TERDAFTAR" }, "geometry": { "type": "MultiPolygon", "coordinates": [ [ [ [ 107.706620071259351, -6.986297667902988 ], [ 107.707029350024527, -6.985869334302265 ], [ 107.70721135841751, -6.986089424487318 ], [ 107.707245491286471, -6.986231723315314 ], [ 107.707245491286471, -6.986280937814968 ], [ 107.707219728407779, -6.986361803054706 ], [ 107.70718448217815, -6.986414575272363 ], [ 107.707152820646229, -6.986469719901606 ], [ 107.707098596922776, -6.986535883024544 ], [ 107.70704722225156, -6.986582133358695 ], [ 107.707030494861499, -6.986593992718554 ], [ 107.706943873960654, -6.986590435000551 ], [ 107.706900394437696, -6.986586460896433 ], [ 107.706701465300455, -6.986552663474583 ], [ 107.706660245773776, -6.986536060190986 ], [ 107.706561677379568, -6.986461349012018 ], [ 107.706620071259351, -6.986297667902988 ] ] ] ] } },
{ "type": "Feature", "properties": { "TIPE_HAK_1": "BELUM TERDAFTAR" }, "geometry": { "type": "MultiPolygon", "coordinates": [ [ [ [ 107.706701387958731, -6.986551979090507 ], [ 107.706947017091238, -6.986591325329357 ], [ 107.707016917796579, -6.9865940286914 ], [ 107.707032047091388, -6.986593427944285 ], [ 107.707032211667297, -6.986652459443405 ], [ 107.707038711967016, -6.987054509458005 ], [ 107.706856844767628, -6.987114948396083 ], [ 107.706855511972378, -6.987069409425658 ], [ 107.706850042295684, -6.986943050181594 ], [ 107.706712287741937, -6.986937723497078 ], [ 107.70671144417787, -6.986785926928917 ], [ 107.706708089706638, -6.986650606839987 ], [ 107.706697781677349, -6.986639848250377 ], [ 107.706699763783149, -6.986586972610667 ], [ 107.706701387958731, -6.986551979090507 ] ] ] ] } },
{ "type": "Feature", "properties": { "TIPE_HAK_1": "BELUM TERDAFTAR" }, "geometry": { "type": "MultiPolygon", "coordinates": [ [ [ [ 107.70703033208423, -6.986593071812763 ], [ 107.707078877488243, -6.986556006254659 ], [ 107.70710035060074, -6.986535156372327 ], [ 107.707135673272774, -6.986491348596815 ], [ 107.707163679959933, -6.986453818988537 ], [ 107.707190628145042, -6.986403534295619 ], [ 107.707221902968513, -6.986356275821436 ], [ 107.707223398541089, -6.986355890911568 ], [ 107.707253292005873, -6.986507665895999 ], [ 107.707267835842003, -6.986977326942053 ], [ 107.707038705671778, -6.987054010334248 ], [ 107.707035593118178, -6.986869275196852 ], [ 107.70703033208423, -6.986593071812763 ] ] ] ] } },
{ "type": "Feature", "properties": { "TIPE_HAK_1": "BELUM TERDAFTAR" }, "geometry": { "type": "MultiPolygon", "coordinates": [ [ [ [ 107.706655373246917, -6.986944442332117 ], [ 107.706713579168422, -6.986937538236759 ], [ 107.70685160801537, -6.986942872115833 ], [ 107.706856728755099, -6.987115102180155 ], [ 107.706691993640675, -6.98716742563613 ], [ 107.706659413001546, -6.987178326318656 ], [ 107.706657215957819, -6.987059047437015 ], [ 107.706655751861547, -6.986978381846825 ], [ 107.706655373246917, -6.986944442332117 ] ] ] ] } },
{ "type": "Feature", "properties": { "TIPE_HAK_1": "BELUM TERDAFTAR" }, "geometry": { "type": "MultiPolygon", "coordinates": [ [ [ [ 107.706374860311598, -6.9869701917209 ], [ 107.706656116086947, -6.986944501687333 ], [ 107.706659511927, -6.987180827333248 ], [ 107.70642365123058, -6.987264438203226 ], [ 107.706374860311598, -6.9869701917209 ] ] ] ] } },
{ "type": "Feature", "properties": { "TIPE_HAK_1": "BELUM TERDAFTAR" }, "geometry": { "type": "MultiPolygon", "coordinates": [ [ [ [ 107.706061216352111, -6.986977140782358 ], [ 107.706373942103824, -6.986955684756992 ], [ 107.706424381480076, -6.987260366072974 ], [ 107.706296121069215, -6.987296126714853 ], [ 107.706244240079684, -6.987313292074703 ], [ 107.70617218369938, -6.987343331229681 ], [ 107.706153449022509, -6.987194566276173 ], [ 107.706120302709849, -6.987074409656259 ], [ 107.706082833356163, -6.987011471502171 ], [ 107.706061216352111, -6.986977140782358 ] ] ] ] } },
{ "type": "Feature", "properties": { "TIPE_HAK_1": "BELUM TERDAFTAR" }, "geometry": { "type": "MultiPolygon", "coordinates": [ [ [ [ 107.705792387408792, -6.986683541811942 ], [ 107.7061371443138, -6.986476002565439 ], [ 107.706181029431036, -6.986970216901966 ], [ 107.706058893403281, -6.986977144379637 ], [ 107.706037258412778, -6.986952552418302 ], [ 107.705979429307263, -6.986889996476123 ], [ 107.705883116412735, -6.986785112143139 ], [ 107.705821877977371, -6.986717388696491 ], [ 107.705792387408792, -6.986683541811942 ] ] ] ] } },
{ "type": "Feature", "properties": { "TIPE_HAK_1": "BELUM TERDAFTAR" }, "geometry": { "type": "MultiPolygon", "coordinates": [ [ [ [ 107.706122140024775, -6.986309521866872 ], [ 107.706322612398708, -6.986276699310167 ], [ 107.706327785299095, -6.986515109584616 ], [ 107.70636522317659, -6.986956629045153 ], [ 107.706178898937083, -6.986969937212791 ], [ 107.706158272086668, -6.986717352723588 ], [ 107.70614417791154, -6.986558348089261 ], [ 107.706135497655168, -6.986469602090438 ], [ 107.706128622338099, -6.986394997930745 ], [ 107.706122140024775, -6.986309521866872 ] ] ] ] } },
{ "type": "Feature", "properties": { "TIPE_HAK_1": "BELUM TERDAFTAR" }, "geometry": { "type": "MultiPolygon", "coordinates": [ [ [ [ 107.705682989378545, -6.986565462625947 ], [ 107.705910290327722, -6.98638769813374 ], [ 107.706069424464431, -6.986311378067569 ], [ 107.706121982643424, -6.986308962488579 ], [ 107.706135521037538, -6.986478554841369 ], [ 107.705791986311169, -6.986685064364167 ], [ 107.705682989378545, -6.986565462625947 ] ] ] ] } },
{ "type": "Feature", "properties": { "TIPE_HAK_1": "BELUM TERDAFTAR" }, "geometry": { "type": "MultiPolygon", "coordinates": [ [ [ [ 107.705820389599353, -6.985913439753404 ], [ 107.705979025511681, -6.985811587934393 ], [ 107.706146854293934, -6.986061169587288 ], [ 107.706323329158351, -6.986276103059652 ], [ 107.706124167096675, -6.986309384270612 ], [ 107.70606861687321, -6.986311370873011 ], [ 107.705921187412912, -6.986074630639621 ], [ 107.705871950430208, -6.985994604467351 ], [ 107.705849105851598, -6.985958339305853 ], [ 107.705820389599353, -6.985913439753404 ] ] ] ] } },
{ "type": "Feature", "properties": { "TIPE_HAK_1": "BELUM TERDAFTAR" }, "geometry": { "type": "MultiPolygon", "coordinates": [ [ [ [ 107.705663693524684, -6.986013599947626 ], [ 107.705821850098346, -6.985913010776756 ], [ 107.70607021586784, -6.98631110287505 ], [ 107.705909345140242, -6.986388342947635 ], [ 107.705793506165435, -6.986212640600854 ], [ 107.705663693524684, -6.986013599947626 ] ] ] ] } },
{ "type": "Feature", "properties": { "TIPE_HAK_1": "BELUM TERDAFTAR" }, "geometry": { "type": "MultiPolygon", "coordinates": [ [ [ [ 107.70537248405293, -6.986135084866248 ], [ 107.70566615856643, -6.98601381398629 ], [ 107.705908971921588, -6.986388219740491 ], [ 107.705682273518164, -6.986564104649688 ], [ 107.705641685315584, -6.986520869742321 ], [ 107.705560509809743, -6.986415731800548 ], [ 107.705503092593688, -6.986346950751113 ], [ 107.705429836517794, -6.986252620861706 ], [ 107.70537248405293, -6.986135084866248 ] ] ] ] } },
{ "type": "Feature", "properties": { "TIPE_HAK_1": "BELUM TERDAFTAR" }, "geometry": { "type": "MultiPolygon", "coordinates": [ [ [ [ 107.707247323205479, -6.986282825491969 ], [ 107.707531818338794, -6.98635879032588 ], [ 107.707463447380235, -6.986569667855861 ], [ 107.707356403775066, -6.986531659808179 ], [ 107.707298095330884, -6.98651697477851 ], [ 107.707252841445552, -6.986509201038757 ], [ 107.707223251951575, -6.986345940812498 ], [ 107.707247323205479, -6.986282825491969 ] ] ] ] } },
{ "type": "Feature", "properties": { "TIPE_HAK_1": "BELUM TERDAFTAR" }, "geometry": { "type": "MultiPolygon", "coordinates": [ [ [ [ 107.705765355586777, -6.985356731527872 ], [ 107.705895764477987, -6.985634157090658 ], [ 107.70596317496063, -6.985787902489676 ], [ 107.705978948169957, -6.985811147266588 ], [ 107.705663733994186, -6.986015293371054 ], [ 107.70546071563956, -6.985479663455635 ], [ 107.705499960254997, -6.985458485320805 ], [ 107.705589118143337, -6.985413859162236 ], [ 107.70561312284741, -6.985401378370852 ], [ 107.705635838822957, -6.985394037205026 ], [ 107.705765355586777, -6.985356731527872 ] ] ] ] } },
{ "type": "Feature", "properties": { "TIPE_HAK_1": "BELUM TERDAFTAR" }, "geometry": { "type": "MultiPolygon", "coordinates": [ [ [ [ 107.705294243034928, -6.985641209574112 ], [ 107.705460458433492, -6.985479220089871 ], [ 107.705663927348439, -6.986013674591391 ], [ 107.705372564092613, -6.986134880720101 ], [ 107.705354696362235, -6.986099241486784 ], [ 107.705350782512653, -6.986047931566759 ], [ 107.705289435259317, -6.985802597411919 ], [ 107.705294243034928, -6.985641209574112 ] ] ] ] } },
{ "type": "Feature", "properties": { "TIPE_HAK_1": "BELUM TERDAFTAR" }, "geometry": { "type": "MultiPolygon", "coordinates": [ [ [ [ 107.706306691700547, -6.985481210289549 ], [ 107.706435758803309, -6.985401243472552 ], [ 107.706448828650593, -6.985435258530288 ], [ 107.706322638479037, -6.985519304672152 ], [ 107.706306691700547, -6.985481210289549 ] ] ] ] } },
{ "type": "Feature", "properties": { "TIPE_HAK_1": "BELUM TERDAFTAR" }, "geometry": { "type": "MultiPolygon", "coordinates": [ [ [ [ 107.706272035426139, -6.985403638367188 ], [ 107.706412201062278, -6.985338359277819 ], [ 107.706435631099566, -6.985399966435239 ], [ 107.706306152107288, -6.985481564622489 ], [ 107.706272035426139, -6.985403638367188 ] ] ] ] } },
{ "type": "Feature", "properties": { "TIPE_HAK_1": "BELUM TERDAFTAR" }, "geometry": { "type": "MultiPolygon", "coordinates": [ [ [ [ 107.706228191677781, -6.985299903367775 ], [ 107.706366254698935, -6.985234753780787 ], [ 107.706395677818364, -6.985295971531798 ], [ 107.706410389827681, -6.985337532800827 ], [ 107.706272892480058, -6.985403243564804 ], [ 107.706228191677781, -6.985299903367775 ] ] ] ] } },
{ "type": "Feature", "properties": { "TIPE_HAK_1": "BELUM TERDAFTAR" }, "geometry": { "type": "MultiPolygon", "coordinates": [ [ [ [ 107.70618039001306, -6.985192204156874 ], [ 107.706285012643264, -6.985058464176745 ], [ 107.706305849935063, -6.985112632142204 ], [ 107.706366552374561, -6.985234342790648 ], [ 107.706227639494045, -6.985300821575606 ], [ 107.70618039001306, -6.985192204156874 ] ] ] ] } },
{ "type": "Feature", "properties": { "TIPE_HAK_1": "BELUM TERDAFTAR" }, "geometry": { "type": "MultiPolygon", "coordinates": [ [ [ [ 107.707283725063917, -6.984459602928268 ], [ 107.707444286424732, -6.984371186081319 ], [ 107.707605947656418, -6.98441594084295 ], [ 107.707613667436874, -6.984562029414064 ], [ 107.707619165891856, -6.984644989174853 ], [ 107.707633462414435, -6.984719215619236 ], [ 107.707638860145323, -6.984745771699977 ], [ 107.707439807800938, -6.984722848880324 ], [ 107.707446406126792, -6.984630064925511 ], [ 107.707354028665577, -6.984536190093024 ], [ 107.707283725063917, -6.984459602928268 ] ] ] ] } },
{ "type": "Feature", "properties": { "TIPE_HAK_1": "BELUM TERDAFTAR" }, "geometry": { "type": "MultiPolygon", "coordinates": [ [ [ [ 107.707601492414994, -6.984416420181617 ], [ 107.70781991076035, -6.984385050929291 ], [ 107.70781211094021, -6.984531660207892 ], [ 107.707800171540725, -6.984598581459295 ], [ 107.707770674676965, -6.984761114134074 ], [ 107.707637235969742, -6.984745777995215 ], [ 107.707621082347146, -6.984648183566776 ], [ 107.707611969516847, -6.984526732822417 ], [ 107.707601492414994, -6.984416420181617 ] ] ] ] } },
{ "type": "Feature", "properties": { "TIPE_HAK_1": "BELUM TERDAFTAR" }, "geometry": { "type": "MultiPolygon", "coordinates": [ [ [ [ 107.70777122865934, -6.984764295935463 ], [ 107.707729358922847, -6.984931397166179 ], [ 107.708012850412786, -6.985002393245793 ], [ 107.708017212124673, -6.984950444807112 ], [ 107.708062570331435, -6.984798062780328 ], [ 107.70777122865934, -6.984764295935463 ] ] ] ] } },
{ "type": "Feature", "properties": { "TIPE_HAK_1": "BELUM TERDAFTAR" }, "geometry": { "type": "MultiPolygon", "coordinates": [ [ [ [ 107.707391971962011, -6.985248866841687 ], [ 107.707638481530751, -6.985319587728725 ], [ 107.70751171309513, -6.985750220895909 ], [ 107.707288017528072, -6.985668314241252 ], [ 107.707303924736379, -6.985621933505399 ], [ 107.707324802497681, -6.985452199959013 ], [ 107.707338721305007, -6.985415460854767 ], [ 107.70735661691441, -6.985369080118915 ], [ 107.707391971962011, -6.985248866841687 ] ] ] ] } },
{ "type": "Feature", "properties": { "TIPE_HAK_1": "HAK MILIK" }, "geometry": { "type": "MultiPolygon", "coordinates": [ [ [ [ 107.707822794886113, -6.985798831051163 ], [ 107.707937365816861, -6.985841966133766 ], [ 107.707999101577343, -6.985663154830661 ], [ 107.708048090347177, -6.985467868847024 ], [ 107.708172311902729, -6.985504730259041 ], [ 107.708292048539249, -6.985169035822302 ], [ 107.708062116173778, -6.98509923494169 ], [ 107.707998114121722, -6.985263149874407 ], [ 107.70792927371707, -6.985432161265178 ], [ 107.707881463059152, -6.985603148466506 ], [ 107.707822794886113, -6.985798831051163 ] ] ] ] } },
{ "type": "Feature", "properties": { "TIPE_HAK_1": "BELUM TERDAFTAR" }, "geometry": { "type": "MultiPolygon", "coordinates": [ [ [ [ 107.711725940699637, -6.986703113757642 ], [ 107.711761966641518, -6.98665635350784 ], [ 107.712232245521761, -6.986654041350903 ], [ 107.712187177796068, -6.986971393215185 ], [ 107.712175432650156, -6.987041338886627 ], [ 107.711919435233824, -6.986846138338592 ], [ 107.711725940699637, -6.986703113757642 ] ] ] ] } },
{ "type": "Feature", "properties": { "TIPE_HAK_1": "BELUM TERDAFTAR" }, "geometry": { "type": "MultiPolygon", "coordinates": [ [ [ [ 107.712616602274409, -6.985944160594499 ], [ 107.712852961195267, -6.98597836450989 ], [ 107.712834937882121, -6.986266837344601 ], [ 107.712582405553633, -6.986263967607954 ], [ 107.712597452110799, -6.986133922942145 ], [ 107.712616602274409, -6.985944160594499 ] ] ] ] } },
{ "type": "Feature", "properties": { "TIPE_HAK_1": "BELUM TERDAFTAR" }, "geometry": { "type": "MultiPolygon", "coordinates": [ [ [ [ 107.712616328880529, -6.985886624667955 ], [ 107.712949338840986, -6.985842087542267 ], [ 107.713153173780029, -6.986246257258927 ], [ 107.713151685402011, -6.986247980359963 ], [ 107.713130352583789, -6.986248966016944 ], [ 107.712834324544531, -6.986267101745284 ], [ 107.712852934215618, -6.985977672931199 ], [ 107.712616691307346, -6.985944231640929 ], [ 107.712616328880529, -6.985886624667955 ] ] ] ] } },
{ "type": "Feature", "properties": { "TIPE_HAK_1": "BELUM TERDAFTAR" }, "geometry": { "type": "MultiPolygon", "coordinates": [ [ [ [ 107.713360832636397, -6.988260633421476 ], [ 107.713433408824812, -6.988137881358114 ], [ 107.713897446410101, -6.98849903650131 ], [ 107.713822537380281, -6.988606535163399 ], [ 107.713651765116936, -6.988535465339396 ], [ 107.713558326455654, -6.988454585710542 ], [ 107.713474220958574, -6.988381598531873 ], [ 107.71343171989804, -6.988344733522581 ], [ 107.713360832636397, -6.988260633421476 ] ] ] ] } },
{ "type": "Feature", "properties": { "TIPE_HAK_1": "BELUM TERDAFTAR" }, "geometry": { "type": "MultiPolygon", "coordinates": [ [ [ [ 107.71323762012014, -6.987990020223208 ], [ 107.713433427710584, -6.988138203315373 ], [ 107.713361065560775, -6.98826259034621 ], [ 107.71329284388969, -6.988226094058973 ], [ 107.713276009480296, -6.988217740256459 ], [ 107.713260947634694, -6.98817640651589 ], [ 107.713251977796574, -6.988110143568235 ], [ 107.713244004407329, -6.988043307752378 ], [ 107.71323762012014, -6.987990020223208 ] ] ] ] } },
{ "type": "Feature", "properties": { "TIPE_HAK_1": "BELUM TERDAFTAR" }, "geometry": { "type": "MultiPolygon", "coordinates": [ [ [ [ 107.713896863649381, -6.988499120138215 ], [ 107.714095406078172, -6.988654693858962 ], [ 107.714090485887255, -6.988654803576253 ], [ 107.714059640939752, -6.988652807081337 ], [ 107.714033570492973, -6.988651830417609 ], [ 107.714004904602746, -6.988643677163907 ], [ 107.713830556634946, -6.988596895330431 ], [ 107.713896863649381, -6.988499120138215 ] ] ] ] } },
{ "type": "Feature", "properties": { "TIPE_HAK_1": "BELUM TERDAFTAR" }, "geometry": { "type": "MultiPolygon", "coordinates": [ [ [ [ 107.714358196073931, -6.988676452056552 ], [ 107.71416950391955, -6.988674386313846 ], [ 107.713643961699518, -6.988250268734873 ], [ 107.713591322581522, -6.988212650093658 ], [ 107.713462317531992, -6.988119007286286 ], [ 107.713337794703534, -6.9880287774061 ], [ 107.713229700690192, -6.987949008439955 ], [ 107.713083096807509, -6.987833501314981 ], [ 107.712975783405739, -6.987747884956889 ], [ 107.712942620905267, -6.987721760550755 ], [ 107.712846066992483, -6.987649734747436 ], [ 107.712825011165421, -6.987633537957379 ], [ 107.712708352908237, -6.987547654500588 ], [ 107.712707454485496, -6.987436673663524 ], [ 107.712755057400045, -6.987472631256878 ], [ 107.712788588622516, -6.987496403935836 ], [ 107.712816439726964, -6.987518599203952 ], [ 107.712904056177308, -6.987584407094687 ], [ 107.712993223058845, -6.987652150326426 ], [ 107.713043031111056, -6.9876906727863 ], [ 107.713131285180737, -6.987761293848564 ], [ 107.713280200321037, -6.987878665268113 ], [ 107.713641032607654, -6.988131640962422 ], [ 107.713691373957829, -6.9881796341827 ], [ 107.713740858254084, -6.988215964994765 ], [ 107.713765398054761, -6.988234984756673 ], [ 107.713841424941847, -6.988291399228672 ], [ 107.713911681778768, -6.988342958260887 ], [ 107.713957736060706, -6.988377325852866 ], [ 107.713986645667205, -6.98839934755182 ], [ 107.714024934303325, -6.988428070998623 ], [ 107.714172299012432, -6.988539001473669 ], [ 107.714275363117565, -6.98861598164217 ], [ 107.714358196073931, -6.988676452056552 ] ] ] ] } },
{ "type": "Feature", "properties": { "TIPE_HAK_1": "BELUM TERDAFTAR" }, "geometry": { "type": "MultiPolygon", "coordinates": [ [ [ [ 107.713642359107666, -6.98813162387529 ], [ 107.713728794748135, -6.98777906535156 ], [ 107.71397314504469, -6.987803462160002 ], [ 107.713996860167015, -6.987569699581911 ], [ 107.714216332517765, -6.987592737514774 ], [ 107.714428874692885, -6.987650142140296 ], [ 107.714349239725721, -6.987996891043622 ], [ 107.71442442484738, -6.98802057109242 ], [ 107.714414303877106, -6.988045685559882 ], [ 107.714114287344557, -6.988013395401822 ], [ 107.714026515311502, -6.988427574572881 ], [ 107.71387469985757, -6.988315635058484 ], [ 107.713746772195861, -6.988219474149389 ], [ 107.713688937694371, -6.988177855323727 ], [ 107.713642359107666, -6.98813162387529 ] ] ] ] } },
{ "type": "Feature", "properties": { "TIPE_HAK_1": "BELUM TERDAFTAR" }, "geometry": { "type": "MultiPolygon", "coordinates": [ [ [ [ 107.714814986922192, -6.98902305706838 ], [ 107.71491371539571, -6.988791766726592 ], [ 107.71491917517983, -6.98877912225862 ], [ 107.715018358710324, -6.988814797464897 ], [ 107.7148960149392, -6.9890865114333 ], [ 107.714850063179938, -6.989051739146419 ], [ 107.714814986922192, -6.98902305706838 ] ] ] ] } },
{ "type": "Feature", "properties": { "TIPE_HAK_1": "BELUM TERDAFTAR" }, "geometry": { "type": "MultiPolygon", "coordinates": [ [ [ [ 107.713946671701592, -6.988704179953913 ], [ 107.714078774016286, -6.988811206471951 ], [ 107.714226224160996, -6.988927193834854 ], [ 107.714282331964114, -6.988863768248279 ], [ 107.714316987339146, -6.988823890510105 ], [ 107.71424632760602, -6.988776082550146 ], [ 107.714215157103865, -6.988749164941964 ], [ 107.714093160471066, -6.988653722591152 ], [ 107.71403125383938, -6.988649735896558 ], [ 107.713970470460879, -6.988631790824456 ], [ 107.713832222179349, -6.988591237695402 ], [ 107.713823182194176, -6.988606397567139 ], [ 107.713946671701592, -6.988704179953913 ] ] ] ] } },
{ "type": "Feature", "properties": { "TIPE_HAK_1": "BELUM TERDAFTAR" }, "geometry": { "type": "MultiPolygon", "coordinates": [ [ [ [ 107.7129537239353, -6.987770600033116 ], [ 107.713237375504548, -6.987991601231386 ], [ 107.713260787555384, -6.988176105243042 ], [ 107.713276881822708, -6.988218537055786 ], [ 107.713193897780229, -6.98817710438982 ], [ 107.713126001663682, -6.988145654198547 ], [ 107.712874564709466, -6.987966486763924 ], [ 107.7129537239353, -6.987770600033116 ] ] ] ] } },
{ "type": "Feature", "properties": { "TIPE_HAK_1": "BELUM TERDAFTAR" }, "geometry": { "type": "MultiPolygon", "coordinates": [ [ [ [ 107.714226569500624, -6.988926129936885 ], [ 107.714581709078686, -6.989209927196327 ], [ 107.714686934254701, -6.98907719715487 ], [ 107.714536532535021, -6.988974516160965 ], [ 107.714337127656393, -6.988836971149226 ], [ 107.714316302055749, -6.988823915691114 ], [ 107.714226569500624, -6.988926129936885 ] ] ] ] } },
{ "type": "Feature", "properties": { "TIPE_HAK_1": "BELUM TERDAFTAR" }, "geometry": { "type": "MultiPolygon", "coordinates": [ [ [ [ 107.714170591199888, -6.988674636325356 ], [ 107.714357872318033, -6.988676226326731 ], [ 107.714456496470177, -6.988750914123329 ], [ 107.714970457220886, -6.989144791998513 ], [ 107.715099476659589, -6.989237607429573 ], [ 107.715472483068709, -6.989486830252986 ], [ 107.71550562578409, -6.989512677667904 ], [ 107.715566361498418, -6.989651529394507 ], [ 107.715514049733656, -6.989619431691381 ], [ 107.715455555129836, -6.989577420761293 ], [ 107.715229803712532, -6.98942736078402 ], [ 107.715101557690787, -6.98933786385129 ], [ 107.715071596776852, -6.989318982584905 ], [ 107.714958639229849, -6.989241694848317 ], [ 107.7148354896662, -6.989153387718602 ], [ 107.714691642205594, -6.989053780607435 ], [ 107.71459074726522, -6.988983097491882 ], [ 107.714500389681291, -6.98891890118631 ], [ 107.714450853224378, -6.988884320454986 ], [ 107.714379993841703, -6.988834284874315 ], [ 107.714301359819956, -6.988780021580681 ], [ 107.714248096572476, -6.98873801065065 ], [ 107.714170591199888, -6.988674636325356 ] ] ] ] } },
{ "type": "Feature", "properties": { "TIPE_HAK_1": "BELUM TERDAFTAR" }, "geometry": { "type": "MultiPolygon", "coordinates": [ [ [ [ 107.721653461438166, -6.992451184574463 ], [ 107.721650667244546, -6.992465448721418 ], [ 107.721682601271084, -6.992483673482695 ], [ 107.721762436787117, -6.992456731592824 ], [ 107.721768823772265, -6.992406809326724 ], [ 107.721653461438166, -6.992451184574463 ] ] ] ] } },
{ "type": "Feature", "properties": { "TIPE_HAK_1": "BELUM TERDAFTAR" }, "geometry": { "type": "MultiPolygon", "coordinates": [ [ [ [ 107.721768513506163, -6.992406461289136 ], [ 107.721844125805831, -6.992375139700869 ], [ 107.721843585313252, -6.992399091344964 ], [ 107.721762191272148, -6.992456852102009 ], [ 107.721768513506163, -6.992406461289136 ] ] ] ] } },
{ "type": "Feature", "properties": { "TIPE_HAK_1": "BELUM TERDAFTAR" }, "geometry": { "type": "MultiPolygon", "coordinates": [ [ [ [ 107.721842946794595, -6.992398749602557 ], [ 107.721883179764973, -6.992374456216112 ], [ 107.721884017933121, -6.992358864669825 ], [ 107.721843449515632, -6.992375503926326 ], [ 107.721842946794595, -6.992398749602557 ] ] ] ] } },
{ "type": "Feature", "properties": { "TIPE_HAK_1": "BELUM TERDAFTAR" }, "geometry": { "type": "MultiPolygon", "coordinates": [ [ [ [ 107.722153168833756, -6.992281138963335 ], [ 107.722207063405335, -6.992294775383527 ], [ 107.722207274745983, -6.992274006440198 ], [ 107.722153168833756, -6.992281138963335 ] ] ] ] } },
{ "type": "Feature", "properties": { "TIPE_HAK_1": "BELUM TERDAFTAR" }, "geometry": { "type": "MultiPolygon", "coordinates": [ [ [ [ 107.721925635859463, -6.992692309902111 ], [ 107.72192541822352, -6.992698436983233 ], [ 107.722027566818838, -6.992787978882063 ], [ 107.722198563912627, -6.992862318641073 ], [ 107.722441415938647, -6.992926550919549 ], [ 107.722581977276491, -6.992920942747276 ], [ 107.72274996703743, -6.992965775749894 ], [ 107.72285649533103, -6.99298903041938 ], [ 107.723145282029179, -6.993261352329512 ], [ 107.723541873158979, -6.993592039341081 ], [ 107.723574849499755, -6.993637268045461 ], [ 107.723885052653145, -6.993676509962938 ], [ 107.724930282506591, -6.994288378106091 ], [ 107.725142385812489, -6.994448912487258 ], [ 107.725301347279412, -6.994569817343177 ], [ 107.725545296478288, -6.994756053449066 ], [ 107.725570517965082, -6.994775017453037 ], [ 107.725580262119479, -6.994783362262297 ], [ 107.725588096113825, -6.994787345359669 ], [ 107.726609779917453, -6.995446069080799 ], [ 107.72673265249, -6.99549137332815 ], [ 107.726782036961481, -6.995240998473264 ], [ 107.726674231630568, -6.995174365004914 ], [ 107.726560364868988, -6.995103895928025 ], [ 107.726472650392566, -6.995049422193006 ], [ 107.726389836321971, -6.994994947558723 ], [ 107.726303592237059, -6.994938527690863 ], [ 107.726112966540256, -6.994813507537287 ], [ 107.725923319305821, -6.994687373123725 ], [ 107.725751415695356, -6.994573961419121 ], [ 107.725644324426071, -6.994503173082933 ], [ 107.725547357724452, -6.994438161092205 ], [ 107.72542916432451, -6.994359786075222 ], [ 107.725324207146514, -6.994292967346496 ], [ 107.725284515567978, -6.994264270879341 ], [ 107.725202626899772, -6.994211490567807 ], [ 107.725121835404423, -6.994157606788065 ], [ 107.724729905460833, -6.993898835862524 ], [ 107.724496819172941, -6.993744601232322 ], [ 107.724243431589173, -6.993582406702672 ], [ 107.724200267728236, -6.993554986373454 ], [ 107.724084658979905, -6.993500237445971 ], [ 107.724016994888473, -6.993467042569932 ], [ 107.723982790973082, -6.993451611102898 ], [ 107.723929655429288, -6.993426999356473 ], [ 107.723900504804533, -6.993413496935261 ], [ 107.72377784806929, -6.993354882721633 ], [ 107.72373218409308, -6.993335213649118 ], [ 107.723558676092068, -6.993257287393874 ], [ 107.723190356050168, -6.993075225940856 ], [ 107.722957732013754, -6.992961489581035 ], [ 107.722783325590058, -6.992894858810644 ], [ 107.722379601037801, -6.992755818226385 ], [ 107.721925635859463, -6.992692309902111 ] ] ] ] } },
{ "type": "Feature", "properties": { "TIPE_HAK_1": "BELUM TERDAFTAR" }, "geometry": { "type": "MultiPolygon", "coordinates": [ [ [ [ 107.727810969300833, -6.994960236425698 ], [ 107.727983672408641, -6.995145771060436 ], [ 107.728056098410264, -6.995081746525329 ], [ 107.728174924033567, -6.995007611811786 ], [ 107.728212268381526, -6.994991887165838 ], [ 107.728258667103887, -6.994975038367272 ], [ 107.728298275045404, -6.994953696555797 ], [ 107.728334488945563, -6.994948080289646 ], [ 107.728352594996295, -6.994945833783163 ], [ 107.728359384877763, -6.99505254194122 ], [ 107.728319776936189, -6.995061527967096 ], [ 107.728257534857391, -6.995091855804446 ], [ 107.728186240202888, -6.995131168768353 ], [ 107.728099102191891, -6.995180591910753 ], [ 107.728034513781836, -6.995234115961637 ], [ 107.728035198165912, -6.995269511478739 ], [ 107.72826682935073, -6.995187335926744 ], [ 107.728446760309794, -6.995129499626671 ], [ 107.728523849296266, -6.995107710852153 ], [ 107.728550396383753, -6.995099603463871 ], [ 107.728589195834786, -6.995085414859943 ], [ 107.728745335229121, -6.995025912116091 ], [ 107.728803858611229, -6.995001570166266 ], [ 107.72906323388122, -6.994862799378666 ], [ 107.729282994015023, -6.994876069774762 ], [ 107.729522138136247, -6.99493533329894 ], [ 107.72967950150786, -6.995076349693761 ], [ 107.729793318806685, -6.995232952238894 ], [ 107.729909025581151, -6.99523103848162 ], [ 107.729990301811029, -6.995302590342249 ], [ 107.730676597846752, -6.995460018465053 ], [ 107.731356619312578, -6.995397189128937 ], [ 107.731483896764473, -6.995378047958525 ], [ 107.731335964583138, -6.995188431301017 ], [ 107.731388996704879, -6.995118567467841 ], [ 107.731267504591699, -6.995130051810406 ], [ 107.731115157638499, -6.995139622395584 ], [ 107.730768185703255, -6.99515972044469 ], [ 107.730542569184308, -6.995138660121029 ], [ 107.730360331464169, -6.995101335558161 ], [ 107.73025619536719, -6.995076452216438 ], [ 107.730082127987885, -6.995036022294528 ], [ 107.729909532798786, -6.994975729046587 ], [ 107.7297890047588, -6.994934576069795 ], [ 107.729629908393633, -6.99489055155766 ], [ 107.729129768424116, -6.994748574686923 ], [ 107.72898995622154, -6.994710293245362 ], [ 107.728834717048642, -6.994663398097316 ], [ 107.728746007921984, -6.994649999098158 ], [ 107.728703582404478, -6.99464330004821 ], [ 107.728640907751753, -6.994644256926847 ], [ 107.72852713002311, -6.994639471634287 ], [ 107.728275468238337, -6.9946930667316 ], [ 107.728049064812524, -6.994787139414882 ], [ 107.72791118075645, -6.994893371831608 ], [ 107.727810969300833, -6.994960236425698 ] ] ] ] } },
{ "type": "Feature", "properties": { "TIPE_HAK_1": "BELUM TERDAFTAR" }, "geometry": { "type": "MultiPolygon", "coordinates": [ [ [ [ 107.73220786540071, -6.995032732574487 ], [ 107.73219541968291, -6.995119201489899 ], [ 107.73220164209215, -6.995120574754651 ], [ 107.732189888852361, -6.995222827671341 ], [ 107.732288068739422, -6.995237239307073 ], [ 107.732319181684943, -6.99501626239055 ], [ 107.73220786540071, -6.995032732574487 ] ] ] ] } },
{ "type": "Feature", "properties": { "TIPE_HAK_1": "BELUM TERDAFTAR" }, "geometry": { "type": "MultiPolygon", "coordinates": [ [ [ [ 107.740120250049586, -6.996162306245367 ], [ 107.740172864885892, -6.996192652069169 ], [ 107.74025905411213, -6.996055927239183 ], [ 107.740203102791043, -6.996023075904191 ], [ 107.740120250049586, -6.996162306245367 ] ] ] ] } },
{ "type": "Feature", "properties": { "TIPE_HAK_1": "BELUM TERDAFTAR" }, "geometry": { "type": "MultiPolygon", "coordinates": [ [ [ [ 107.740240525379988, -6.996221339543126 ], [ 107.740322953641453, -6.996088987216922 ], [ 107.740354053996441, -6.99610745839243 ], [ 107.740273717558068, -6.996241835092576 ], [ 107.740240525379988, -6.996221339543126 ] ] ] ] } },
{ "type": "Feature", "properties": { "TIPE_HAK_1": "BELUM TERDAFTAR" }, "geometry": { "type": "MultiPolygon", "coordinates": [ [ [ [ 107.739860782149435, -6.995959479446356 ], [ 107.739902515188987, -6.995928132677136 ], [ 107.739918870259714, -6.995918616950576 ], [ 107.739979213869674, -6.995899864287253 ], [ 107.740025458807963, -6.995897065597035 ], [ 107.74001198516504, -6.995989904410521 ], [ 107.73997955741072, -6.995980108095466 ], [ 107.739963484727127, -6.995975350681817 ], [ 107.739925981199121, -6.995972831680774 ], [ 107.73987977673039, -6.995967234300394 ], [ 107.739868497433292, -6.995964715299351 ], [ 107.739860782149435, -6.995959479446356 ] ] ] ] } },
{ "type": "Feature", "properties": { "TIPE_HAK_1": "BELUM TERDAFTAR" }, "geometry": { "type": "MultiPolygon", "coordinates": [ [ [ [ 107.740024755538116, -6.995897243662796 ], [ 107.740111323378926, -6.995885488624367 ], [ 107.740097492705161, -6.99600576305545 ], [ 107.740010360090082, -6.99599008967084 ], [ 107.740024755538116, -6.995897243662796 ] ] ] ] } },
{ "type": "Feature", "properties": { "TIPE_HAK_1": "BELUM TERDAFTAR" }, "geometry": { "type": "MultiPolygon", "coordinates": [ [ [ [ 107.740291990882724, -6.996075485695087 ], [ 107.740461152460284, -6.996189155505078 ], [ 107.740515545256244, -6.996095295061764 ], [ 107.740441660554268, -6.9960254923825 ], [ 107.740410020606021, -6.996000086534707 ], [ 107.740371981082149, -6.995968681309535 ], [ 107.740360960789758, -6.995960918361618 ], [ 107.740291990882724, -6.996075485695087 ] ] ] ] } },
{ "type": "Feature", "properties": { "TIPE_HAK_1": "BELUM TERDAFTAR" }, "geometry": { "type": "MultiPolygon", "coordinates": [ [ [ [ 107.740418883424809, -6.996323600553694 ], [ 107.740549439804852, -6.996417371964071 ], [ 107.740591246588792, -6.996376635373394 ], [ 107.740522461942135, -6.996303698556801 ], [ 107.740448789480126, -6.996261950228757 ], [ 107.740418883424809, -6.996323600553694 ] ] ] ] } },
{ "type": "Feature", "properties": { "TIPE_HAK_1": "BELUM TERDAFTAR" }, "geometry": { "type": "MultiPolygon", "coordinates": [ [ [ [ 107.740448443241121, -6.996261434017924 ], [ 107.740481276589719, -6.996202025702871 ], [ 107.740499940220104, -6.996181357483636 ], [ 107.740571126056693, -6.996246821833324 ], [ 107.740522313553981, -6.996303923387302 ], [ 107.740448443241121, -6.996261434017924 ] ] ] ] } },
{ "type": "Feature", "properties": { "TIPE_HAK_1": "BELUM TERDAFTAR" }, "geometry": { "type": "MultiPolygon", "coordinates": [ [ [ [ 107.740591151260674, -6.996376944740177 ], [ 107.740622835275701, -6.996346994618079 ], [ 107.740672966184491, -6.996396752308215 ], [ 107.740683503540936, -6.996386494640944 ], [ 107.740720388335319, -6.996425987469308 ], [ 107.740775077907585, -6.996376989706278 ], [ 107.740759319986694, -6.996357522081951 ], [ 107.740731125341199, -6.99632203213605 ], [ 107.740722576385849, -6.996311549638278 ], [ 107.74065411549509, -6.996224117548934 ], [ 107.740624114111654, -6.996185322594499 ], [ 107.740572376114301, -6.996244544749914 ], [ 107.740522723644858, -6.99630293862964 ], [ 107.740591151260674, -6.996376944740177 ] ] ] ] } },
{ "type": "Feature", "properties": { "TIPE_HAK_1": "BELUM TERDAFTAR" }, "geometry": { "type": "MultiPolygon", "coordinates": [ [ [ [ 107.740525617663195, -6.996207450413465 ], [ 107.740585632121281, -6.996145720048901 ], [ 107.740554195419861, -6.996115683591881 ], [ 107.740499209970608, -6.996182239718564 ], [ 107.740525617663195, -6.996207450413465 ] ] ] ] } },
{ "type": "Feature", "properties": { "TIPE_HAK_1": "BELUM TERDAFTAR" }, "geometry": { "type": "MultiPolygon", "coordinates": [ [ [ [ 107.740526337120798, -6.996206667103934 ], [ 107.740585296674169, -6.996145169663805 ], [ 107.740624580859787, -6.996186218319281 ], [ 107.740570219540075, -6.996247966670296 ], [ 107.740526337120798, -6.996206667103934 ] ] ] ] } },
{ "type": "Feature", "properties": { "TIPE_HAK_1": "BELUM TERDAFTAR" }, "geometry": { "type": "MultiPolygon", "coordinates": [ [ [ [ 107.749453721811847, -6.996913058490804 ], [ 107.749675437971121, -6.99694357608513 ], [ 107.749790615044901, -6.997122989933985 ], [ 107.749904335216968, -6.997108296810381 ], [ 107.750029427316292, -6.997529413351685 ], [ 107.750564905246222, -6.997397653678718 ], [ 107.750592384930655, -6.997544256662081 ], [ 107.750039031176414, -6.997596161033982 ], [ 107.749712338053996, -6.99765457379948 ], [ 107.749654802127452, -6.997336309123341 ], [ 107.749587287323493, -6.997141500679675 ], [ 107.749529150649835, -6.997047402815326 ], [ 107.749453721811847, -6.996913058490804 ] ] ] ] } },
{ "type": "Feature", "properties": { "TIPE_HAK_1": "BELUM TERDAFTAR" }, "geometry": { "type": "MultiPolygon", "coordinates": [ [ [ [ 107.749891711433406, -6.998884227624956 ], [ 107.749983116727492, -6.998968048936263 ], [ 107.750149988631108, -6.999112569989052 ], [ 107.750202645735556, -6.999159904905639 ], [ 107.75027260309821, -6.999221251259712 ], [ 107.750365002143212, -6.999304086914037 ], [ 107.750648159984678, -6.999284363882225 ], [ 107.750694856382552, -6.999287322651753 ], [ 107.750701437621331, -7.000325302170893 ], [ 107.750674612643309, -7.000329246597403 ], [ 107.750406357467511, -7.000346996516612 ], [ 107.750399403010078, -7.000305579139138 ], [ 107.75039741550836, -7.000151742908542 ], [ 107.750386486946866, -7.000130047663504 ], [ 107.750300800441664, -7.000062836830409 ], [ 107.750234233523145, -7.000008599617104 ], [ 107.750153756790496, -7.000074670109882 ], [ 107.75012891841493, -7.00010030978143 ], [ 107.75009911218433, -7.000121018470168 ], [ 107.75003353901667, -7.000165394617227 ], [ 107.750013668496081, -6.999979015519102 ], [ 107.750090170225235, -6.999979015519102 ], [ 107.750361468706899, -6.999555073307931 ], [ 107.749963666190297, -6.999559050110008 ], [ 107.749906187820386, -6.999046359202055 ], [ 107.749891711433406, -6.998884227624956 ] ] ] ] } },
{ "type": "Feature", "properties": { "TIPE_HAK_1": "BELUM TERDAFTAR" }, "geometry": { "type": "MultiPolygon", "coordinates": [ [ [ [ 107.750122491859599, -7.000750391017675 ], [ 107.750291585987952, -7.000911632265968 ], [ 107.750337562928223, -7.000906054670622 ], [ 107.75036835031915, -7.000953596431259 ], [ 107.750231951043759, -7.000974892377315 ], [ 107.750215604066909, -7.000976921247855 ], [ 107.750203854424399, -7.000989597192131 ], [ 107.750177800165432, -7.00091049732157 ], [ 107.750122491859599, -7.000750391017675 ] ] ] ] } },
{ "type": "Feature", "properties": { "TIPE_HAK_1": "BELUM TERDAFTAR" }, "geometry": { "type": "MultiPolygon", "coordinates": [ [ [ [ 107.750209760272298, -7.001040568067708 ], [ 107.750290745121845, -7.001037858410371 ], [ 107.750283010952273, -7.000966960356891 ], [ 107.750214764999441, -7.000976443707884 ], [ 107.750204300488122, -7.000987732897499 ], [ 107.750209760272298, -7.001040568067708 ] ] ] ] } },
{ "type": "Feature", "properties": { "TIPE_HAK_1": "BELUM TERDAFTAR" }, "geometry": { "type": "MultiPolygon", "coordinates": [ [ [ [ 107.750282100838319, -7.000966508897193 ], [ 107.750339882279832, -7.000958831384935 ], [ 107.750349436677197, -7.001046889402403 ], [ 107.750316678871684, -7.001050954338041 ], [ 107.750290745121845, -7.001051405797682 ], [ 107.750282100838319, -7.000966508897193 ] ] ] ] } },
{ "type": "Feature", "properties": { "TIPE_HAK_1": "BELUM TERDAFTAR" }, "geometry": { "type": "MultiPolygon", "coordinates": [ [ [ [ 107.750340977654048, -7.000957379879139 ], [ 107.750393765160197, -7.000947939695607 ], [ 107.750404227872878, -7.001046591726777 ], [ 107.750366657795098, -7.001051783512935 ], [ 107.750349537401291, -7.001052727801095 ], [ 107.750340977654048, -7.000957379879139 ] ] ] ] } },
{ "type": "Feature", "properties": { "TIPE_HAK_1": "BELUM TERDAFTAR" }, "geometry": { "type": "MultiPolygon", "coordinates": [ [ [ [ 107.750209450006196, -7.001040050957556 ], [ 107.750291087763571, -7.001038227132426 ], [ 107.750292662476454, -7.001051775419057 ], [ 107.750318124981561, -7.001050212397331 ], [ 107.750335092490559, -7.001172522893569 ], [ 107.750273142691469, -7.001178775879737 ], [ 107.750232454664115, -7.001182684333344 ], [ 107.750209450006196, -7.001040050957556 ] ] ] ] } },
{ "type": "Feature", "properties": { "TIPE_HAK_1": "BELUM TERDAFTAR" }, "geometry": { "type": "MultiPolygon", "coordinates": [ [ [ [ 107.750317566502531, -7.001049685394605 ], [ 107.750349251416878, -7.001045941516963 ], [ 107.75035076047925, -7.00105305425501 ], [ 107.750396025156476, -7.001049310377311 ], [ 107.750400552343649, -7.001081508804532 ], [ 107.75040004872335, -7.001083380293721 ], [ 107.750393511551351, -7.001084544915784 ], [ 107.750401163882657, -7.001122588036935 ], [ 107.750407031059694, -7.001158028520138 ], [ 107.750407869227843, -7.001170341138277 ], [ 107.750334275906141, -7.001172171258645 ], [ 107.750317566502531, -7.001049685394605 ] ] ] ] } },
{ "type": "Feature", "properties": { "TIPE_HAK_1": "BELUM TERDAFTAR" }, "geometry": { "type": "MultiPolygon", "coordinates": [ [ [ [ 107.750401075749096, -7.001011670152423 ], [ 107.750407470828179, -7.00101907517012 ], [ 107.750424879005038, -7.001017312498902 ], [ 107.750449964694155, -7.001143196900955 ], [ 107.750518887836449, -7.001125918226478 ], [ 107.75052066489684, -7.001164354351431 ], [ 107.750409463725816, -7.001169291629481 ], [ 107.750393830810708, -7.001085365996801 ], [ 107.750395460382265, -7.001083730130006 ], [ 107.750401159386058, -7.001083397380853 ], [ 107.750396124981251, -7.001049720468188 ], [ 107.750378522550818, -7.001050552341098 ], [ 107.750403974264088, -7.001046226602057 ], [ 107.750401075749096, -7.001011670152423 ] ] ] ] } },
{ "type": "Feature", "properties": { "TIPE_HAK_1": "BELUM TERDAFTAR" }, "geometry": { "type": "MultiPolygon", "coordinates": [ [ [ [ 107.750408724483123, -7.001166436281949 ], [ 107.750408724483123, -7.001230753096706 ], [ 107.750396920881258, -7.001231470755727 ], [ 107.750398848128384, -7.001277855088915 ], [ 107.750523267534845, -7.001269289046434 ], [ 107.750520198148706, -7.001163817456188 ], [ 107.750408724483123, -7.001166436281949 ] ] ] ] } },
{ "type": "Feature", "properties": { "TIPE_HAK_1": "BELUM TERDAFTAR" }, "geometry": { "type": "MultiPolygon", "coordinates": [ [ [ [ 107.750335307428543, -7.001171311506766 ], [ 107.750347814300255, -7.001281412806918 ], [ 107.750398776182635, -7.001278084416015 ], [ 107.750397214959548, -7.00123184577302 ], [ 107.750408446592587, -7.001231346649263 ], [ 107.750408112044795, -7.001170227823707 ], [ 107.750335307428543, -7.001171311506766 ] ] ] ] } },
{ "type": "Feature", "properties": { "TIPE_HAK_1": "BELUM TERDAFTAR" }, "geometry": { "type": "MultiPolygon", "coordinates": [ [ [ [ 107.750232736151929, -7.001181580865193 ], [ 107.750334607756031, -7.001171895166806 ], [ 107.750347470759209, -7.001281214956066 ], [ 107.750249048055196, -7.00129212103451 ], [ 107.750241566595093, -7.001240375842599 ], [ 107.750232736151929, -7.001181580865193 ] ] ] ] } },
{ "type": "Feature", "properties": { "TIPE_HAK_1": "BELUM TERDAFTAR" }, "geometry": { "type": "MultiPolygon", "coordinates": [ [ [ [ 107.750249522897207, -7.00129004539923 ], [ 107.750267873563587, -7.001413996258862 ], [ 107.750351739840994, -7.001413996258862 ], [ 107.750348386269081, -7.001280841737412 ], [ 107.750249522897207, -7.00129004539923 ] ] ] ] } },
{ "type": "Feature", "properties": { "TIPE_HAK_1": "BELUM TERDAFTAR" }, "geometry": { "type": "MultiPolygon", "coordinates": [ [ [ [ 107.750347114627687, -7.001280945159465 ], [ 107.750564080567926, -7.001265657583986 ], [ 107.750556646771884, -7.001506013991332 ], [ 107.750421120738167, -7.001504551693642 ], [ 107.75042318468229, -7.00141356998023 ], [ 107.750350971819955, -7.00141356998023 ], [ 107.750347114627687, -7.001280945159465 ] ] ] ] } },
{ "type": "Feature", "properties": { "TIPE_HAK_1": "BELUM TERDAFTAR" }, "geometry": { "type": "MultiPolygon", "coordinates": [ [ [ [ 107.750270918668036, -7.001431667937084 ], [ 107.7503278736325, -7.001432288469289 ], [ 107.750322866207398, -7.001602668628209 ], [ 107.750295953095815, -7.001602668628209 ], [ 107.750270918668036, -7.001431667937084 ] ] ] ] } },
{ "type": "Feature", "properties": { "TIPE_HAK_1": "BELUM TERDAFTAR" }, "geometry": { "type": "MultiPolygon", "coordinates": [ [ [ [ 107.750326384355219, -7.00143223810727 ], [ 107.750411191323508, -7.00143223810727 ], [ 107.750410252431266, -7.001517343650448 ], [ 107.750422144166691, -7.001517343650448 ], [ 107.750421737673094, -7.001604734370972 ], [ 107.750323787113132, -7.001605045536394 ], [ 107.750326384355219, -7.00143223810727 ] ] ] ] } },
{ "type": "Feature", "properties": { "TIPE_HAK_1": "BELUM TERDAFTAR" }, "geometry": { "type": "MultiPolygon", "coordinates": [ [ [ [ 107.75026809119953, -7.001413307378186 ], [ 107.750423601068405, -7.001413822689699 ], [ 107.750422152260569, -7.001518123362644 ], [ 107.750409479913628, -7.001516685346701 ], [ 107.750411290248906, -7.001431876579773 ], [ 107.750269996862926, -7.001432595138112 ], [ 107.75026809119953, -7.001413307378186 ] ] ] ] } },
{ "type": "Feature", "properties": { "TIPE_HAK_1": "BELUM TERDAFTAR" }, "geometry": { "type": "MultiPolygon", "coordinates": [ [ [ [ 107.753215755003168, -7.004959160636702 ], [ 107.753523011977506, -7.004924141036213 ], [ 107.753571526804592, -7.004960619337055 ], [ 107.753561235862378, -7.005011690037406 ], [ 107.753553884803978, -7.005039414337432 ], [ 107.753533302919664, -7.005075893537594 ], [ 107.753527422252773, -7.005135718238762 ], [ 107.753221634770682, -7.005124045038599 ], [ 107.753211343828525, -7.005037954737759 ], [ 107.753215755003168, -7.004959160636702 ] ] ] ] } },
{ "type": "Feature", "properties": { "TIPE_HAK_1": "BELUM TERDAFTAR" }, "geometry": { "type": "MultiPolygon", "coordinates": [ [ [ [ 107.75357225255749, -7.004964208531362 ], [ 107.754032409568083, -7.005325088481982 ], [ 107.754029172908076, -7.005334238184503 ], [ 107.754045666474383, -7.005438579326949 ], [ 107.753803664307725, -7.005429054607134 ], [ 107.753793650356727, -7.005339602640504 ], [ 107.75372813294706, -7.005315836256784 ], [ 107.75365160693616, -7.005217192319549 ], [ 107.753554993668104, -7.005034965391303 ], [ 107.75357225255749, -7.004964208531362 ] ] ] ] } },
{ "type": "Feature", "properties": { "TIPE_HAK_1": "BELUM TERDAFTAR" }, "geometry": { "type": "MultiPolygon", "coordinates": [ [ [ [ 107.754345185681814, -7.004961157131675 ], [ 107.754500592128693, -7.004901923285104 ], [ 107.754623006946247, -7.004874359963708 ], [ 107.754728698870395, -7.004868862408046 ], [ 107.754734698247773, -7.004816640575427 ], [ 107.754432145627106, -7.004803490688516 ], [ 107.754256986470807, -7.004921016791457 ], [ 107.754345185681814, -7.004961157131675 ] ] ] ] } },
{ "type": "Feature", "properties": { "TIPE_HAK_1": "BELUM TERDAFTAR" }, "geometry": { "type": "MultiPolygon", "coordinates": [ [ [ [ 107.754346020252683, -7.004960228131949 ], [ 107.754497404032008, -7.004903557353259 ], [ 107.754618458175344, -7.004875466129818 ], [ 107.754729644057875, -7.004868656463259 ], [ 107.754883243766756, -7.004884926997761 ], [ 107.754889193681379, -7.004960235326564 ], [ 107.754933396259275, -7.005020414360615 ], [ 107.754944809555354, -7.00509488362195 ], [ 107.75476873398992, -7.005068921993086 ], [ 107.754667586340076, -7.005055088621418 ], [ 107.754454269848736, -7.004995414107043 ], [ 107.754346020252683, -7.004960228131949 ] ] ] ] } },
{ "type": "Feature", "properties": { "TIPE_HAK_1": "BELUM TERDAFTAR" }, "geometry": { "type": "MultiPolygon", "coordinates": [ [ [ [ 107.754936076239005, -7.005041740883598 ], [ 107.754981946159944, -7.005098027651798 ], [ 107.754944908480809, -7.005095647146334 ], [ 107.754936076239005, -7.005041740883598 ] ] ] ] } },
{ "type": "Feature", "properties": { "TIPE_HAK_1": "BELUM TERDAFTAR" }, "geometry": { "type": "MultiPolygon", "coordinates": [ [ [ [ 107.757244246524806, -7.004874435506736 ], [ 107.756480287735144, -7.004971553294524 ], [ 107.75650156029883, -7.004465766481871 ], [ 107.756455315360597, -7.00444281668257 ], [ 107.756464352647811, -7.004102765030552 ], [ 107.75681145318606, -7.004100011306434 ], [ 107.756819777310909, -7.004099093098603 ], [ 107.756822927636051, -7.004106878529569 ], [ 107.756824101251311, -7.004114865408667 ], [ 107.756807291123664, -7.004264562959179 ], [ 107.756811622258624, -7.004274424924745 ], [ 107.756815952494264, -7.00428479140993 ], [ 107.756826398119813, -7.004286561275762 ], [ 107.75683862620167, -7.004285550437771 ], [ 107.756939004031892, -7.004279578040041 ], [ 107.756973243920129, -7.004287759172712 ], [ 107.756999875543897, -7.004243075457509 ], [ 107.757019532025822, -7.004156855654344 ], [ 107.757046162750271, -7.004146785945352 ], [ 107.75723406529994, -7.004132698964838 ], [ 107.757273264049957, -7.004181706620443 ], [ 107.757246438172672, -7.004533160776703 ], [ 107.757233967273805, -7.00466764629482 ], [ 107.75723591340676, -7.004730234612566 ], [ 107.757244246524806, -7.004874435506736 ] ] ] ] } },
{ "type": "Feature", "properties": { "TIPE_HAK_1": "BELUM TERDAFTAR" }, "geometry": { "type": "MultiPolygon", "coordinates": [ [ [ [ 107.757755860044938, -7.004830532403105 ], [ 107.757779655207003, -7.004693909196533 ], [ 107.757874736030317, -7.004723759493857 ], [ 107.757979753462905, -7.004796574901945 ], [ 107.757918354948174, -7.004807655448872 ], [ 107.757808719496893, -7.004823478120954 ], [ 107.757755860044938, -7.004830532403105 ] ] ] ] } },
{ "type": "Feature", "properties": { "TIPE_HAK_1": "BELUM TERDAFTAR" }, "geometry": { "type": "MultiPolygon", "coordinates": [ [ [ [ 107.759838608964685, -7.005004424414608 ], [ 107.759987285784689, -7.004910343637391 ], [ 107.759977662139477, -7.004889808517817 ], [ 107.760292896999658, -7.004673054817601 ], [ 107.760317917038321, -7.004648698478604 ], [ 107.760445489467827, -7.00481962992194 ], [ 107.760445489467827, -7.004849716740978 ], [ 107.760296812647823, -7.00491323225981 ], [ 107.760271792609217, -7.004834434561474 ], [ 107.760069562060721, -7.004916862822938 ], [ 107.760095061437994, -7.00497548872778 ], [ 107.759945129164464, -7.005069185494449 ], [ 107.759858379660557, -7.005076349493891 ], [ 107.759838608964685, -7.005004424414608 ] ] ] ] } },
{ "type": "Feature", "properties": { "TIPE_HAK_1": "BELUM TERDAFTAR" }, "geometry": { "type": "MultiPolygon", "coordinates": [ [ [ [ 107.760734489305321, -7.004496419873817 ], [ 107.760937411432451, -7.004378151830224 ], [ 107.761027665594327, -7.004806729147163 ], [ 107.760938002287048, -7.004832490227216 ], [ 107.760996908780385, -7.005160515245564 ], [ 107.76075977374461, -7.00520032823249 ], [ 107.760700784513631, -7.004875968850854 ], [ 107.760779829525575, -7.004856062357362 ], [ 107.760734489305321, -7.004496419873817 ] ] ] ] } },
{ "type": "Feature", "properties": { "TIPE_HAK_1": "BELUM TERDAFTAR" }, "geometry": { "type": "MultiPolygon", "coordinates": [ [ [ [ 107.761411248930074, -7.003477702034274 ], [ 107.761813664069393, -7.003533290029281 ], [ 107.761867595513195, -7.0032718184396 ], [ 107.761396728476313, -7.003259465352016 ], [ 107.761411248930074, -7.003310936250671 ], [ 107.761411248930074, -7.003477702034274 ] ] ] ] } },
{ "type": "Feature", "properties": { "TIPE_HAK_1": "BELUM TERDAFTAR" }, "geometry": { "type": "MultiPolygon", "coordinates": [ [ [ [ 107.761385687499512, -7.003142270199589 ], [ 107.761409198475803, -7.003265313643283 ], [ 107.762170127449508, -7.003274697169502 ], [ 107.762424475509192, -7.00333621889132 ], [ 107.76245226096313, -7.003253483061769 ], [ 107.762507832770325, -7.003204690344148 ], [ 107.762163716182613, -7.003141047121574 ], [ 107.762185089470336, -7.003032855082154 ], [ 107.761997000761028, -7.003032855082154 ], [ 107.761567389223671, -7.003100740406808 ], [ 107.761385687499512, -7.003142270199589 ] ] ] ] } },
{ "type": "Feature", "properties": { "TIPE_HAK_1": "BELUM TERDAFTAR" }, "geometry": { "type": "MultiPolygon", "coordinates": [ [ [ [ 107.76141213925888, -7.003476652525421 ], [ 107.76142244459021, -7.003682063976044 ], [ 107.761546130149839, -7.003686839376087 ], [ 107.761612881429414, -7.003701036073892 ], [ 107.761655111794028, -7.003715233671073 ], [ 107.761721680511187, -7.003733487210638 ], [ 107.761808183600863, -7.003772697651812 ], [ 107.76195140063669, -7.003843943742936 ], [ 107.7620270057418, -7.003898703462369 ], [ 107.762055613176074, -7.003914929030714 ], [ 107.762158838259836, -7.004012171824229 ], [ 107.762247452957638, -7.004101313524757 ], [ 107.762286277589681, -7.004143228227349 ], [ 107.762301351126496, -7.004159621069618 ], [ 107.762304456485538, -7.004158251402146 ], [ 107.762304111145852, -7.004127774277322 ], [ 107.762303249595334, -7.00403738161981 ], [ 107.762304284715015, -7.004032587333995 ], [ 107.76230853041443, -7.003964155221524 ], [ 107.762343279318941, -7.003798326531523 ], [ 107.762364896322993, -7.003738117819807 ], [ 107.762379400588941, -7.003715029524926 ], [ 107.762393357167753, -7.003696016957576 ], [ 107.76244384870472, -7.003640297661548 ], [ 107.762501415208192, -7.003595280297873 ], [ 107.76257663900077, -7.003538814564592 ], [ 107.7626352487178, -7.003495184854842 ], [ 107.762418218026426, -7.003332738515041 ], [ 107.762168803647455, -7.003273175516597 ], [ 107.761866936310128, -7.003268720275173 ], [ 107.761814724370083, -7.003533841313697 ], [ 107.76157237596442, -7.003498959309468 ], [ 107.76144539888611, -7.003482391998773 ], [ 107.76141213925888, -7.003476652525421 ] ] ] ] } },
{ "type": "Feature", "properties": { "TIPE_HAK_1": "BELUM TERDAFTAR" }, "geometry": { "type": "MultiPolygon", "coordinates": [ [ [ [ 107.764957876504866, -7.007239285564538 ], [ 107.764965014423922, -7.007235034469204 ], [ 107.764983573732991, -7.007236451800736 ], [ 107.765071611066048, -7.007231728561351 ], [ 107.765144421078219, -7.007223699414169 ], [ 107.765238598982194, -7.007196464345327 ], [ 107.765358185431978, -7.007159985145165 ], [ 107.765218836380257, -7.007716035966212 ], [ 107.765142038774115, -7.007692633807949 ], [ 107.764981619506216, -7.008140634682491 ], [ 107.764660863707945, -7.008031569401339 ], [ 107.764708528675726, -7.007902580539621 ], [ 107.764919089644309, -7.007341849646593 ], [ 107.764957876504866, -7.007239285564538 ] ] ] ] } },
{ "type": "Feature", "properties": { "TIPE_HAK_1": "BELUM TERDAFTAR" }, "geometry": { "type": "MultiPolygon", "coordinates": [ [ [ [ 107.765357107144837, -7.007160351169205 ], [ 107.765442978910414, -7.00714705289414 ], [ 107.765518496781283, -7.007167604201527 ], [ 107.765558575068269, -7.007213065830285 ], [ 107.76556527411816, -7.007229386726749 ], [ 107.765575627113549, -7.007277138928771 ], [ 107.765579281059047, -7.007294668514078 ], [ 107.765592535267331, -7.007349945343663 ], [ 107.76558489102996, -7.007432557066807 ], [ 107.765558704570594, -7.007709172340412 ], [ 107.765579087704793, -7.007807800989156 ], [ 107.765527279560388, -7.007828032137922 ], [ 107.765479222488182, -7.007892424495765 ], [ 107.765422347563344, -7.008038410544145 ], [ 107.765059539466222, -7.007916253831979 ], [ 107.765142656608361, -7.007689112962169 ], [ 107.765218246424979, -7.007711030339749 ], [ 107.765292798423957, -7.007400420692818 ], [ 107.765357107144837, -7.007160351169205 ] ] ] ] } },
{ "type": "Feature", "properties": { "TIPE_HAK_1": "BELUM TERDAFTAR" }, "geometry": { "type": "MultiPolygon", "coordinates": [ [ [ [ 107.765640146275814, -7.007348923713835 ], [ 107.765950751426089, -7.007217013854074 ], [ 107.766071708442666, -7.007342995382885 ], [ 107.765607294041445, -7.007546048811037 ], [ 107.765640146275814, -7.007348923713835 ] ] ] ] } },
{ "type": "Feature", "properties": { "TIPE_HAK_1": "BELUM TERDAFTAR" }, "geometry": { "type": "MultiPolygon", "coordinates": [ [ [ [ 107.765606221150222, -7.007544441722587 ], [ 107.76607219857317, -7.00734336500426 ], [ 107.766140556041876, -7.00740195223824 ], [ 107.76562031442603, -7.007631895395605 ], [ 107.765606221150222, -7.007544441722587 ] ] ] ] } },
{ "type": "Feature", "properties": { "TIPE_HAK_1": "BELUM TERDAFTAR" }, "geometry": { "type": "MultiPolygon", "coordinates": [ [ [ [ 107.766139006510002, -7.007401062808754 ], [ 107.766161072275736, -7.007421016966305 ], [ 107.766268445932099, -7.007478605053507 ], [ 107.766235101768586, -7.007519973867659 ], [ 107.766018722186345, -7.007660885941107 ], [ 107.765881914618717, -7.007732618565456 ], [ 107.765771567803654, -7.007780877985113 ], [ 107.76567104877995, -7.00774534756971 ], [ 107.765646531462323, -7.007716633116104 ], [ 107.765638685776764, -7.007696192425271 ], [ 107.76562054285381, -7.007629030155556 ], [ 107.766139006510002, -7.007401062808754 ] ] ] ] } },
{ "type": "Feature", "properties": { "TIPE_HAK_1": "BELUM TERDAFTAR" }, "geometry": { "type": "MultiPolygon", "coordinates": [ [ [ [ 107.766267478261568, -7.007622260958556 ], [ 107.766346672560928, -7.007530161387763 ], [ 107.766616342370355, -7.007650655253485 ], [ 107.766593144358183, -7.007776101685693 ], [ 107.766650739639999, -7.007785629103466 ], [ 107.766630236895992, -7.007827489846704 ], [ 107.76660543898987, -7.007869570024582 ], [ 107.766595839626348, -7.00788465525261 ], [ 107.766589440050666, -7.007902915986733 ], [ 107.766571842116889, -7.007945790265978 ], [ 107.766555170484764, -7.007996182877491 ], [ 107.766520772315857, -7.008032705245114 ], [ 107.76631838798329, -7.007974745737897 ], [ 107.766267478261568, -7.007622260958556 ] ] ] ] } },
{ "type": "Feature", "properties": { "TIPE_HAK_1": "BELUM TERDAFTAR" }, "geometry": { "type": "MultiPolygon", "coordinates": [ [ [ [ 107.770552165949766, -7.006171209333786 ], [ 107.770639007184514, -7.006138058524527 ], [ 107.770654594234202, -7.006228670616622 ], [ 107.770557362232523, -7.006237510952303 ], [ 107.770552165949766, -7.006171209333786 ] ] ] ] } },
{ "type": "Feature", "properties": { "TIPE_HAK_1": "BELUM TERDAFTAR" }, "geometry": { "type": "MultiPolygon", "coordinates": [ [ [ [ 107.771120904406246, -7.005963515403892 ], [ 107.771144193249995, -7.006091195752049 ], [ 107.771235683979683, -7.006078537794224 ], [ 107.771205741052142, -7.005937648203883 ], [ 107.771194651512019, -7.005941500899496 ], [ 107.771169698922506, -7.00594480321007 ], [ 107.771120904406246, -7.005963515403892 ] ] ] ] } },
{ "type": "Feature", "properties": { "TIPE_HAK_1": "BELUM TERDAFTAR" }, "geometry": { "type": "MultiPolygon", "coordinates": [ [ [ [ 107.771892838383849, -7.005702693124761 ], [ 107.771983695990855, -7.005671185376855 ], [ 107.772037334255629, -7.005954441244398 ], [ 107.771935604744442, -7.005971595812468 ], [ 107.771923259750679, -7.005864254531673 ], [ 107.771907729358304, -7.00578288297362 ], [ 107.771892838383849, -7.005702693124761 ] ] ] ] } },
{ "type": "Feature", "properties": { "TIPE_HAK_1": "BELUM TERDAFTAR" }, "geometry": { "type": "MultiPolygon", "coordinates": [ [ [ [ 107.771833636013525, -7.005904728520363 ], [ 107.771927126835521, -7.005882915464156 ], [ 107.77194003390548, -7.006002433565413 ], [ 107.771877242340906, -7.006007973389217 ], [ 107.771790464058711, -7.006016645551711 ], [ 107.771761510385431, -7.006018030507676 ], [ 107.771759765700665, -7.006006950860069 ], [ 107.771849419115483, -7.0059892926717 ], [ 107.771833636013525, -7.005904728520363 ] ] ] ] } },
{ "type": "Feature", "properties": { "TIPE_HAK_1": "BELUM TERDAFTAR" }, "geometry": { "type": "MultiPolygon", "coordinates": [ [ [ [ 107.771849920037823, -7.006009855670243 ], [ 107.771859504112911, -7.006103375270527 ], [ 107.771950844655805, -7.006099443434493 ], [ 107.77194727254863, -7.006068525641922 ], [ 107.771939614821406, -7.006002161970173 ], [ 107.771849920037823, -7.006009855670243 ] ] ] ] } },
{ "type": "Feature", "properties": { "TIPE_HAK_1": "BELUM TERDAFTAR" }, "geometry": { "type": "MultiPolygon", "coordinates": [ [ [ [ 107.771950878830069, -7.006098586380631 ], [ 107.772033549908485, -7.006095126688706 ], [ 107.772065217735644, -7.006100634136885 ], [ 107.772036910674956, -7.005953152515929 ], [ 107.771935945587472, -7.005971463612127 ], [ 107.771950878830069, -7.006098586380631 ] ] ] ] } },
{ "type": "Feature", "properties": { "TIPE_HAK_1": "BELUM TERDAFTAR" }, "geometry": { "type": "MultiPolygon", "coordinates": [ [ [ [ 107.772362935601052, -7.00643849504047 ], [ 107.772418457945548, -7.006434977791969 ], [ 107.772420229609963, -7.006521156226313 ], [ 107.772380064988056, -7.006512948113993 ], [ 107.772352894670405, -7.006507672690873 ], [ 107.772362935601052, -7.00643849504047 ] ] ] ] } },
{ "type": "Feature", "properties": { "TIPE_HAK_1": "BELUM TERDAFTAR" }, "geometry": { "type": "MultiPolygon", "coordinates": [ [ [ [ 107.772476854523291, -7.006332193375954 ], [ 107.772683154504023, -7.006307388275275 ], [ 107.77268704047458, -7.006330176196627 ], [ 107.77275662371926, -7.006320448230042 ], [ 107.772775563441542, -7.006428005348141 ], [ 107.77287922559583, -7.006377088431861 ], [ 107.772745549467572, -7.006444898213431 ], [ 107.772623591505578, -7.006503085249165 ], [ 107.772485945769859, -7.006517420442549 ], [ 107.772476854523291, -7.006332193375954 ] ] ] ] } },
{ "type": "Feature", "properties": { "TIPE_HAK_1": "BELUM TERDAFTAR" }, "geometry": { "type": "MultiPolygon", "coordinates": [ [ [ [ 107.77241958119879, -7.005523038257536 ], [ 107.772481918605706, -7.005492452314797 ], [ 107.772510013426427, -7.005687819237437 ], [ 107.772437677357004, -7.005698352996546 ], [ 107.77241958119879, -7.005523038257536 ] ] ] ] } },
{ "type": "Feature", "properties": { "TIPE_HAK_1": "BELUM TERDAFTAR" }, "geometry": { "type": "MultiPolygon", "coordinates": [ [ [ [ 107.77245205481853, -7.005828255569497 ], [ 107.772479609146728, -7.005825633146401 ], [ 107.772484516747113, -7.005891569640198 ], [ 107.772550193336826, -7.005885574759418 ], [ 107.772554637786357, -7.005936213785219 ], [ 107.772514626948521, -7.005940709496087 ], [ 107.772512362455643, -7.00592834561661 ], [ 107.772457253799303, -7.005930968939026 ], [ 107.772455743837554, -7.005848548771439 ], [ 107.77245205481853, -7.005828255569497 ] ] ] ] } },
{ "type": "Feature", "properties": { "TIPE_HAK_1": "BELUM TERDAFTAR" }, "geometry": { "type": "MultiPolygon", "coordinates": [ [ [ [ 107.772457805083718, -7.005931069663063 ], [ 107.77245809646405, -7.005983262717336 ], [ 107.772517944547587, -7.005981349859383 ], [ 107.772512580091586, -7.005927199880318 ], [ 107.772457805083718, -7.005931069663063 ] ] ] ] } },
{ "type": "Feature", "properties": { "TIPE_HAK_1": "BELUM TERDAFTAR" }, "geometry": { "type": "MultiPolygon", "coordinates": [ [ [ [ 107.772458576702036, -7.005982380482408 ], [ 107.772462227949518, -7.006031300903771 ], [ 107.772521318803854, -7.006028474334585 ], [ 107.772517995808926, -7.005979717589867 ], [ 107.772458576702036, -7.005982380482408 ] ] ] ] } },
{ "type": "Feature", "properties": { "TIPE_HAK_1": "BELUM TERDAFTAR" }, "geometry": { "type": "MultiPolygon", "coordinates": [ [ [ [ 107.772462867367494, -7.006030808075309 ], [ 107.77246632436146, -7.00607572561421 ], [ 107.77252486393138, -7.006069746921241 ], [ 107.772521236066268, -7.006027441013543 ], [ 107.772462867367494, -7.006030808075309 ] ] ] ] } },
{ "type": "Feature", "properties": { "TIPE_HAK_1": "BELUM TERDAFTAR" }, "geometry": { "type": "MultiPolygon", "coordinates": [ [ [ [ 107.772372639285948, -7.00599572192499 ], [ 107.772452112375163, -7.005987391504846 ], [ 107.77245841302539, -7.006060746506193 ], [ 107.772460540821385, -7.006075892888077 ], [ 107.772384420404762, -7.00608411269161 ], [ 107.772372639285948, -7.00599572192499 ] ] ] ] } },
{ "type": "Feature", "properties": { "TIPE_HAK_1": "BELUM TERDAFTAR" }, "geometry": { "type": "MultiPolygon", "coordinates": [ [ [ [ 107.772569007154004, -7.006003598187476 ], [ 107.772645520574372, -7.005995432343298 ], [ 107.772652208832426, -7.006055516948493 ], [ 107.772573623374058, -7.006063168380479 ], [ 107.772569007154004, -7.006003598187476 ] ] ] ] } },
{ "type": "Feature", "properties": { "TIPE_HAK_1": "BELUM TERDAFTAR" }, "geometry": { "type": "MultiPolygon", "coordinates": [ [ [ [ 107.772665449550914, -7.00613309156887 ], [ 107.772670645833671, -7.006213980190978 ], [ 107.772747987529669, -7.006208670593651 ], [ 107.772735681206768, -7.006111495249286 ], [ 107.772667037753649, -7.006118824723956 ], [ 107.77266949829874, -7.006131853202419 ], [ 107.772665449550914, -7.00613309156887 ] ] ] ] } },
{ "type": "Feature", "properties": { "TIPE_HAK_1": "BELUM TERDAFTAR" }, "geometry": { "type": "MultiPolygon", "coordinates": [ [ [ [ 107.772731714297265, -7.005998328160274 ], [ 107.772772371747635, -7.005991603029997 ], [ 107.772782660891153, -7.006066829520535 ], [ 107.772739494332257, -7.006074489945718 ], [ 107.772731714297265, -7.005998328160274 ] ] ] ] } },
{ "type": "Feature", "properties": { "TIPE_HAK_1": "BELUM TERDAFTAR" }, "geometry": { "type": "MultiPolygon", "coordinates": [ [ [ [ 107.772617472518391, -7.005449987227109 ], [ 107.772631207864038, -7.005525266777568 ], [ 107.772746469474043, -7.005518745793438 ], [ 107.772735122727795, -7.005424498641673 ], [ 107.772617472518391, -7.005449987227109 ] ] ] ] } },
{ "type": "Feature", "properties": { "TIPE_HAK_1": "BELUM TERDAFTAR" }, "geometry": { "type": "MultiPolygon", "coordinates": [ [ [ [ 107.772698170484261, -7.00557545524299 ], [ 107.772756030166704, -7.005571241019936 ], [ 107.772773281861532, -7.005681887309208 ], [ 107.772708786981013, -7.005688736545892 ], [ 107.772698170484261, -7.00557545524299 ] ] ] ] } },
{ "type": "Feature", "properties": { "TIPE_HAK_1": "BELUM TERDAFTAR" }, "geometry": { "type": "MultiPolygon", "coordinates": [ [ [ [ 107.77257866497348, -7.005619979778203 ], [ 107.772646293991329, -7.0056117365923 ], [ 107.772664194097331, -7.005795582300209 ], [ 107.772700085140855, -7.005788464166244 ], [ 107.772707712291151, -7.00583716065637 ], [ 107.772622917014075, -7.005849473274509 ], [ 107.772610847212889, -7.005813533667606 ], [ 107.772597828626942, -7.005814717175383 ], [ 107.772594308680482, -7.005777612946417 ], [ 107.77257866497348, -7.005619979778203 ] ] ] ] } },
{ "type": "Feature", "properties": { "TIPE_HAK_1": "BELUM TERDAFTAR" }, "geometry": { "type": "MultiPolygon", "coordinates": [ [ [ [ 107.772623043818498, -7.005848846447066 ], [ 107.772634148647114, -7.005883035973284 ], [ 107.772713521911555, -7.005873066089066 ], [ 107.772708251884353, -7.005836822511299 ], [ 107.772623043818498, -7.005848846447066 ] ] ] ] } },
{ "type": "Feature", "properties": { "TIPE_HAK_1": "BELUM TERDAFTAR" }, "geometry": { "type": "MultiPolygon", "coordinates": [ [ [ [ 107.77288454688437, -7.006372926369409 ], [ 107.772836940372542, -7.006057207673962 ], [ 107.772978676224966, -7.006034657173643 ], [ 107.772997069159487, -7.006216141261859 ], [ 107.77301005267185, -7.006268760594764 ], [ 107.773013913461398, -7.006281646980369 ], [ 107.773011590512567, -7.006301244107078 ], [ 107.773011978120337, -7.006313924547953 ], [ 107.77288946167937, -7.006372822048036 ], [ 107.77288454688437, -7.006372926369409 ] ] ] ] } },
{ "type": "Feature", "properties": { "TIPE_HAK_1": "BELUM TERDAFTAR" }, "geometry": { "type": "MultiPolygon", "coordinates": [ [ [ [ 107.772795226218761, -7.005895125559562 ], [ 107.772890191029546, -7.005880022345082 ], [ 107.772914861231925, -7.006037783217096 ], [ 107.772835394437948, -7.006048691094179 ], [ 107.77282381926392, -7.005974196651835 ], [ 107.772803767979553, -7.005976904510476 ], [ 107.772799217410011, -7.005925672831495 ], [ 107.772795226218761, -7.005895125559562 ] ] ] ] } },
{ "type": "Feature", "properties": { "TIPE_HAK_1": "BELUM TERDAFTAR" }, "geometry": { "type": "MultiPolygon", "coordinates": [ [ [ [ 107.772800552903277, -7.005818094129665 ], [ 107.772805811239266, -7.005892582276829 ], [ 107.772890723428191, -7.005879720172913 ], [ 107.772878273213792, -7.005807000092943 ], [ 107.772800552903277, -7.005818094129665 ] ] ] ] } },
{ "type": "Feature", "properties": { "TIPE_HAK_1": "BELUM TERDAFTAR" }, "geometry": { "type": "MultiPolygon", "coordinates": [ [ [ [ 107.773056907350451, -7.005625480031824 ], [ 107.773347042132343, -7.005580412306131 ], [ 107.773352285179897, -7.005662946687607 ], [ 107.773361509526126, -7.005850558756208 ], [ 107.773359632641018, -7.005982881404805 ], [ 107.773321858417091, -7.006117475740893 ], [ 107.773289937880406, -7.006187363855702 ], [ 107.773281487850454, -7.00619668263073 ], [ 107.773261772013257, -7.006214387583896 ], [ 107.773239239499389, -7.006233956831579 ], [ 107.773018231106562, -7.006309436031586 ], [ 107.773022003762549, -7.006279109992875 ], [ 107.773012950287466, -7.006246912464974 ], [ 107.773005405874869, -7.00621284344794 ], [ 107.772999093533429, -7.006170811833442 ], [ 107.773078684433813, -7.006161077571619 ], [ 107.773065262951604, -7.006061580177743 ], [ 107.772989066991897, -7.006068693815109 ], [ 107.772975625724598, -7.005959784116669 ], [ 107.772975359525276, -7.005943386777858 ], [ 107.772975359525276, -7.005935187658736 ], [ 107.773012930502375, -7.005929369944397 ], [ 107.773173500856444, -7.00590426177223 ], [ 107.773140896835002, -7.005708565697716 ], [ 107.773072511487271, -7.005721618457869 ], [ 107.773056907350451, -7.005625480031824 ] ] ] ] } },
{ "type": "Feature", "properties": { "TIPE_HAK_1": "BELUM TERDAFTAR" }, "geometry": { "type": "MultiPolygon", "coordinates": [ [ [ [ 107.774209665543708, -7.004897362822987 ], [ 107.774318624704847, -7.004856998551588 ], [ 107.774644152305825, -7.00478427217638 ], [ 107.774731889265354, -7.005186690913035 ], [ 107.77469352328751, -7.005214108544237 ], [ 107.774635207648771, -7.005243048727664 ], [ 107.774602980443262, -7.00525904227095 ], [ 107.774569985216715, -7.005266658629353 ], [ 107.774510901556937, -7.005279605269493 ], [ 107.774485580245369, -7.005285698176408 ], [ 107.774342121291909, -7.005286300722162 ], [ 107.774169474841472, -7.005255837087191 ], [ 107.77412036646183, -7.005231466359021 ], [ 107.774106554673835, -7.005090572272024 ], [ 107.774226256236773, -7.005078386458308 ], [ 107.774223187749953, -7.005048519073853 ], [ 107.774209665543708, -7.004897362822987 ] ] ] ] } },
{ "type": "Feature", "properties": { "TIPE_HAK_1": "BELUM TERDAFTAR" }, "geometry": { "type": "MultiPolygon", "coordinates": [ [ [ [ 107.774866682351558, -7.005090741344588 ], [ 107.774785894453544, -7.004756401286841 ], [ 107.775015223373941, -7.004711489143858 ], [ 107.775071754757732, -7.004892789770395 ], [ 107.775062965683389, -7.004898668638589 ], [ 107.775034305189081, -7.004927494608125 ], [ 107.774990422769861, -7.004971383322641 ], [ 107.774919352945858, -7.00504020753948 ], [ 107.774866682351558, -7.005090741344588 ] ] ] ] } },
{ "type": "Feature", "properties": { "TIPE_HAK_1": "BELUM TERDAFTAR" }, "geometry": { "type": "MultiPolygon", "coordinates": [ [ [ [ 107.775065974814936, -7.00470251121186 ], [ 107.775092391500721, -7.0047919433934 ], [ 107.775135642595899, -7.004778852861705 ], [ 107.775132151427727, -7.004749207609791 ], [ 107.775127885043901, -7.004734769893673 ], [ 107.775114035484421, -7.004692110552412 ], [ 107.775065974814936, -7.00470251121186 ] ] ] ] } },
{ "type": "Feature", "properties": { "TIPE_HAK_1": "BELUM TERDAFTAR" }, "geometry": { "type": "MultiPolygon", "coordinates": [ [ [ [ 107.775259278692829, -7.004646051773818 ], [ 107.77530137955506, -7.004711376728608 ], [ 107.775370098551264, -7.004651632966443 ], [ 107.775342120642392, -7.004606936660764 ], [ 107.775333593270773, -7.004607730762132 ], [ 107.775308012954497, -7.004624392501682 ], [ 107.775287229621995, -7.004636822031671 ], [ 107.775259278692829, -7.004646051773818 ] ] ] ] } },
{ "type": "Feature", "properties": { "TIPE_HAK_1": "BELUM TERDAFTAR" }, "geometry": { "type": "MultiPolygon", "coordinates": [ [ [ [ 107.775351564423204, -7.004607116525165 ], [ 107.775376549388284, -7.004648265904677 ], [ 107.77540208383914, -7.004626464539683 ], [ 107.775414713917996, -7.004609568976377 ], [ 107.775429696623235, -7.004589975446947 ], [ 107.775430246109011, -7.004585070544522 ], [ 107.775417066544435, -7.004562996684911 ], [ 107.775351564423204, -7.004607116525165 ] ] ] ] } },
{ "type": "Feature", "properties": { "TIPE_HAK_1": "BELUM TERDAFTAR" }, "geometry": { "type": "MultiPolygon", "coordinates": [ [ [ [ 107.777687670349792, -7.003510619019778 ], [ 107.777764625337227, -7.003501202218672 ], [ 107.777829819890314, -7.003599555674896 ], [ 107.777820826669881, -7.003612052654034 ], [ 107.77779444505768, -7.003625144085106 ], [ 107.777778856209295, -7.003629905095977 ], [ 107.777777613346245, -7.003620634884328 ], [ 107.777697052976691, -7.00362766128751 ], [ 107.777687670349792, -7.003510619019778 ] ] ] ] } },
{ "type": "Feature", "properties": { "TIPE_HAK_1": "BELUM TERDAFTAR" }, "geometry": { "type": "MultiPolygon", "coordinates": [ [ [ [ 107.778165433388097, -7.003591936618534 ], [ 107.778196508562075, -7.003590262980197 ], [ 107.778227582836735, -7.003588351021563 ], [ 107.778250013727188, -7.003586802388952 ], [ 107.778253903295081, -7.003620655568739 ], [ 107.778265019814853, -7.003706288114643 ], [ 107.778176459076406, -7.003712524913055 ], [ 107.778171671985149, -7.003642144869048 ], [ 107.778165987370471, -7.00360905881098 ], [ 107.778165433388097, -7.003591936618534 ] ] ] ] } },
{ "type": "Feature", "properties": { "TIPE_HAK_1": "BELUM TERDAFTAR" }, "geometry": { "type": "MultiPolygon", "coordinates": [ [ [ [ 107.777952804878112, -7.003387170881183 ], [ 107.778094859090515, -7.003413130711351 ], [ 107.77808661590467, -7.003503197814268 ], [ 107.777971955941098, -7.003490548849697 ], [ 107.777950247206206, -7.003604523529873 ], [ 107.777896795101071, -7.003587341082891 ], [ 107.777952804878112, -7.003387170881183 ] ] ] ] } },
{ "type": "Feature", "properties": { "TIPE_HAK_1": "BELUM TERDAFTAR" }, "geometry": { "type": "MultiPolygon", "coordinates": [ [ [ [ 107.777898139587535, -7.003586335640819 ], [ 107.778049292241121, -7.003631302642475 ], [ 107.778055909452746, -7.003715166221923 ], [ 107.777898139587535, -7.003586335640819 ] ] ] ] } },
{ "type": "Feature", "properties": { "TIPE_HAK_1": "BELUM TERDAFTAR" }, "geometry": { "type": "MultiPolygon", "coordinates": [ [ [ [ 107.778048219349898, -7.003630525628182 ], [ 107.77817166658923, -7.00364547505859 ], [ 107.778178356645924, -7.003713149042539 ], [ 107.778054908507272, -7.0037154935751 ], [ 107.778048219349898, -7.003630525628182 ] ] ] ] } },
{ "type": "Feature", "properties": { "TIPE_HAK_1": "BELUM TERDAFTAR" }, "geometry": { "type": "MultiPolygon", "coordinates": [ [ [ [ 107.778093464242033, -7.003412708929318 ], [ 107.778408903248362, -7.003456742434651 ], [ 107.778366932787776, -7.00356215466968 ], [ 107.778250154021464, -7.003587591094401 ], [ 107.778164046633492, -7.003592915080901 ], [ 107.778172019123417, -7.003646736807411 ], [ 107.7780483947177, -7.003631578734314 ], [ 107.777949961221793, -7.003602306701055 ], [ 107.777971740103794, -7.003490479601908 ], [ 107.778086983727405, -7.00350335159834 ], [ 107.778092242063394, -7.003443766116845 ], [ 107.778093464242033, -7.003412708929318 ] ] ] ] } },
{ "type": "Feature", "properties": { "TIPE_HAK_1": "BELUM TERDAFTAR" }, "geometry": { "type": "MultiPolygon", "coordinates": [ [ [ [ 107.778367743076956, -7.003560610533725 ], [ 107.778493672445109, -7.003634163385868 ], [ 107.778513364899936, -7.003472655038934 ], [ 107.778407128885931, -7.003455681234641 ], [ 107.778367743076956, -7.003560610533725 ] ] ] ] } },
{ "type": "Feature", "properties": { "TIPE_HAK_1": "BELUM TERDAFTAR" }, "geometry": { "type": "MultiPolygon", "coordinates": [ [ [ [ 107.778494610437974, -7.003633478102472 ], [ 107.778550879219779, -7.003653242503106 ], [ 107.778580759194767, -7.003476022100699 ], [ 107.778514569092124, -7.003473394281684 ], [ 107.778494610437974, -7.003633478102472 ] ] ] ] } },
{ "type": "Feature", "properties": { "TIPE_HAK_1": "BELUM TERDAFTAR" }, "geometry": { "type": "MultiPolygon", "coordinates": [ [ [ [ 107.778579726773046, -7.003475502292531 ], [ 107.778699718817052, -7.003486999225572 ], [ 107.778662234174817, -7.003717312903632 ], [ 107.778550373800783, -7.003653259590237 ], [ 107.778579726773046, -7.003475502292531 ] ] ] ] } },
{ "type": "Feature", "properties": { "TIPE_HAK_1": "BELUM TERDAFTAR" }, "geometry": { "type": "MultiPolygon", "coordinates": [ [ [ [ 107.778662463501973, -7.003715271442559 ], [ 107.778793671890526, -7.003826417754908 ], [ 107.7789014259601, -7.003734812811331 ], [ 107.778953940971633, -7.003516900784291 ], [ 107.778698577577359, -7.003485280621135 ], [ 107.778662463501973, -7.003715271442559 ] ] ] ] } },
{ "type": "Feature", "properties": { "TIPE_HAK_1": "BELUM TERDAFTAR" }, "geometry": { "type": "MultiPolygon", "coordinates": [ [ [ [ 107.780785058683591, -7.003584133201116 ], [ 107.780876624057044, -7.003565773541595 ], [ 107.780896972117603, -7.003619935211816 ], [ 107.780921944492206, -7.003728258552258 ], [ 107.780784134180522, -7.003719997379903 ], [ 107.780785058683591, -7.003584133201116 ] ] ] ] } },
{ "type": "Feature", "properties": { "TIPE_HAK_1": "BELUM TERDAFTAR" }, "geometry": { "type": "MultiPolygon", "coordinates": [ [ [ [ 107.781193028935206, -7.003608459862505 ], [ 107.781243292943657, -7.003598659950171 ], [ 107.781307493745885, -7.003547254701971 ], [ 107.781368594585047, -7.003507305917367 ], [ 107.781462993722243, -7.003454058857699 ], [ 107.781504581970921, -7.003430599142803 ], [ 107.78153003728147, -7.003461500747619 ], [ 107.781483961415745, -7.003490008357176 ], [ 107.781427180919707, -7.003530244924832 ], [ 107.781365884927709, -7.003564992930023 ], [ 107.781324455859021, -7.003587574906589 ], [ 107.781253547013648, -7.00360331304239 ], [ 107.7811921386064, -7.003618081709078 ], [ 107.781193028935206, -7.003608459862505 ] ] ] ] } },
{ "type": "Feature", "properties": { "TIPE_HAK_1": "BELUM TERDAFTAR" }, "geometry": { "type": "MultiPolygon", "coordinates": [ [ [ [ 107.781989081830716, -7.002815637331764 ], [ 107.782094962612518, -7.002698921517947 ], [ 107.782341985694131, -7.002858056554032 ], [ 107.782175478015972, -7.00284548223317 ], [ 107.782047578233232, -7.002836647293407 ], [ 107.781989081830716, -7.002815637331764 ] ] ] ] } },
{ "type": "Feature", "properties": { "TIPE_HAK_1": "BELUM TERDAFTAR" }, "geometry": { "type": "MultiPolygon", "coordinates": [ [ [ [ 107.78233991545477, -7.002856520511955 ], [ 107.782361475801508, -7.002799130275605 ], [ 107.782135605673716, -7.002651667540363 ], [ 107.782091504719233, -7.002699979120678 ], [ 107.78233991545477, -7.002856520511955 ] ] ] ] } },
{ "type": "Feature", "properties": { "TIPE_HAK_1": "BELUM TERDAFTAR" }, "geometry": { "type": "MultiPolygon", "coordinates": [ [ [ [ 107.782360481151329, -7.00279894141795 ], [ 107.782390106618209, -7.00272062575624 ], [ 107.782207949837073, -7.002589114296143 ], [ 107.782134396085553, -7.002652819571892 ], [ 107.782360481151329, -7.00279894141795 ] ] ] ] } },
{ "type": "Feature", "properties": { "TIPE_HAK_1": "BELUM TERDAFTAR" }, "geometry": { "type": "MultiPolygon", "coordinates": [ [ [ [ 107.782339561121887, -7.00285896396997 ], [ 107.782444936484694, -7.002841881347706 ], [ 107.782485297158814, -7.002704806681436 ], [ 107.782415008845646, -7.002682732821825 ], [ 107.78238947439479, -7.002720884761004 ], [ 107.782339561121887, -7.00285896396997 ] ] ] ] } },
{ "type": "Feature", "properties": { "TIPE_HAK_1": "BELUM TERDAFTAR" }, "geometry": { "type": "MultiPolygon", "coordinates": [ [ [ [ 107.782444463441323, -7.002841521618905 ], [ 107.782759755858081, -7.002810825958818 ], [ 107.782943564693824, -7.002494510113479 ], [ 107.782820963716574, -7.00242953859231 ], [ 107.782686177824928, -7.00233936536938 ], [ 107.782581631637072, -7.0022636919158 ], [ 107.782541395968735, -7.002296222192854 ], [ 107.782631374938092, -7.002370787681684 ], [ 107.782575032411899, -7.002450832739669 ], [ 107.782474082612907, -7.002597826028818 ], [ 107.782474348812229, -7.00260099973633 ], [ 107.782487672268303, -7.002612107262905 ], [ 107.78251482370024, -7.002625748179696 ], [ 107.782543334907018, -7.002639236211735 ], [ 107.782625877382372, -7.002679323491918 ], [ 107.782607261416047, -7.00276166901574 ], [ 107.782484025517419, -7.002704071935341 ], [ 107.782444463441323, -7.002841521618905 ] ] ] ] } },
{ "type": "Feature", "properties": { "TIPE_HAK_1": "BELUM TERDAFTAR" }, "geometry": { "type": "MultiPolygon", "coordinates": [ [ [ [ 107.782414829880565, -7.002682851532313 ], [ 107.782474250786095, -7.002599550029174 ], [ 107.782488408813094, -7.002611949881555 ], [ 107.782496528791853, -7.002615876321613 ], [ 107.782626993441056, -7.002679634657341 ], [ 107.782608011450634, -7.002762544955431 ], [ 107.782485816966926, -7.002705648446863 ], [ 107.782446156864694, -7.002692923039945 ], [ 107.782414829880565, -7.002682851532313 ] ] ] ] } },
{ "type": "Feature", "properties": { "TIPE_HAK_1": "BELUM TERDAFTAR" }, "geometry": { "type": "MultiPolygon", "coordinates": [ [ [ [ 107.782320915477953, -7.002493234874862 ], [ 107.782398262569814, -7.002429040367872 ], [ 107.782504415846176, -7.002517452718223 ], [ 107.782521492173203, -7.002530278849235 ], [ 107.782469550029759, -7.002610423732051 ], [ 107.78239339723757, -7.002549956015628 ], [ 107.782320915477953, -7.002493234874862 ] ] ] ] } },
{ "type": "Feature", "properties": { "TIPE_HAK_1": "BELUM TERDAFTAR" }, "geometry": { "type": "MultiPolygon", "coordinates": [ [ [ [ 107.78240533124108, -7.002421989683057 ], [ 107.782460269026274, -7.002467648263291 ], [ 107.782526727126822, -7.002522994340666 ], [ 107.782577635049904, -7.002448079015608 ], [ 107.782468284683659, -7.002363762177822 ], [ 107.782465306129041, -7.00236441958225 ], [ 107.78240533124108, -7.002421989683057 ] ] ] ] } },
{ "type": "Feature", "properties": { "TIPE_HAK_1": "BELUM TERDAFTAR" }, "geometry": { "type": "MultiPolygon", "coordinates": [ [ [ [ 107.782646796512495, -7.002200461482062 ], [ 107.782705107654635, -7.002244005756211 ], [ 107.782735678308995, -7.002204180178751 ], [ 107.782682853031304, -7.00216472152465 ], [ 107.782646796512495, -7.002200461482062 ] ] ] ] } },
{ "type": "Feature", "properties": { "TIPE_HAK_1": "BELUM TERDAFTAR" }, "geometry": { "type": "MultiPolygon", "coordinates": [ [ [ [ 107.782684995216414, -7.002338321256502 ], [ 107.7827448253135, -7.002257277950946 ], [ 107.782796146025362, -7.002289387345286 ], [ 107.78273844192563, -7.002375599054631 ], [ 107.782684995216414, -7.002338321256502 ] ] ] ] } },
{ "type": "Feature", "properties": { "TIPE_HAK_1": "BELUM TERDAFTAR" }, "geometry": { "type": "MultiPolygon", "coordinates": [ [ [ [ 107.782794323998928, -7.002289989891096 ], [ 107.782830161083155, -7.002316215920587 ], [ 107.782774797019329, -7.002403029276309 ], [ 107.782735314982858, -7.002374693437332 ], [ 107.782794323998928, -7.002289989891096 ] ] ] ] } },
{ "type": "Feature", "properties": { "TIPE_HAK_1": "BELUM TERDAFTAR" }, "geometry": { "type": "MultiPolygon", "coordinates": [ [ [ [ 107.782759906944193, -7.002810703650994 ], [ 107.783121581895557, -7.002802271607493 ], [ 107.783337341844913, -7.002708310440141 ], [ 107.782941882961609, -7.002493066701618 ], [ 107.782759906944193, -7.002810703650994 ] ] ] ] } },
{ "type": "Feature", "properties": { "TIPE_HAK_1": "HAK MILIK" }, "geometry": { "type": "MultiPolygon", "coordinates": [ [ [ [ 107.783337075645591, -7.002707037000103 ], [ 107.783357806817378, -7.002705527937736 ], [ 107.783487612263571, -7.002598414185409 ], [ 107.783490071909341, -7.002591090106645 ], [ 107.783492531555169, -7.002574001189151 ], [ 107.783497450846767, -7.002535985946966 ], [ 107.78349920722269, -7.002524477322715 ], [ 107.783499122686408, -7.002506311017389 ], [ 107.783490338108663, -7.00248154908416 ], [ 107.783478743149544, -7.002446673375236 ], [ 107.783470310206724, -7.002423655227457 ], [ 107.783395496505022, -7.002358965194046 ], [ 107.783301175608813, -7.002275735636652 ], [ 107.783275283227795, -7.002251194037346 ], [ 107.783246821483658, -7.002225386192549 ], [ 107.783039945037501, -7.002548837258981 ], [ 107.783337075645591, -7.002707037000103 ] ] ] ] } },
{ "type": "Feature", "properties": { "TIPE_HAK_1": "BELUM TERDAFTAR" }, "geometry": { "type": "MultiPolygon", "coordinates": [ [ [ [ 107.782824412616606, -7.002433158363544 ], [ 107.782943645632827, -7.002232260610299 ], [ 107.782856058860091, -7.002183557824878 ], [ 107.782891814105994, -7.002137380335796 ], [ 107.782790561235458, -7.002071418660989 ], [ 107.782682646187254, -7.002164826745286 ], [ 107.782767007991083, -7.002227522082421 ], [ 107.782744335182997, -7.002257069308257 ], [ 107.782828927213302, -7.002315970405675 ], [ 107.782777233282729, -7.00240062988513 ], [ 107.782824412616606, -7.002433158363544 ] ] ] ] } },
{ "type": "Feature", "properties": { "TIPE_HAK_1": "BELUM TERDAFTAR" }, "geometry": { "type": "MultiPolygon", "coordinates": [ [ [ [ 107.782791078345667, -7.002072506840648 ], [ 107.782862282168651, -7.002020999969147 ], [ 107.78303246087944, -7.002104910313335 ], [ 107.78294362135108, -7.00223327234761 ], [ 107.782856200952949, -7.002187833201901 ], [ 107.782854094740742, -7.002184983250345 ], [ 107.782891810508715, -7.00213671753545 ], [ 107.782849319340698, -7.002109236951696 ], [ 107.782791078345667, -7.002072506840648 ] ] ] ] } },
{ "type": "Feature", "properties": { "TIPE_HAK_1": "BELUM TERDAFTAR" }, "geometry": { "type": "MultiPolygon", "coordinates": [ [ [ [ 107.782900158015934, -7.002306755951963 ], [ 107.783117440517515, -7.002429398298034 ], [ 107.783041016130028, -7.00255038139494 ], [ 107.782821440357225, -7.002432771655037 ], [ 107.782900158015934, -7.002306755951963 ] ] ] ] } },
{ "type": "Feature", "properties": { "TIPE_HAK_1": "BELUM TERDAFTAR" }, "geometry": { "type": "MultiPolygon", "coordinates": [ [ [ [ 107.78294330478974, -7.002232678795053 ], [ 107.7831695598274, -7.002349610446117 ], [ 107.78311654479279, -7.002430862394363 ], [ 107.782898425921701, -7.002306570691644 ], [ 107.78294330478974, -7.002232678795053 ] ] ] ] } },
{ "type": "Feature", "properties": { "TIPE_HAK_1": "BELUM TERDAFTAR" }, "geometry": { "type": "MultiPolygon", "coordinates": [ [ [ [ 107.782986964177098, -7.002171430467115 ], [ 107.783206013846495, -7.002289391841941 ], [ 107.783166792613429, -7.00235192620039 ], [ 107.78294098004227, -7.002233922557423 ], [ 107.782986964177098, -7.002171430467115 ] ] ] ] } },
{ "type": "Feature", "properties": { "TIPE_HAK_1": "BELUM TERDAFTAR" }, "geometry": { "type": "MultiPolygon", "coordinates": [ [ [ [ 107.782986615240134, -7.002171539285087 ], [ 107.783031472524499, -7.00210488063567 ], [ 107.783247827825051, -7.00222552019153 ], [ 107.783205637030562, -7.002290633805671 ], [ 107.782986615240134, -7.002171539285087 ] ] ] ] } },
{ "type": "Feature", "properties": { "TIPE_HAK_1": "BELUM TERDAFTAR" }, "geometry": { "type": "MultiPolygon", "coordinates": [ [ [ [ 107.784640753567999, -7.000174095558009 ], [ 107.784725075801646, -7.000369154912505 ], [ 107.784769965461578, -7.000405111606597 ], [ 107.784596065356197, -7.000786454731042 ], [ 107.784512587585937, -7.00091699222537 ], [ 107.784424383878275, -7.000957638883904 ], [ 107.784243545503273, -7.000979559858763 ], [ 107.78406847717855, -7.000989541434137 ], [ 107.784049576127074, -7.000981724526923 ], [ 107.784000749235247, -7.000952021718376 ], [ 107.783858993597732, -7.000871510811521 ], [ 107.784105464495667, -7.000651198493983 ], [ 107.784450769087812, -7.000342295760277 ], [ 107.784640753567999, -7.000174095558009 ] ] ] ] } },
{ "type": "Feature", "properties": { "TIPE_HAK_1": "BELUM TERDAFTAR" }, "geometry": { "type": "MultiPolygon", "coordinates": [ [ [ [ 107.785350761128768, -6.999825112738733 ], [ 107.785432500509557, -6.999984924064961 ], [ 107.785444912952414, -7.00000186549363 ], [ 107.785482929093973, -7.000051148341754 ], [ 107.785598447010784, -7.000191102637245 ], [ 107.785643811512728, -6.999883259304909 ], [ 107.785621323965017, -6.999885738735827 ], [ 107.785550626460292, -6.999702286930926 ], [ 107.785350761128768, -6.999825112738733 ] ] ] ] } },
{ "type": "Feature", "properties": { "TIPE_HAK_1": "BELUM TERDAFTAR" }, "geometry": { "type": "MultiPolygon", "coordinates": [ [ [ [ 107.785548774756194, -6.999702810336373 ], [ 107.785681357308874, -6.999644571139982 ], [ 107.78568314875838, -6.999730374557089 ], [ 107.785667023914073, -6.999726373473322 ], [ 107.785642587535449, -6.999887049048027 ], [ 107.785619743856159, -6.999887049048027 ], [ 107.785548774756194, -6.999702810336373 ] ] ] ] } },
{ "type": "Feature", "properties": { "TIPE_HAK_1": "BELUM TERDAFTAR" }, "geometry": { "type": "MultiPolygon", "coordinates": [ [ [ [ 107.785679691764415, -6.999644092700692 ], [ 107.7857914801927, -6.999606406610326 ], [ 107.785790096136111, -6.99976994652576 ], [ 107.785682096551568, -6.999731466334083 ], [ 107.785679691764415, -6.999644092700692 ] ] ] ] } },
{ "type": "Feature", "properties": { "TIPE_HAK_1": "BELUM TERDAFTAR" }, "geometry": { "type": "MultiPolygon", "coordinates": [ [ [ [ 107.785792248213738, -6.999607191718496 ], [ 107.785832862496648, -6.999595739751555 ], [ 107.785885477332954, -6.999588410276885 ], [ 107.785878681156248, -6.999796831758317 ], [ 107.785789605106231, -6.999767512960318 ], [ 107.785792248213738, -6.999607191718496 ] ] ] ] } },
{ "type": "Feature", "properties": { "TIPE_HAK_1": "BELUM TERDAFTAR" }, "geometry": { "type": "MultiPolygon", "coordinates": [ [ [ [ 107.785878909584085, -6.999794592446449 ], [ 107.785945975626362, -6.999816165383663 ], [ 107.785957227943754, -6.999811238897507 ], [ 107.785964078079814, -6.999576384542479 ], [ 107.785884786653639, -6.999588535282612 ], [ 107.785878909584085, -6.999794592446449 ] ] ] ] } },
{ "type": "Feature", "properties": { "TIPE_HAK_1": "BELUM TERDAFTAR" }, "geometry": { "type": "MultiPolygon", "coordinates": [ [ [ [ 107.785955967993573, -6.999811056335147 ], [ 107.78599944931517, -6.999798352511903 ], [ 107.786049019946347, -6.999784244846978 ], [ 107.786055823317668, -6.99956337405041 ], [ 107.785962434119085, -6.99957638004588 ], [ 107.785955967993573, -6.999811056335147 ] ] ] ] } },
{ "type": "Feature", "properties": { "TIPE_HAK_1": "BELUM TERDAFTAR" }, "geometry": { "type": "MultiPolygon", "coordinates": [ [ [ [ 107.786055958215968, -6.999563084468718 ], [ 107.78611534764525, -6.999554483352654 ], [ 107.786096191186346, -6.999772728128846 ], [ 107.786048003712438, -6.999784684615463 ], [ 107.786055958215968, -6.999563084468718 ] ] ] ] } },
{ "type": "Feature", "properties": { "TIPE_HAK_1": "BELUM TERDAFTAR" }, "geometry": { "type": "MultiPolygon", "coordinates": [ [ [ [ 107.786095260388038, -6.999771968201742 ], [ 107.786171377207324, -6.999784681917504 ], [ 107.786188266475392, -6.999543465758279 ], [ 107.78611410658084, -6.999554555298459 ], [ 107.786095260388038, -6.999771968201742 ] ] ] ] } },
{ "type": "Feature", "properties": { "TIPE_HAK_1": "BELUM TERDAFTAR" }, "geometry": { "type": "MultiPolygon", "coordinates": [ [ [ [ 107.786187475071983, -6.999543249021656 ], [ 107.786277028662028, -6.999538702948712 ], [ 107.78625149960709, -6.999806673938792 ], [ 107.786170700917182, -6.999785000277484 ], [ 107.786187475071983, -6.999543249021656 ] ] ] ] } },
{ "type": "Feature", "properties": { "TIPE_HAK_1": "BELUM TERDAFTAR" }, "geometry": { "type": "MultiPolygon", "coordinates": [ [ [ [ 107.786251207327439, -6.999806092077449 ], [ 107.786265538024224, -6.999811781188725 ], [ 107.786320171838497, -6.999698782272958 ], [ 107.786344910389346, -6.999531371675403 ], [ 107.786313986301479, -6.999532020086633 ], [ 107.786275875731121, -6.99953915350909 ], [ 107.786251207327439, -6.999806092077449 ] ] ] ] } },
{ "type": "Feature", "properties": { "TIPE_HAK_1": "BELUM TERDAFTAR" }, "geometry": { "type": "MultiPolygon", "coordinates": [ [ [ [ 107.786319840887984, -6.999698680649544 ], [ 107.786451658117585, -6.999691824218246 ], [ 107.786428871994929, -6.999826243186533 ], [ 107.786340305860506, -6.999777169880417 ], [ 107.786294303739169, -6.999752845917044 ], [ 107.786319840887984, -6.999698680649544 ] ] ] ] } },
{ "type": "Feature", "properties": { "TIPE_HAK_1": "BELUM TERDAFTAR" }, "geometry": { "type": "MultiPolygon", "coordinates": [ [ [ [ 107.786453216642713, -6.99968173292558 ], [ 107.786463237788269, -6.999682026104551 ], [ 107.786565294652689, -6.999528296893345 ], [ 107.78665039210199, -6.999523792189223 ], [ 107.786652750124404, -6.99950916471613 ], [ 107.786569338004597, -6.99951881893827 ], [ 107.786472001681602, -6.999528711480821 ], [ 107.786453216642713, -6.99968173292558 ] ] ] ] } },
{ "type": "Feature", "properties": { "TIPE_HAK_1": "BELUM TERDAFTAR" }, "geometry": { "type": "MultiPolygon", "coordinates": [ [ [ [ 107.786453607847761, -6.999680800328633 ], [ 107.786523212676173, -6.999687749390091 ], [ 107.786490675204561, -6.999811641793769 ], [ 107.78646761119137, -6.999804283540811 ], [ 107.786462668517402, -6.999832899068963 ], [ 107.786426836829094, -6.999825540816005 ], [ 107.786453607847761, -6.999680800328633 ] ] ] ] } },
{ "type": "Feature", "properties": { "TIPE_HAK_1": "BELUM TERDAFTAR" }, "geometry": { "type": "MultiPolygon", "coordinates": [ [ [ [ 107.786522188348385, -6.999688152286353 ], [ 107.786618133420177, -6.999707146867308 ], [ 107.786617715235423, -6.999714201149402 ], [ 107.786606426945127, -6.999752377370271 ], [ 107.786578679262675, -6.99984227989728 ], [ 107.78648921110829, -6.999811157958504 ], [ 107.786522188348385, -6.999688152286353 ] ] ] ] } },
{ "type": "Feature", "properties": { "TIPE_HAK_1": "BELUM TERDAFTAR" }, "geometry": { "type": "MultiPolygon", "coordinates": [ [ [ [ 107.786467178617443, -6.999803079348567 ], [ 107.786461744014332, -6.999832542038121 ], [ 107.786424117279239, -6.99992670555298 ], [ 107.786498203429403, -6.9999922319559 ], [ 107.786511164458716, -6.999979368053346 ], [ 107.786579280009846, -6.999840174584335 ], [ 107.786467178617443, -6.999803079348567 ] ] ] ] } },
{ "type": "Feature", "properties": { "TIPE_HAK_1": "BELUM TERDAFTAR" }, "geometry": { "type": "MultiPolygon", "coordinates": [ [ [ [ 107.786444576855786, -6.99982787095945 ], [ 107.78644248683139, -6.999853597865183 ], [ 107.786251669578974, -7.000052831872665 ], [ 107.786270064312077, -7.00005947156734 ], [ 107.786267974287625, -7.000066525849434 ], [ 107.786325250310142, -7.000092252755223 ], [ 107.786498554165007, -6.999991798482654 ], [ 107.78642413706433, -6.999925845801101 ], [ 107.786461345614669, -6.9998312353232 ], [ 107.786444576855786, -6.99982787095945 ] ] ] ] } },
{ "type": "Feature", "properties": { "TIPE_HAK_1": "BELUM TERDAFTAR" }, "geometry": { "type": "MultiPolygon", "coordinates": [ [ [ [ 107.786251642599268, -7.000052138495334 ], [ 107.786178885647132, -7.000024792809882 ], [ 107.786264268181469, -6.999812362150749 ], [ 107.786294579831065, -6.999749630840768 ], [ 107.786430658048516, -6.999825164000072 ], [ 107.786444201838492, -6.999828364687232 ], [ 107.786443557024597, -6.999853969285198 ], [ 107.786251642599268, -7.000052138495334 ] ] ] ] } },
{ "type": "Feature", "properties": { "TIPE_HAK_1": "BELUM TERDAFTAR" }, "geometry": { "type": "MultiPolygon", "coordinates": [ [ [ [ 107.785620966934118, -7.000215897845351 ], [ 107.78571889501103, -7.000165116726691 ], [ 107.785883351335656, -7.000133955217791 ], [ 107.785921729903976, -7.000250181800425 ], [ 107.785758250243134, -7.000307310334051 ], [ 107.785745459185648, -7.000316039153859 ], [ 107.785726673247439, -7.000304136626539 ], [ 107.78570069183354, -7.0002906485945 ], [ 107.785683904188886, -7.00027993676963 ], [ 107.785649076144011, -7.000248313908514 ], [ 107.785620966934118, -7.000215897845351 ] ] ] ] } },
{ "type": "Feature", "properties": { "TIPE_HAK_1": "BELUM TERDAFTAR" }, "geometry": { "type": "MultiPolygon", "coordinates": [ [ [ [ 107.785980295554282, -7.000146983696311 ], [ 107.786003626666115, -7.000220558132185 ], [ 107.786039952082206, -7.000197694667804 ], [ 107.786131459899025, -7.00013988534738 ], [ 107.786265600077456, -6.999810295508667 ], [ 107.786240201424221, -6.999802381474694 ], [ 107.786170174813776, -6.999783831158823 ], [ 107.78609550410431, -6.999771226261032 ], [ 107.785956084006159, -6.999810659734123 ], [ 107.785946633930052, -6.999815642877593 ], [ 107.786144433518871, -6.999879910229652 ], [ 107.786096216367355, -7.000064989807413 ], [ 107.786044309297495, -7.000152453373005 ], [ 107.785980295554282, -7.000146983696311 ] ] ] ] } },
{ "type": "Feature", "properties": { "TIPE_HAK_1": "BELUM TERDAFTAR" }, "geometry": { "type": "MultiPolygon", "coordinates": [ [ [ [ 107.785701428378275, -7.00035484400081 ], [ 107.785751393811836, -7.000311001151715 ], [ 107.78593387704683, -7.000245595257979 ], [ 107.786006291357296, -7.000219002305073 ], [ 107.78613108847901, -7.000136552459878 ], [ 107.786121675275126, -7.000173207927162 ], [ 107.786096330581245, -7.000186145574105 ], [ 107.786113709979816, -7.000213457984671 ], [ 107.786154261310173, -7.000190457823351 ], [ 107.786503004909832, -6.999987844163627 ], [ 107.786516039683534, -6.999972031384118 ], [ 107.786532694228526, -6.999936813033457 ], [ 107.786578589330475, -6.999839318429736 ], [ 107.786620589468669, -6.999704966910656 ], [ 107.78655614045357, -6.999692747821996 ], [ 107.786493140246307, -6.999684841881901 ], [ 107.786464898836073, -6.999681966749336 ], [ 107.78649277512153, -6.999633025643561 ], [ 107.786546682283642, -6.999554764840468 ], [ 107.786564785636415, -6.999526014413959 ], [ 107.786650957775521, -6.99952170216477 ], [ 107.786753786258316, -6.999519546489807 ], [ 107.786804105125384, -6.999517172279639 ], [ 107.786806086331865, -6.999604938916775 ], [ 107.786709906536998, -6.99989484796879 ], [ 107.786638137939747, -7.000003636258782 ], [ 107.786598958075501, -7.000030767006251 ], [ 107.786540409512327, -7.00007120142476 ], [ 107.786467455608658, -7.000118944633527 ], [ 107.786407489713952, -7.000156859151673 ], [ 107.786350653459976, -7.000192884194178 ], [ 107.786240393879154, -7.000266766198251 ], [ 107.786129518262726, -7.000349537101386 ], [ 107.786057340473917, -7.000386310379895 ], [ 107.785983536710887, -7.000424745605471 ], [ 107.785955030000707, -7.000460867774791 ], [ 107.785932707028849, -7.000490711776877 ], [ 107.785816064060157, -7.000422869619683 ], [ 107.785701428378275, -7.00035484400081 ] ] ] ] } },
{ "type": "Feature", "properties": { "TIPE_HAK_1": "BELUM TERDAFTAR" }, "geometry": { "type": "MultiPolygon", "coordinates": [ [ [ [ 107.773691638958041, -7.005076133656587 ], [ 107.773704486672784, -7.00509589895654 ], [ 107.773715407140401, -7.005099724672505 ], [ 107.773777075451733, -7.005083147469236 ], [ 107.773780929946042, -7.005079321753271 ], [ 107.773771294609617, -7.005050630682035 ], [ 107.773691638958041, -7.005076133656587 ] ] ] ] } },
{ "type": "Feature", "properties": { "TIPE_HAK_1": "BELUM TERDAFTAR" }, "geometry": { "type": "MultiPolygon", "coordinates": [ [ [ [ 107.773771620164212, -7.005049884244727 ], [ 107.773832423327747, -7.00502931045429 ], [ 107.773847163216089, -7.005090117215104 ], [ 107.773837950561017, -7.005081887519054 ], [ 107.773829659711112, -7.005075029289117 ], [ 107.773813077111868, -7.005075029289117 ], [ 107.77379234863804, -7.005078229976277 ], [ 107.773780372366332, -7.005081429764118 ], [ 107.773771620164212, -7.005049884244727 ] ] ] ] } },
{ "type": "Feature", "properties": { "TIPE_HAK_1": "HAK MILIK" }, "geometry": { "type": "MultiPolygon", "coordinates": [ [ [ [ 107.749899227067715, -7.002594023695162 ], [ 107.749894332957183, -7.002611958874749 ], [ 107.749884501568545, -7.002763485646313 ], [ 107.74988841451875, -7.002774250531224 ], [ 107.749894061361886, -7.002779855106148 ], [ 107.749912885071637, -7.002783965907269 ], [ 107.749952413872848, -7.002790317818895 ], [ 107.750046519831074, -7.002807255650275 ], [ 107.750064499077439, -7.002810390686925 ], [ 107.750088686343872, -7.002818096078219 ], [ 107.750109886961752, -7.002824023509851 ], [ 107.750187856384514, -7.002846927443724 ], [ 107.750204872456948, -7.002676801792925 ], [ 107.750093082230023, -7.002649750185757 ], [ 107.750037281095729, -7.002637764021533 ], [ 107.750008131370237, -7.002629910242089 ], [ 107.749899227067715, -7.002594023695162 ] ] ] ] } },
{ "type": "Feature", "properties": { "TIPE_HAK_1": "HAK MILIK" }, "geometry": { "type": "MultiPolygon", "coordinates": [ [ [ [ 107.750205042428831, -7.002676952879028 ], [ 107.750249521997887, -7.002681316389617 ], [ 107.750312553681454, -7.002685980273731 ], [ 107.750298810241986, -7.00278500102695 ], [ 107.750473740071129, -7.002812029251684 ], [ 107.75043761700249, -7.002904781730259 ], [ 107.750297060161245, -7.00287825622649 ], [ 107.75028516392922, -7.002874919741715 ], [ 107.75018698224352, -7.002847968858648 ], [ 107.750205042428831, -7.002676952879028 ] ] ] ] } },
{ "type": "Feature", "properties": { "TIPE_HAK_1": "HAK MILIK" }, "geometry": { "type": "MultiPolygon", "coordinates": [ [ [ [ 107.75031211121501, -7.002685814798433 ], [ 107.750370834246667, -7.002690828518897 ], [ 107.75035488746812, -7.002795880125747 ], [ 107.750297104228025, -7.002786210615054 ], [ 107.75031211121501, -7.002685814798433 ] ] ] ] } },
{ "type": "Feature", "properties": { "TIPE_HAK_1": "HAK MILIK" }, "geometry": { "type": "MultiPolygon", "coordinates": [ [ [ [ 107.750370101299211, -7.002690795243957 ], [ 107.750428220885738, -7.002679792038754 ], [ 107.750401075749096, -7.002804906621118 ], [ 107.750353706658302, -7.002795570758959 ], [ 107.750370101299211, -7.002690795243957 ] ] ] ] } },
{ "type": "Feature", "properties": { "TIPE_HAK_1": "HAK MILIK" }, "geometry": { "type": "MultiPolygon", "coordinates": [ [ [ [ 107.750427669601322, -7.002679962909887 ], [ 107.750497181799574, -7.002665269786356 ], [ 107.750523146126341, -7.002686608000494 ], [ 107.750472632106323, -7.002813798218136 ], [ 107.750400581121994, -7.002803315720365 ], [ 107.750427669601322, -7.002679962909887 ] ] ] ] } },
{ "type": "Feature", "properties": { "TIPE_HAK_1": "BELUM TERDAFTAR" }, "geometry": { "type": "MultiPolygon", "coordinates": [ [ [ [ 107.72203239168158, -6.992439060813979 ], [ 107.722085800619254, -6.992413484994302 ], [ 107.722082779796494, -6.992639353323455 ], [ 107.72201672099493, -6.992624938090387 ], [ 107.72203239168158, -6.992439060813979 ] ] ] ] } }
]
}
