{
"type": "FeatureCollection",
"name": "RTRW CITARIK FIKS",
"crs": { "type": "name", "properties": { "name": "urn:ogc:def:crs:OGC:1.3:CRS84" } },
"features": [
{ "type": "Feature", "properties": { "layer": "Kawasan Industri" }, "geometry": { "type": "MultiPolygon", "coordinates": [ [ [ [ 107.797522975225945, -7.005577500696829 ], [ 107.797783902036329, -7.005664598391838 ], [ 107.79788225455583, -7.00547455865091 ], [ 107.79809105187077, -7.005301845842123 ], [ 107.798439070960072, -7.005082326594837 ], [ 107.798588195361518, -7.004713359982052 ], [ 107.798699034713835, -7.004761103755865 ], [ 107.799283314846278, -7.004916562018481 ], [ 107.800165381119882, -7.005075512562163 ], [ 107.801481023576059, -7.005225970748544 ], [ 107.801503735999461, -7.005277169978151 ], [ 107.800556691592647, -7.005174105000809 ], [ 107.800459438142184, -7.006357947047778 ], [ 107.800273594321197, -7.006363655601986 ], [ 107.800289688331929, -7.006887867177536 ], [ 107.799917510918078, -7.006926293339936 ], [ 107.799879909788444, -7.006800700597877 ], [ 107.799163128055184, -7.007097928818274 ], [ 107.799252562277346, -7.007466941421646 ], [ 107.799257306264863, -7.007506217186428 ], [ 107.798921351518985, -7.007696178831788 ], [ 107.79884039156714, -7.007719873418345 ], [ 107.798830297844134, -7.007646081083909 ], [ 107.798769933297095, -7.007507964095485 ], [ 107.798528067152006, -7.007264892328651 ], [ 107.798500004993244, -7.007179176695075 ], [ 107.798398817532473, -7.006907041235521 ], [ 107.798349758202292, -7.006833198158319 ], [ 107.798107184319633, -7.006672234440564 ], [ 107.797976157523138, -7.006476905835044 ], [ 107.797874608358782, -7.006203076022534 ], [ 107.797807996214715, -7.005825984364823 ], [ 107.797522975225945, -7.005577500696829 ] ] ] ] } },
{ "type": "Feature", "properties": { "layer": "Kawasan Industri" }, "geometry": { "type": "MultiPolygon", "coordinates": [ [ [ [ 107.678034850421071, -6.968702837782287 ], [ 107.683666865840124, -6.969125109521471 ], [ 107.690229849928045, -6.969890085250067 ], [ 107.691545304152669, -6.970171672912174 ], [ 107.692105329644903, -6.970387691703852 ], [ 107.693676126437438, -6.972301370943831 ], [ 107.694057474886975, -6.973690487136003 ], [ 107.695357973295089, -6.977090153733616 ], [ 107.697294821060737, -6.978574048232935 ], [ 107.698458089982381, -6.979128130217243 ], [ 107.706243472841294, -6.979782373224698 ], [ 107.706194391146269, -6.980485395690272 ], [ 107.710126486335184, -6.981098750950507 ], [ 107.711262170054965, -6.981405228147901 ], [ 107.711705705693745, -6.98141446234705 ], [ 107.711468665593614, -6.983479599835468 ], [ 107.711150175674504, -6.985116390896587 ], [ 107.710791742028064, -6.986201411329256 ], [ 107.710258681220353, -6.986061669162099 ], [ 107.708889157902959, -6.9863703168721 ], [ 107.706931541829945, -6.987036108891578 ], [ 107.7053220734946, -6.987563302927065 ], [ 107.704026596147358, -6.9878043974142 ], [ 107.703177054842129, -6.98771163015869 ], [ 107.702453745798195, -6.987912536233895 ], [ 107.70195831792195, -6.988067387915581 ], [ 107.700844943823213, -6.987718847245403 ], [ 107.697935917762393, -6.987145147434058 ], [ 107.69697738575276, -6.987233889882715 ], [ 107.696114071903438, -6.987518551510838 ], [ 107.694024486518188, -6.988204244435485 ], [ 107.69176856793429, -6.988905529939808 ], [ 107.690168232260788, -6.98936096663209 ], [ 107.689828832769876, -6.989719361136374 ], [ 107.688834619198673, -6.989740496869776 ], [ 107.687723218689229, -6.989528237432373 ], [ 107.686810045827443, -6.989778235938671 ], [ 107.685074257890349, -6.990143787108696 ], [ 107.683857453734745, -6.990703541262051 ], [ 107.683504277186785, -6.974491899522723 ], [ 107.677856820530977, -6.973847498930157 ], [ 107.678034850421071, -6.968702837782287 ] ] ] ] } },
{ "type": "Feature", "properties": { "layer": "Kawasan Industri" }, "geometry": { "type": "MultiPolygon", "coordinates": [ [ [ [ 107.735283314130413, -6.995512307319318 ], [ 107.74016296249313, -6.996550544353344 ], [ 107.741525541822682, -6.997721835768926 ], [ 107.745041090136922, -6.997626407329662 ], [ 107.747363494074719, -6.996717954322899 ], [ 107.747522376899695, -6.996729499676992 ], [ 107.748191886010943, -6.998886948093382 ], [ 107.748265069709944, -6.999306582880315 ], [ 107.748379466584339, -7.000622310617876 ], [ 107.748434036189749, -7.001565171126078 ], [ 107.748035210825392, -7.001582176749729 ], [ 107.748078302524704, -7.002255827695666 ], [ 107.747628438447705, -7.00223695172393 ], [ 107.747653613824596, -7.002834849895144 ], [ 107.748062756706986, -7.002869397812161 ], [ 107.747998211966816, -7.003774357073384 ], [ 107.748534406263815, -7.003827839041278 ], [ 107.748579654332445, -7.004423489378732 ], [ 107.748643883575767, -7.006143910260689 ], [ 107.748877642223434, -7.011408566482168 ], [ 107.7489993204466, -7.011389028397365 ], [ 107.748960528855122, -7.010938336667812 ], [ 107.749309147649555, -7.010940205099181 ], [ 107.749311712634338, -7.010815476700913 ], [ 107.749543266877453, -7.010809387080243 ], [ 107.749579242057038, -7.010936647743562 ], [ 107.749692167156851, -7.010936545642759 ], [ 107.74966429769016, -7.010469264792746 ], [ 107.749928033204284, -7.010444292576407 ], [ 107.749932741502022, -7.010522800257617 ], [ 107.750354080595002, -7.010525955420336 ], [ 107.750355484003862, -7.010495149223185 ], [ 107.750513085656848, -7.010486525701109 ], [ 107.750530912684368, -7.010545584837364 ], [ 107.75115155058792, -7.010595698133192 ], [ 107.75117155858149, -7.011004353258443 ], [ 107.75142515521739, -7.011044601848438 ], [ 107.751445579348058, -7.011485102727707 ], [ 107.75160965020666, -7.011510487760165 ], [ 107.751623116601323, -7.011362809874832 ], [ 107.752029488528677, -7.011370445088084 ], [ 107.752064712663312, -7.011131801723343 ], [ 107.75253853713167, -7.011123829113683 ], [ 107.752569053447729, -7.011566200801642 ], [ 107.751894981820683, -7.011604415730583 ], [ 107.752013334698418, -7.011775610461741 ], [ 107.752135984629575, -7.01186244392651 ], [ 107.752325441861998, -7.011895811716689 ], [ 107.75259665977174, -7.011967158401937 ], [ 107.754917425727314, -7.012068283513588 ], [ 107.754897812167258, -7.012545593442082 ], [ 107.75556824233901, -7.012934532662801 ], [ 107.755544792197398, -7.013441984147327 ], [ 107.754547492793094, -7.013439432591746 ], [ 107.754570499221657, -7.01422831945357 ], [ 107.75423119210393, -7.014434774819101 ], [ 107.75408997128531, -7.014770064998572 ], [ 107.754104657634315, -7.015298372515385 ], [ 107.754020791785578, -7.015570159888891 ], [ 107.753246751289751, -7.015362903012828 ], [ 107.752816352628088, -7.015431431522273 ], [ 107.752640313515442, -7.01552164474419 ], [ 107.752422179650125, -7.015861774446019 ], [ 107.752294724188545, -7.016539921952955 ], [ 107.752474515453926, -7.017485572874921 ], [ 107.752478152168621, -7.018067933933613 ], [ 107.75253517051722, -7.020149906451127 ], [ 107.752220682250282, -7.025267486802821 ], [ 107.749353128860434, -7.024212338761647 ], [ 107.749465840269536, -7.019856313666758 ], [ 107.750854768255692, -7.01986258976097 ], [ 107.750873505613683, -7.019041148080587 ], [ 107.750532345172843, -7.018929603324578 ], [ 107.750516431053626, -7.018428835364777 ], [ 107.750904913034233, -7.018457280120608 ], [ 107.750949795588511, -7.018090822175036 ], [ 107.751043240829972, -7.017652270520279 ], [ 107.750708365102355, -7.01759763567757 ], [ 107.750594264073214, -7.017355680379414 ], [ 107.749013956250735, -7.017336320007435 ], [ 107.747530773802765, -7.01717277209006 ], [ 107.745557233758632, -7.017151510593834 ], [ 107.744372517732259, -7.017400322828958 ], [ 107.742341388176911, -7.017417681117148 ], [ 107.742188390397658, -7.014079255682486 ], [ 107.74286305695172, -7.014065240637835 ], [ 107.742901527589837, -7.014272261749419 ], [ 107.742968590521357, -7.014400150664273 ], [ 107.743338933239414, -7.014400631708431 ], [ 107.743402929567665, -7.014261603131586 ], [ 107.743341814878036, -7.014101284624878 ], [ 107.743205679785774, -7.013483225413133 ], [ 107.743072705370494, -7.013218400601651 ], [ 107.743121829829946, -7.013123461059769 ], [ 107.746110198946454, -7.012837679490381 ], [ 107.746115166693087, -7.012200072804506 ], [ 107.745967949968716, -7.011317394549965 ], [ 107.744736612703605, -7.011312312044805 ], [ 107.744531498762015, -7.011470971460021 ], [ 107.744502381919645, -7.011150619287542 ], [ 107.74440126026721, -7.010926550442195 ], [ 107.740979777851905, -7.011274302733086 ], [ 107.740912532818427, -7.010420311966353 ], [ 107.741903306204108, -7.010287716836763 ], [ 107.741992634355213, -7.009949663964196 ], [ 107.741003405314501, -7.00992672908979 ], [ 107.740874166358253, -7.009809424761602 ], [ 107.740859876095115, -7.009412424880617 ], [ 107.740718744619642, -7.009284438386338 ], [ 107.740412301293645, -7.009218442234077 ], [ 107.740216726784993, -7.008631140853149 ], [ 107.738895834814855, -7.008542623028727 ], [ 107.738767284083409, -7.007515503738803 ], [ 107.739407902386546, -7.007356863989433 ], [ 107.739393630614032, -7.007124738501737 ], [ 107.738935560317842, -7.007067302976758 ], [ 107.738531655867916, -7.006021785999791 ], [ 107.737953069485357, -7.003817360935264 ], [ 107.7372357366649, -6.998173289263048 ], [ 107.73705547915462, -6.99790196429533 ], [ 107.736602984436047, -6.9969569298531 ], [ 107.73617569895147, -6.996938885052956 ], [ 107.736042158021533, -6.997988096697508 ], [ 107.7353285317608, -6.997969679991359 ], [ 107.735283314130413, -6.995512307319318 ] ] ] ] } },
{ "type": "Feature", "properties": { "layer": "Kawasan Industri" }, "geometry": { "type": "MultiPolygon", "coordinates": [ [ [ [ 107.812647211056913, -6.993744520386079 ], [ 107.810588830042605, -6.990250887606002 ], [ 107.810452428990885, -6.990260841991507 ], [ 107.810408233235194, -6.98996501411064 ], [ 107.810512808903241, -6.988998871793695 ], [ 107.810589271905201, -6.988502770371321 ], [ 107.810865072520954, -6.987985739371234 ], [ 107.811051980807349, -6.987748461977715 ], [ 107.811385215785833, -6.987433199917562 ], [ 107.811613272496572, -6.987316313254284 ], [ 107.812248041936471, -6.986875123855033 ], [ 107.812763611751109, -6.98665261152315 ], [ 107.813243438838356, -6.986252430642608 ], [ 107.814090239225152, -6.985994630322502 ], [ 107.814620303126674, -6.986042196757954 ], [ 107.815139377029709, -6.985936645811683 ], [ 107.81538267174659, -6.986113861224285 ], [ 107.81618350752143, -6.986262139291376 ], [ 107.817084205793378, -6.986438370289753 ], [ 107.817615519095511, -6.986241761898457 ], [ 107.817742659548173, -6.986568794778717 ], [ 107.817705539332295, -6.987030506466326 ], [ 107.818408642716747, -6.98716652946434 ], [ 107.818868900903539, -6.987155617715755 ], [ 107.819439726262885, -6.987337346317094 ], [ 107.81955756675211, -6.986763192643165 ], [ 107.82077849162215, -6.987163031791181 ], [ 107.821240678513661, -6.987100605859998 ], [ 107.822223520959454, -6.98719285366797 ], [ 107.822201535356427, -6.988941844684983 ], [ 107.823826269800804, -6.98940962870969 ], [ 107.825184606051124, -6.990201559602959 ], [ 107.82412838260133, -6.991357029852189 ], [ 107.820265824319137, -6.991537820706768 ], [ 107.819034953351718, -6.991720013164718 ], [ 107.818877239273718, -6.990933680658766 ], [ 107.818565727237299, -6.990843444686367 ], [ 107.818525317928092, -6.990631058727061 ], [ 107.818271625488904, -6.990551989259761 ], [ 107.818272132324608, -6.989836757050172 ], [ 107.816996813924874, -6.989471906472017 ], [ 107.815964110425725, -6.990634631711605 ], [ 107.814361692653648, -6.99105182681906 ], [ 107.814089703794934, -6.993055060425715 ], [ 107.812647211056913, -6.993744520386079 ] ] ] ] } },
{ "type": "Feature", "properties": { "layer": "Kawasan Industri" }, "geometry": { "type": "MultiPolygon", "coordinates": [ [ [ [ 107.80778793332567, -6.965781589887365 ], [ 107.810548248539149, -6.966155971583767 ], [ 107.812516017012697, -6.966346229791425 ], [ 107.822923470403865, -6.966803886183463 ], [ 107.825898746842157, -6.966935801454104 ], [ 107.826490680460452, -6.967268616513291 ], [ 107.826911158409999, -6.967613660322745 ], [ 107.827146793616549, -6.968610102610614 ], [ 107.827006030410672, -6.969434326835131 ], [ 107.826791770654509, -6.970420666915758 ], [ 107.826780266257643, -6.970689053931976 ], [ 107.826934465333309, -6.971079405273013 ], [ 107.827251906763109, -6.971344068685276 ], [ 107.829118186998329, -6.972432549435464 ], [ 107.830507841261579, -6.973618156326083 ], [ 107.831315469636905, -6.974214112753678 ], [ 107.832089336015613, -6.974966763312241 ], [ 107.832284141787696, -6.975216046705669 ], [ 107.832635963447871, -6.975833544991723 ], [ 107.832997065524765, -6.975755154584314 ], [ 107.833512224553388, -6.975449537890116 ], [ 107.833710497828349, -6.975026857729677 ], [ 107.833896138190383, -6.97539379897282 ], [ 107.833150880712026, -6.976083483999626 ], [ 107.833134071010491, -6.976559958692685 ], [ 107.833327528442936, -6.977106306548548 ], [ 107.833475221834263, -6.977510571880479 ], [ 107.833466301779495, -6.978074835488319 ], [ 107.832994158824192, -6.978025227129874 ], [ 107.832780312657462, -6.978023411191066 ], [ 107.832860682223554, -6.978183483050023 ], [ 107.832216143845883, -6.978102662061469 ], [ 107.832135378816659, -6.97824252865034 ], [ 107.832170206940418, -6.978859370907497 ], [ 107.831522668686461, -6.978703176958522 ], [ 107.831197020159792, -6.977699881239328 ], [ 107.830633378632399, -6.97737921375663 ], [ 107.830357557620758, -6.977369626554175 ], [ 107.829796915969723, -6.977124332188822 ], [ 107.827322356756852, -6.976289634404579 ], [ 107.825150314962514, -6.975441055121865 ], [ 107.824288157175744, -6.975095453405022 ], [ 107.822713331575656, -6.975000205672674 ], [ 107.822810699297023, -6.973247740289763 ], [ 107.822239096704564, -6.973088566780739 ], [ 107.822375782343912, -6.97161805727474 ], [ 107.822457074656143, -6.971078264919478 ], [ 107.82287706956653, -6.971043432558217 ], [ 107.822879144387841, -6.969938731033867 ], [ 107.822805038216487, -6.969729442860149 ], [ 107.822495163996848, -6.969690585916992 ], [ 107.822331029526424, -6.969595005761385 ], [ 107.822067998946466, -6.969287028659219 ], [ 107.821467304340558, -6.968861711128013 ], [ 107.820429390479873, -6.968606563231408 ], [ 107.820331005652363, -6.969181714322995 ], [ 107.819464660044048, -6.969260574148088 ], [ 107.819170312490272, -6.969198664668061 ], [ 107.818812160602477, -6.969341249933618 ], [ 107.818657125924631, -6.969384307896807 ], [ 107.81740193648065, -6.969199957136833 ], [ 107.816711115823253, -6.969140286053209 ], [ 107.816312779153137, -6.969202833893974 ], [ 107.815825499245818, -6.969084950422574 ], [ 107.814601118465092, -6.968990472810745 ], [ 107.814219874308264, -6.969017664770852 ], [ 107.81399146018903, -6.969143798068361 ], [ 107.81400765862287, -6.969189545210927 ], [ 107.813989975852678, -6.969241972761498 ], [ 107.813526188242292, -6.969555400843105 ], [ 107.813395058804886, -6.969331307230861 ], [ 107.81323683593105, -6.969103816101596 ], [ 107.813147514029609, -6.969027041590151 ], [ 107.813130631055515, -6.968986673085649 ], [ 107.813018892238915, -6.968956268000999 ], [ 107.812183218140106, -6.968731258854057 ], [ 107.81161483194866, -6.969989362530858 ], [ 107.811006000654814, -6.969734106487058 ], [ 107.810747272739178, -6.969690734109818 ], [ 107.810527164505615, -6.969653754261321 ], [ 107.810588818781611, -6.969111671082791 ], [ 107.810478603285262, -6.968815876978324 ], [ 107.810006982336461, -6.968090481699145 ], [ 107.809554697454075, -6.968416089045648 ], [ 107.808923115493272, -6.968441122534422 ], [ 107.808616249785644, -6.96837351343649 ], [ 107.808287846604401, -6.967807987145212 ], [ 107.807916400267985, -6.967685155604394 ], [ 107.80800899369595, -6.966990736559453 ], [ 107.80778793332567, -6.965781589887365 ] ] ] ] } },
{ "type": "Feature", "properties": { "layer": "Pemukiman" }, "geometry": { "type": "MultiPolygon", "coordinates": [ [ [ [ 107.844962061203688, -6.974073007469186 ], [ 107.842908554423516, -6.97340323475994 ], [ 107.842567986965832, -6.973293352747309 ], [ 107.84248357751315, -6.973197205946478 ], [ 107.842353503934547, -6.9731010591296 ], [ 107.842218961466088, -6.972973132038663 ], [ 107.84205429385193, -6.972974505564966 ], [ 107.841948051806142, -6.973009958431288 ], [ 107.840253621757384, -6.971923128768443 ], [ 107.838597032790403, -6.970834075267684 ], [ 107.836936361738665, -6.969847496378824 ], [ 107.837242578053349, -6.969415186450042 ], [ 107.837527246076533, -6.968931195288721 ], [ 107.837444422292464, -6.968711661204508 ], [ 107.837260479248087, -6.968529492010611 ], [ 107.837253820731235, -6.968284630988064 ], [ 107.837261941650581, -6.968205377757242 ], [ 107.837280082909103, -6.967781100386575 ], [ 107.837199324910102, -6.96745409553832 ], [ 107.836958061624557, -6.967506048476137 ], [ 107.836669174419853, -6.967606833858867 ], [ 107.836508000932909, -6.967463313543134 ], [ 107.836376856881699, -6.967305193582873 ], [ 107.836282618133353, -6.967065121911697 ], [ 107.836272875793242, -6.966961444989133 ], [ 107.8362591673975, -6.966815561488112 ], [ 107.836133379908489, -6.966771640374903 ], [ 107.835953694797979, -6.966612842978035 ], [ 107.836006466450115, -6.966572211309968 ], [ 107.836137325132441, -6.966471456290647 ], [ 107.836100143714617, -6.966329782715743 ], [ 107.835714725806213, -6.966212946958692 ], [ 107.835638636726316, -6.966265414862556 ], [ 107.835593188003884, -6.966296754425466 ], [ 107.835340599796467, -6.966549663998753 ], [ 107.835123076224946, -6.966631996135815 ], [ 107.834958925621066, -6.966604478265988 ], [ 107.834798723937027, -6.966577622322953 ], [ 107.834742951811464, -6.966365111991309 ], [ 107.83485645028351, -6.965798677815179 ], [ 107.834868243163612, -6.96570601663563 ], [ 107.834872959823031, -6.96566895604041 ], [ 107.834756122074523, -6.965393983278745 ], [ 107.833940913349878, -6.964959247849786 ], [ 107.833513257918995, -6.96473118623557 ], [ 107.833438532807051, -6.964582352191051 ], [ 107.833381117642389, -6.964467995199482 ], [ 107.833229953188862, -6.964462740762411 ], [ 107.833126123674788, -6.964627836023046 ], [ 107.832928907146893, -6.964767519596712 ], [ 107.832875127088215, -6.964720156525832 ], [ 107.83278777321901, -6.964643225599291 ], [ 107.832693081845974, -6.964559832611181 ], [ 107.832635744518385, -6.964548151140527 ], [ 107.83251817767696, -6.964524198941705 ], [ 107.832464638827247, -6.963819558317595 ], [ 107.832456180070665, -6.962925505451653 ], [ 107.832536626910056, -6.962913141027347 ], [ 107.832772258281707, -6.96295435574821 ], [ 107.832907359125898, -6.962983853750852 ], [ 107.833009162687375, -6.962983371404121 ], [ 107.83308351086994, -6.962963836150802 ], [ 107.833152756727898, -6.96293851267504 ], [ 107.833189930817426, -6.962940442083209 ], [ 107.833172844132562, -6.963510880575646 ], [ 107.833340139349417, -6.963475494534371 ], [ 107.833650852425322, -6.963411971183855 ], [ 107.833643956275154, -6.963197042709541 ], [ 107.833640435877953, -6.963076896802533 ], [ 107.833658261018513, -6.963090908974849 ], [ 107.833738874485078, -6.963176566099006 ], [ 107.833811307545105, -6.9632069100954 ], [ 107.83392216197791, -6.963206397990017 ], [ 107.834018226141623, -6.963190643587594 ], [ 107.834142353291611, -6.963177822647876 ], [ 107.834268681146966, -6.963191680309969 ], [ 107.834321291902853, -6.963217820449996 ], [ 107.834207052698787, -6.962161179416846 ], [ 107.834260666007097, -6.961975655628111 ], [ 107.834364541769915, -6.961845936744575 ], [ 107.834514212229067, -6.96182487128599 ], [ 107.834545858951245, -6.961829700124258 ], [ 107.834772226208003, -6.961859635262372 ], [ 107.834982041448825, -6.961886512793252 ], [ 107.835242339904156, -6.961921850341478 ], [ 107.835642951871705, -6.961975545214386 ], [ 107.835684875896519, -6.961794741654608 ], [ 107.835779421580099, -6.961708683401863 ], [ 107.836017470760751, -6.961494124278995 ], [ 107.836053585277682, -6.96144829764762 ], [ 107.836292983551189, -6.961143402476336 ], [ 107.836358879734576, -6.961160770539444 ], [ 107.83649691710329, -6.961270568576349 ], [ 107.836636546619673, -6.961382201675247 ], [ 107.836822320346997, -6.961530399184179 ], [ 107.837007409021993, -6.961679340422823 ], [ 107.837310495210176, -6.961551947415158 ], [ 107.837343631212889, -6.961542708185982 ], [ 107.83762584563938, -6.961470272531781 ], [ 107.837717164962839, -6.961306350060152 ], [ 107.837822098083862, -6.961121424652547 ], [ 107.837944217232589, -6.960901899994281 ], [ 107.838067214102011, -6.960682216463544 ], [ 107.838218639135746, -6.960477186611088 ], [ 107.838291612785511, -6.960437272996081 ], [ 107.838556545073814, -6.96029066557161 ], [ 107.838438157843541, -6.96015965398294 ], [ 107.838879920270941, -6.959799140024068 ], [ 107.83868264775387, -6.95957894909162 ], [ 107.83854367096508, -6.959706577320191 ], [ 107.838451231895817, -6.959751864043292 ], [ 107.838199884697673, -6.959874835241246 ], [ 107.837954989402206, -6.959955714811493 ], [ 107.837823562361621, -6.959999324188209 ], [ 107.837787075520865, -6.960005606906742 ], [ 107.837567782245173, -6.96004034657658 ], [ 107.837493041070132, -6.960058336641534 ], [ 107.837271513906174, -6.960111924422728 ], [ 107.837197694226916, -6.960132902532178 ], [ 107.836979849133641, -6.960199425293196 ], [ 107.836710687730729, -6.960307339971752 ], [ 107.836625051446674, -6.960352427616273 ], [ 107.836449318974076, -6.960443711568675 ], [ 107.836135454871396, -6.960586313402843 ], [ 107.835972734616078, -6.960714554352599 ], [ 107.835621354775483, -6.960963560275284 ], [ 107.835533860843398, -6.961076687718394 ], [ 107.835431791436633, -6.961189885796362 ], [ 107.835300364399941, -6.961230538506982 ], [ 107.835140161823034, -6.961248361067927 ], [ 107.834999880006393, -6.961227406335287 ], [ 107.834907844760224, -6.961185033967573 ], [ 107.834764778387722, -6.961073777252401 ], [ 107.834707700878042, -6.960895882705131 ], [ 107.83463290731062, -6.96066417884118 ], [ 107.834624344079103, -6.960519188675492 ], [ 107.834620218433727, -6.960205421485616 ], [ 107.834796699992467, -6.96015330757935 ], [ 107.834976900239113, -6.960099719802794 ], [ 107.835000356053541, -6.960086415262175 ], [ 107.835197218809668, -6.95997368355455 ], [ 107.835441829484353, -6.959834724883057 ], [ 107.835489424552208, -6.959654925929768 ], [ 107.835664264505183, -6.959656276917639 ], [ 107.835662728398574, -6.95971061769306 ], [ 107.835795285610928, -6.959709247063358 ], [ 107.835905464168732, -6.959727180117499 ], [ 107.835920653015961, -6.959925921417666 ], [ 107.835932389851749, -6.959925921417665 ], [ 107.835931684164009, -6.960061945628753 ], [ 107.836356366332751, -6.960060289110805 ], [ 107.836313242377514, -6.959685441825225 ], [ 107.83612131057825, -6.959683385879332 ], [ 107.83608955207751, -6.959564826363264 ], [ 107.849702892142389, -6.959564160771762 ], [ 107.84970515630333, -6.959713990505326 ], [ 107.849779854473951, -6.95978888235386 ], [ 107.849933273528407, -6.959939212602722 ], [ 107.849958513422976, -6.96017378301774 ], [ 107.849932757618831, -6.960198597075811 ], [ 107.849948665615628, -6.960201604839972 ], [ 107.849761504547473, -6.960373047382658 ], [ 107.849727867338018, -6.960517291471143 ], [ 107.849338139899785, -6.960592354085836 ], [ 107.848943741442611, -6.960556885683302 ], [ 107.84893428316839, -6.960593000619924 ], [ 107.848841524056809, -6.960965700998685 ], [ 107.848666248878857, -6.961673722884187 ], [ 107.848656294662931, -6.961704937074954 ], [ 107.848396498986929, -6.961790594523097 ], [ 107.848395409920229, -6.961798639350048 ], [ 107.848265327657202, -6.961800504598077 ], [ 107.848095767506678, -6.961712104867535 ], [ 107.847732439426068, -6.961523768749417 ], [ 107.847599546915035, -6.961307614567194 ], [ 107.847462707110083, -6.961097337591813 ], [ 107.847567310617436, -6.961084929941507 ], [ 107.847639677824276, -6.961040523609785 ], [ 107.847691876347781, -6.960999531322352 ], [ 107.847447558279271, -6.960812119690327 ], [ 107.847739000749428, -6.960552864871683 ], [ 107.847406093818066, -6.960507064147873 ], [ 107.847010401732632, -6.960452108605672 ], [ 107.847022243639188, -6.960375703491726 ], [ 107.846886061714031, -6.960393335441188 ], [ 107.846735992542804, -6.960375703487786 ], [ 107.846624490988972, -6.96030666596927 ], [ 107.84650270034723, -6.960129285671179 ], [ 107.846345352119286, -6.959999246670512 ], [ 107.846246669567392, -6.960112221838908 ], [ 107.846143264370028, -6.960038732076101 ], [ 107.845966700595, -6.960226964823335 ], [ 107.845825973822244, -6.960516235448644 ], [ 107.845648995904369, -6.960880657359755 ], [ 107.845839188946016, -6.961042813257761 ], [ 107.845756953484624, -6.961179297403355 ], [ 107.845614435393458, -6.961364277279835 ], [ 107.845208046647485, -6.961892187213372 ], [ 107.845045588945595, -6.962152609390008 ], [ 107.844882252553603, -6.962423983494404 ], [ 107.844842976263138, -6.962400962290884 ], [ 107.844486787326488, -6.962188341080623 ], [ 107.84441948062063, -6.962326633605308 ], [ 107.84422854805689, -6.962742193416057 ], [ 107.843837107272975, -6.962622035528494 ], [ 107.843783304896021, -6.962769682848218 ], [ 107.844014879954443, -6.96277751923046 ], [ 107.844095558840664, -6.962800855203523 ], [ 107.84404773776113, -6.963097818058419 ], [ 107.844246672263182, -6.963121980211846 ], [ 107.844215924661825, -6.963284689478385 ], [ 107.844061321982807, -6.963270322787653 ], [ 107.844064611401734, -6.963238977290644 ], [ 107.844056058914191, -6.963223304540209 ], [ 107.844046190657195, -6.963195224196014 ], [ 107.844043559122966, -6.963172368099833 ], [ 107.844044217007607, -6.963156695348332 ], [ 107.843963297311305, -6.963144940783886 ], [ 107.843951455404735, -6.96319848935203 ], [ 107.844026900272084, -6.96321113405493 ], [ 107.844021637200399, -6.963263642203854 ], [ 107.843715487366254, -6.963239253130745 ], [ 107.843695750854579, -6.963378348762268 ], [ 107.843544437607875, -6.963363982078454 ], [ 107.843506357938409, -6.963787140106738 ], [ 107.843627408536022, -6.963796935563307 ], [ 107.843610513869891, -6.963877285062706 ], [ 107.84412481746412, -6.963960930381164 ], [ 107.844119554393274, -6.963769592487473 ], [ 107.844396085370661, -6.963769592480494 ], [ 107.844457462014375, -6.963969030779821 ], [ 107.844606744658577, -6.964461494519234 ], [ 107.844931819619205, -6.9644407009591 ], [ 107.844861159046303, -6.964213358272307 ], [ 107.844906553032672, -6.964205521911849 ], [ 107.845340911588934, -6.964119630658996 ], [ 107.84587802816597, -6.964015372494625 ], [ 107.845863270353405, -6.963888415029102 ], [ 107.845868293004855, -6.963872984063339 ], [ 107.846006644223792, -6.963913730496048 ], [ 107.845939749129187, -6.963577195044117 ], [ 107.846077285446285, -6.963558475822453 ], [ 107.846582854237738, -6.963489665627686 ], [ 107.846700642795568, -6.96378988790865 ], [ 107.846724855037834, -6.963751054896378 ], [ 107.846872328314831, -6.963618251651131 ], [ 107.847035005021112, -6.963515630935745 ], [ 107.847152071437023, -6.963452247542371 ], [ 107.847361858215393, -6.963358579645089 ], [ 107.847584986107691, -6.963139858911344 ], [ 107.847752088559801, -6.963052352695438 ], [ 107.847825334258587, -6.963046479222653 ], [ 107.848051865378082, -6.963054024886856 ], [ 107.84843651217119, -6.963150609184973 ], [ 107.848465398686983, -6.963150609186133 ], [ 107.848532293769395, -6.96313702702578 ], [ 107.848790752069334, -6.962738616659263 ], [ 107.848956469465548, -6.962438299553235 ], [ 107.849088739289655, -6.961965941083604 ], [ 107.849177564728166, -6.961851417971502 ], [ 107.849382838656098, -6.961586757010848 ], [ 107.849633022092419, -6.961264193582206 ], [ 107.849894521064584, -6.961128284448256 ], [ 107.849959895816454, -6.960834002835342 ], [ 107.850460088649896, -6.960595559157147 ], [ 107.850890345693472, -6.960044723606513 ], [ 107.851366213061183, -6.959744404775048 ], [ 107.852299512189305, -6.959594290790685 ], [ 107.852752264280952, -6.959973894566761 ], [ 107.853077542490908, -6.960109155625642 ], [ 107.853591833702552, -6.960048069999125 ], [ 107.854466568329485, -6.960030616961626 ], [ 107.855660134165248, -6.960072213267015 ], [ 107.856270249924421, -6.960162342014667 ], [ 107.856201098495262, -6.961230490890401 ], [ 107.855719843868187, -6.96196175352563 ], [ 107.855573514603876, -6.962359863020048 ], [ 107.855611923186302, -6.962824120102413 ], [ 107.855534880715723, -6.963454205715156 ], [ 107.855450370876056, -6.963496958868411 ], [ 107.855447717388088, -6.963657821258742 ], [ 107.854795124299869, -6.963874890045869 ], [ 107.854790520467603, -6.963820051630631 ], [ 107.854433320024683, -6.963994582039507 ], [ 107.853194508247697, -6.964195520108777 ], [ 107.852650649002811, -6.964584349224918 ], [ 107.852043512551063, -6.964710705234238 ], [ 107.851771105001163, -6.964542380595176 ], [ 107.851560201678708, -6.96441222215526 ], [ 107.851349201219492, -6.964263822614853 ], [ 107.851112095539833, -6.96409873657463 ], [ 107.850961569510829, -6.964347762308836 ], [ 107.850559884659702, -6.964273302609434 ], [ 107.850450748725592, -6.96383020841455 ], [ 107.850513035349266, -6.96380272969024 ], [ 107.850528607005572, -6.963866274237945 ], [ 107.850597814365599, -6.963838795515645 ], [ 107.850573591789285, -6.963771816122529 ], [ 107.850728469616413, -6.963694685961124 ], [ 107.85102863017643, -6.963543399149606 ], [ 107.850993642761082, -6.963388480957778 ], [ 107.850975883408722, -6.963100551043004 ], [ 107.850937404809841, -6.963012409196093 ], [ 107.85087918829629, -6.962931117534412 ], [ 107.850466412197889, -6.962690913894449 ], [ 107.850437670904782, -6.962642479082509 ], [ 107.850371403104148, -6.962693557454064 ], [ 107.850086286911349, -6.962919280571906 ], [ 107.849844000112753, -6.963112331680339 ], [ 107.849563949030312, -6.963333041059888 ], [ 107.849500667208787, -6.963414463434847 ], [ 107.849244672377665, -6.963749234910144 ], [ 107.84931719997698, -6.963965992398577 ], [ 107.848695144223271, -6.964311079570596 ], [ 107.848718435921114, -6.964455111943937 ], [ 107.848449905272275, -6.964556986782831 ], [ 107.848475540848483, -6.964683559187145 ], [ 107.84811103227527, -6.964719311368631 ], [ 107.848115250033786, -6.964688144190593 ], [ 107.848154147138956, -6.964610458827893 ], [ 107.848187889225031, -6.964499686996058 ], [ 107.848192380058848, -6.964430083705153 ], [ 107.848125833202658, -6.964333325832719 ], [ 107.848043492414732, -6.964252633428229 ], [ 107.847688732054905, -6.96439032733813 ], [ 107.847693528886509, -6.96450673246685 ], [ 107.847702357708002, -6.964772891217009 ], [ 107.84753779696446, -6.964790289413508 ], [ 107.847481912828485, -6.964899947944742 ], [ 107.847345636704802, -6.965164697009659 ], [ 107.847576748341979, -6.965400144199186 ], [ 107.847708414330171, -6.965470949100009 ], [ 107.847520021116125, -6.96548397416783 ], [ 107.847492701101388, -6.965912981588345 ], [ 107.847167547942746, -6.965885979207687 ], [ 107.847040395445916, -6.965873720018478 ], [ 107.847038518213466, -6.965883272819995 ], [ 107.846998898075142, -6.966108396075628 ], [ 107.846824820575733, -6.966090555059569 ], [ 107.846788889290806, -6.96597324796172 ], [ 107.846790854156268, -6.965825580470168 ], [ 107.846793356814786, -6.965630988111506 ], [ 107.846799764106109, -6.965612551069291 ], [ 107.846864285820004, -6.965440086445974 ], [ 107.84693894932424, -6.965239513831489 ], [ 107.84695326453442, -6.965168466154693 ], [ 107.846828918974737, -6.965275176987665 ], [ 107.846559873281763, -6.965509398608933 ], [ 107.84660709194813, -6.965621860378935 ], [ 107.846670693831413, -6.965775555899246 ], [ 107.846294425065494, -6.965804941166422 ], [ 107.84614986979868, -6.965815528648918 ], [ 107.846165869119218, -6.965879332162678 ], [ 107.846166525014681, -6.965962360318414 ], [ 107.846113691572853, -6.966008921155846 ], [ 107.846068781198611, -6.9660100356271 ], [ 107.846026889455104, -6.966005996475968 ], [ 107.845962903631076, -6.966171639957738 ], [ 107.845613198778281, -6.965985871038948 ], [ 107.845337704926592, -6.965663057220811 ], [ 107.845058306960183, -6.965732968877327 ], [ 107.844938592491602, -6.96565960374401 ], [ 107.845076572978556, -6.965080286033758 ], [ 107.844800244065311, -6.964992490373454 ], [ 107.844830586903655, -6.964798279282551 ], [ 107.844573657770539, -6.96469752131848 ], [ 107.844549955918268, -6.964853028740447 ], [ 107.844346671428966, -6.964846848514715 ], [ 107.844318831515196, -6.965192939558462 ], [ 107.843638977907759, -6.96521704032091 ], [ 107.843649961671247, -6.964998505854806 ], [ 107.843648227369343, -6.964741389428143 ], [ 107.843065012448619, -6.964727144709211 ], [ 107.843050064766672, -6.964503315120662 ], [ 107.843156416477271, -6.964496107736253 ], [ 107.843163408232385, -6.964309563615942 ], [ 107.843142052467911, -6.964301508300641 ], [ 107.842941038142627, -6.964292181100719 ], [ 107.842699290885349, -6.964298964525427 ], [ 107.84269558839452, -6.964728307009517 ], [ 107.842180605924185, -6.964811413967743 ], [ 107.842171897407084, -6.964984468135448 ], [ 107.841995618257457, -6.964989834851817 ], [ 107.841973657978215, -6.965161073618796 ], [ 107.841825021853168, -6.965143267163246 ], [ 107.841836453800639, -6.965862388462394 ], [ 107.841338270687601, -6.965888430310831 ], [ 107.841329544254876, -6.966067810359909 ], [ 107.841953894609404, -6.966034660001567 ], [ 107.841980081549082, -6.966276661533375 ], [ 107.841892118838516, -6.966320636864758 ], [ 107.841903983260238, -6.966578103785727 ], [ 107.841714574507193, -6.966592124898059 ], [ 107.841683608350891, -6.96648731185349 ], [ 107.841508967058715, -6.966503244938437 ], [ 107.841513834707001, -6.966976676009466 ], [ 107.841786502554399, -6.967216099847088 ], [ 107.842000739612928, -6.967271470304229 ], [ 107.841943595961723, -6.967528948451482 ], [ 107.84182738245444, -6.967497082351908 ], [ 107.841726607495062, -6.968001694953418 ], [ 107.841452677084206, -6.967939571623842 ], [ 107.841385481710262, -6.968150793449791 ], [ 107.841326059461608, -6.968349610162456 ], [ 107.841002013984308, -6.96825253609925 ], [ 107.840953608196699, -6.968230334498448 ], [ 107.840830869186973, -6.968168156866854 ], [ 107.840720420506671, -6.968119096664268 ], [ 107.8405944129304, -6.968083265743878 ], [ 107.840467916422043, -6.968080012436805 ], [ 107.840349807247961, -6.968082994758619 ], [ 107.840270688835176, -6.968101219960946 ], [ 107.840047951085523, -6.968168328621204 ], [ 107.839977459895536, -6.968202249588137 ], [ 107.839862006507659, -6.968262202479953 ], [ 107.839800915064785, -6.96830925661245 ], [ 107.839679275273738, -6.968381740390136 ], [ 107.839455052164183, -6.968385779106235 ], [ 107.839394962223068, -6.968365565715187 ], [ 107.839347030221475, -6.968339517612882 ], [ 107.839173855772998, -6.968230280321033 ], [ 107.839029664539694, -6.968116101969901 ], [ 107.838759866808985, -6.967870180434765 ], [ 107.838574106989213, -6.967764381066305 ], [ 107.838336146487563, -6.967629950525105 ], [ 107.838199456206226, -6.967802013503753 ], [ 107.838066648231305, -6.967730345787408 ], [ 107.837781381004433, -6.967575498404057 ], [ 107.837782349440388, -6.967688649232596 ], [ 107.838068565701732, -6.96779348922356 ], [ 107.83834027828901, -6.967891535757391 ], [ 107.838526354426733, -6.967972091913616 ], [ 107.838563769317659, -6.968003904298566 ], [ 107.838832906684786, -6.968225043709609 ], [ 107.839044129926577, -6.968398347469824 ], [ 107.839187846726475, -6.968509995586636 ], [ 107.839346433854828, -6.968673169513457 ], [ 107.839393085641248, -6.968808005045696 ], [ 107.839471751792303, -6.969037628654809 ], [ 107.839495992424787, -6.969152942453593 ], [ 107.839587466518267, -6.96924192472722 ], [ 107.839685343795125, -6.969236930833301 ], [ 107.83976630743264, -6.968981769751123 ], [ 107.839841773546055, -6.968743424220326 ], [ 107.839996822121932, -6.968616760538088 ], [ 107.84002962934342, -6.968601732629756 ], [ 107.840273374499603, -6.968479918466151 ], [ 107.840532854358457, -6.96841290073418 ], [ 107.840623176457385, -6.968409747082553 ], [ 107.840834481594086, -6.968505993383324 ], [ 107.841155761466624, -6.968612430604514 ], [ 107.841391711008967, -6.96872714004565 ], [ 107.84176797549604, -6.96891060493384 ], [ 107.841888875038094, -6.969025568975745 ], [ 107.842008039974033, -6.969186614499265 ], [ 107.842213270009736, -6.969351474750723 ], [ 107.842395702878562, -6.969479558197171 ], [ 107.842599921526144, -6.969488125009699 ], [ 107.842878371261747, -6.969336610467719 ], [ 107.84307242011387, -6.969210049226137 ], [ 107.843349305636778, -6.969180829675716 ], [ 107.843526083140219, -6.969196460745328 ], [ 107.843697671094745, -6.969323723856838 ], [ 107.843781052350451, -6.969363917946711 ], [ 107.843974085236496, -6.969457200096398 ], [ 107.844317867606549, -6.969344994714196 ], [ 107.844448229777072, -6.969411257820878 ], [ 107.844739636265501, -6.969563704807645 ], [ 107.845084890212149, -6.969547090790978 ], [ 107.84555257961587, -6.969522625098984 ], [ 107.845560115424306, -6.969531975254799 ], [ 107.84567692044989, -6.969531040239391 ], [ 107.845292196883634, -6.972328115309925 ], [ 107.845451644517894, -6.972388728774522 ], [ 107.845389382608261, -6.972852353763598 ], [ 107.845226542471622, -6.972808577415234 ], [ 107.844962061203688, -6.974073007469186 ] ] ] ] } },
{ "type": "Feature", "properties": { "layer": "Kawasan Pertahanan dan Keamanan" }, "geometry": { "type": "MultiPolygon", "coordinates": [ [ [ [ 107.919847162337092, -6.999881132070861 ], [ 107.919292123576639, -6.999174151329019 ], [ 107.91859410037496, -6.998460887531536 ], [ 107.917922700290106, -6.997671045750029 ], [ 107.91768631828289, -6.997355178530069 ], [ 107.917084158391461, -6.996453083750403 ], [ 107.917022074706239, -6.996145480200519 ], [ 107.916941678144568, -6.995922596203817 ], [ 107.916797240200992, -6.99541198756457 ], [ 107.916417580808186, -6.99543950414181 ], [ 107.915655199632624, -6.995555073749348 ], [ 107.9154443270548, -6.995615610201211 ], [ 107.91492747536212, -6.995435436649988 ], [ 107.914240105124534, -6.99516719730727 ], [ 107.914356849763649, -6.994986980095105 ], [ 107.915083208335133, -6.994852165837734 ], [ 107.915540637009045, -6.993624923314245 ], [ 107.915740242248305, -6.99304887669762 ], [ 107.916178863696018, -6.993034612652173 ], [ 107.916573033406465, -6.993125774997953 ], [ 107.916632685597975, -6.993562341971346 ], [ 107.916993083968364, -6.993587106989324 ], [ 107.917455055688691, -6.993736965709849 ], [ 107.917276000153279, -6.994159319641603 ], [ 107.917300110644959, -6.994781484780351 ], [ 107.917183685659495, -6.995265507652964 ], [ 107.917650909990186, -6.995205834397304 ], [ 107.917942447865371, -6.995400956392172 ], [ 107.918063349614272, -6.9958924334625 ], [ 107.918592359803881, -6.996285234988259 ], [ 107.918799083689663, -6.996525322287927 ], [ 107.919175507231799, -6.997012946792199 ], [ 107.919617695129503, -6.997000922276341 ], [ 107.920057544127886, -6.997219567817578 ], [ 107.919861054266022, -6.997662029279795 ], [ 107.920121682654511, -6.997895488449573 ], [ 107.919698851035946, -6.998387551730016 ], [ 107.920460993628751, -6.99891655251082 ], [ 107.920135914847336, -6.999417571560557 ], [ 107.919847162337092, -6.999881132070861 ] ] ] ] } },
{ "type": "Feature", "properties": { "layer": "Kawasan Pertahanan dan Keamanan" }, "geometry": { "type": "MultiPolygon", "coordinates": [ [ [ [ 107.912954985264435, -6.994756453681866 ], [ 107.913391822884719, -6.994674868821516 ], [ 107.913656493955983, -6.994718006933346 ], [ 107.913917051830254, -6.995082073712807 ], [ 107.913663840898153, -6.995023931084918 ], [ 107.912954985264435, -6.994756453681866 ] ] ] ] } },
{ "type": "Feature", "properties": { "layer": "Kawasan Pertahanan dan Keamanan" }, "geometry": { "type": "MultiPolygon", "coordinates": [ [ [ [ 107.911229208741588, -6.994390138977367 ], [ 107.911652486719049, -6.994292609258734 ], [ 107.912431000525217, -6.994288858113547 ], [ 107.912490510387329, -6.994575793486252 ], [ 107.912346898215844, -6.994517650795324 ], [ 107.911989757423726, -6.994444503528001 ], [ 107.911730297372344, -6.994388273355485 ], [ 107.911229208741588, -6.994390138977367 ] ] ] ] } },
{ "type": "Feature", "properties": { "layer": "Kawasan Pertahanan dan Keamanan" }, "geometry": { "type": "MultiPolygon", "coordinates": [ [ [ [ 107.947602819564906, -6.984687121120071 ], [ 107.947456516828424, -6.984575048542541 ], [ 107.947146959771231, -6.984734587263676 ], [ 107.94710446901702, -6.984840420343974 ], [ 107.946681804573998, -6.985029503159276 ], [ 107.946616321350263, -6.985691292409499 ], [ 107.94677109989442, -6.986085761946883 ], [ 107.946985408638625, -6.986723914444927 ], [ 107.946531769178264, -6.987149846161449 ], [ 107.946004566570892, -6.986833439770121 ], [ 107.945845179735969, -6.986638728038029 ], [ 107.945072766612512, -6.987478421801927 ], [ 107.94395413354934, -6.988273998886898 ], [ 107.942740341499757, -6.988517387687297 ], [ 107.942397046778638, -6.989357078076426 ], [ 107.941203552851178, -6.990212196408879 ], [ 107.939566441412538, -6.989888318704038 ], [ 107.938217783577358, -6.989717947056046 ], [ 107.93721242046189, -6.989717947057208 ], [ 107.937114336255732, -6.99077668414512 ], [ 107.936182536297181, -6.990594143439209 ], [ 107.935569510009955, -6.990460280209009 ], [ 107.934076285732743, -6.99031840150754 ], [ 107.933259844641796, -6.989127043978658 ], [ 107.93295333149598, -6.989333924087774 ], [ 107.932695860454828, -6.989346093503704 ], [ 107.93242612888875, -6.989127043977296 ], [ 107.931935707858955, -6.989443448816089 ], [ 107.931616934189051, -6.989674667600343 ], [ 107.931420765776537, -6.989625989971517 ], [ 107.93089356316807, -6.989200060496111 ], [ 107.930366360559461, -6.988384708705809 ], [ 107.929998544787125, -6.98775189738199 ], [ 107.929924981632112, -6.987411152467767 ], [ 107.930095833594066, -6.986823361188137 ], [ 107.929991348911813, -6.986646446148333 ], [ 107.929806964181125, -6.986359721634698 ], [ 107.928712948073809, -6.985987589551618 ], [ 107.927803316702139, -6.986414626342886 ], [ 107.927778732070834, -6.986201107995993 ], [ 107.927735708966253, -6.985944885850502 ], [ 107.927686539704581, -6.985725266759442 ], [ 107.927491658799468, -6.985306005240599 ], [ 107.927251958641477, -6.984939972861282 ], [ 107.927028793263176, -6.984807024212401 ], [ 107.926968049474354, -6.984647349557667 ], [ 107.926925026367115, -6.984500936434453 ], [ 107.927060241841446, -6.984275216112026 ], [ 107.927287649684388, -6.984086099001362 ], [ 107.927505565316906, -6.983868244307994 ], [ 107.928132473424682, -6.983435104629579 ], [ 107.928415196688562, -6.983154478708279 ], [ 107.928674180413807, -6.982729345466035 ], [ 107.928784811255483, -6.982277903003582 ], [ 107.928987634467035, -6.981856963016646 ], [ 107.929178165363638, -6.981551933807149 ], [ 107.929490436478716, -6.981415697991928 ], [ 107.929576482689086, -6.981128970267267 ], [ 107.929945252163222, -6.981006958416514 ], [ 107.930074321479424, -6.980988656636676 ], [ 107.930246413912542, -6.980695828059162 ], [ 107.930572160282125, -6.980592117892788 ], [ 107.930842591230899, -6.980476206501296 ], [ 107.931143752967856, -6.980354194480334 ], [ 107.931205214546893, -6.980305389663465 ], [ 107.931113022178238, -6.979719731458678 ], [ 107.931117099942284, -6.979492923699107 ], [ 107.931092515310922, -6.979444118792499 ], [ 107.93034268404503, -6.978693742702816 ], [ 107.929986206887236, -6.978724245820547 ], [ 107.929543736550443, -6.978876761374783 ], [ 107.929027459285592, -6.978339906410293 ], [ 107.92859108207422, -6.978089780589936 ], [ 107.92760127871891, -6.977901369029845 ], [ 107.926818272722045, -6.977940114618313 ], [ 107.925223094819074, -6.977916393040053 ], [ 107.9251283916944, -6.97787441924824 ], [ 107.924340521392992, -6.977538281425405 ], [ 107.924084809088129, -6.977371927427011 ], [ 107.923409290475689, -6.97700014263109 ], [ 107.92271472058826, -6.976507939832062 ], [ 107.922192929283099, -6.976643424295925 ], [ 107.920896278721912, -6.977228892626993 ], [ 107.920450509984235, -6.977901168487223 ], [ 107.919966729979933, -6.978000637793081 ], [ 107.919671963020789, -6.977883184926181 ], [ 107.919649501805523, -6.977655091432473 ], [ 107.919235257560558, -6.977146160612031 ], [ 107.919674115100676, -6.97625375681922 ], [ 107.919166471571145, -6.975955206832269 ], [ 107.918679708711778, -6.975840206309406 ], [ 107.917838852882781, -6.97562440259425 ], [ 107.917358497474879, -6.975762728950152 ], [ 107.916798694891384, -6.975934228520088 ], [ 107.916417979661674, -6.976002159653335 ], [ 107.915834413485541, -6.976108601388622 ], [ 107.915675457197452, -6.976631674495446 ], [ 107.91566444774179, -6.976691715896203 ], [ 107.915631619812302, -6.976957539675264 ], [ 107.916273514876337, -6.977076365243988 ], [ 107.916387548736722, -6.977174119731727 ], [ 107.91620700455276, -6.977768863207555 ], [ 107.915620717634738, -6.977747797078525 ], [ 107.91522648108969, -6.977604190057872 ], [ 107.915086530444469, -6.977749964122951 ], [ 107.914946579797913, -6.977960907690263 ], [ 107.915325398019618, -6.978159482302956 ], [ 107.91529948121736, -6.978584743292548 ], [ 107.915662155998461, -6.978983358032561 ], [ 107.915771089653177, -6.979442744613088 ], [ 107.915441082552718, -6.979995289712623 ], [ 107.915532848825649, -6.980320846145452 ], [ 107.915684797326549, -6.980589424941779 ], [ 107.915865183053711, -6.980700725406854 ], [ 107.915509286888536, -6.981010430911318 ], [ 107.915256719658956, -6.981451937096685 ], [ 107.915680869881797, -6.981935851080149 ], [ 107.915945884051567, -6.981904613630445 ], [ 107.916262777903995, -6.982494921245418 ], [ 107.915877630000082, -6.982998190655666 ], [ 107.915633865504461, -6.983220790414235 ], [ 107.915097583614184, -6.983515976887182 ], [ 107.914882748537593, -6.983591121913379 ], [ 107.914609732300249, -6.983610478391498 ], [ 107.914307464325333, -6.983683065185853 ], [ 107.91371755424467, -6.983799204034216 ], [ 107.913512403893264, -6.983902703512066 ], [ 107.913185759468732, -6.984236602464948 ], [ 107.913258888820963, -6.984284993598513 ], [ 107.913520794585182, -6.984938043851255 ], [ 107.913506168715813, -6.985392919619571 ], [ 107.914058436344149, -6.986137464469254 ], [ 107.914375330188491, -6.986737511722554 ], [ 107.914233603246259, -6.987760971150188 ], [ 107.914252483820775, -6.988312292512821 ], [ 107.914294627008658, -6.988661031019098 ], [ 107.913836349758128, -6.989401407796906 ], [ 107.913826599177824, -6.989841762055146 ], [ 107.913743719256743, -6.990369022423314 ], [ 107.913226938525852, -6.990741629130065 ], [ 107.91240573766909, -6.991307710011372 ], [ 107.911942585127406, -6.99163192560093 ], [ 107.911728072370508, -6.9917722576526 ], [ 107.911517100907531, -6.992021954337702 ], [ 107.911240116613385, -6.992334578202858 ], [ 107.910825716972113, -6.992794285798334 ], [ 107.910333312707706, -6.993431361216133 ], [ 107.911318121270341, -6.993852355620992 ], [ 107.911176737864082, -6.99439432487181 ], [ 107.910889095755351, -6.994394324871783 ], [ 107.910287094956772, -6.994473491046392 ], [ 107.909843508537591, -6.994379947644861 ], [ 107.909219471430731, -6.994205743308195 ], [ 107.908780695338635, -6.994050894953499 ], [ 107.908529926394664, -6.993925080631618 ], [ 107.907798632905809, -6.993963792735304 ], [ 107.906662587310123, -6.993961958089708 ], [ 107.906706464920106, -6.993555480834512 ], [ 107.906769843688565, -6.992703813058081 ], [ 107.906672337897774, -6.992153337350901 ], [ 107.90652607920039, -6.991408125894901 ], [ 107.906472451010131, -6.990561293252015 ], [ 107.906419107519056, -6.99022705267973 ], [ 107.905886346554112, -6.989510917173624 ], [ 107.905651785618375, -6.988958721190762 ], [ 107.905103831280456, -6.987977634859865 ], [ 107.904942946711714, -6.987401784602643 ], [ 107.904889318523502, -6.987261451239558 ], [ 107.904835690333201, -6.987208221331994 ], [ 107.904757685695486, -6.987198543165954 ], [ 107.904630928158582, -6.987261451239595 ], [ 107.904479794170086, -6.987314681140164 ], [ 107.904250655543777, -6.987348554710998 ], [ 107.904002015759005, -6.987358232873937 ], [ 107.903701996787632, -6.987325268360421 ], [ 107.903417450347618, -6.987226169003248 ], [ 107.903277673149603, -6.98714688950218 ], [ 107.903157864121582, -6.987032925195566 ], [ 107.903058023265558, -6.986884276059067 ], [ 107.902993126709575, -6.986765356715996 ], [ 107.902890615016418, -6.986659976764348 ], [ 107.902690666144295, -6.986609592060007 ], [ 107.902490984432234, -6.98674833133675 ], [ 107.902026724450167, -6.986956440175547 ], [ 107.901747170054165, -6.987005989885358 ], [ 107.901517536084114, -6.987030764738271 ], [ 107.901225790734657, -6.987012552721388 ], [ 107.900706618282527, -6.986700389465853 ], [ 107.900327223028484, -6.98640309093401 ], [ 107.900257334430549, -6.986274261511332 ], [ 107.900251304839301, -6.986188653752933 ], [ 107.900316201395313, -6.985494956124386 ], [ 107.900256296881309, -6.985410721343089 ], [ 107.900141479897371, -6.985371081439777 ], [ 107.899617315403276, -6.985420631317615 ], [ 107.89943760186118, -6.985376036428033 ], [ 107.898747403551525, -6.984987133001329 ], [ 107.89841293668357, -6.984645238420976 ], [ 107.89812839024718, -6.984278568592064 ], [ 107.898213254981272, -6.983806768816389 ], [ 107.898178310683321, -6.983549108504908 ], [ 107.898108422083297, -6.9834747833889 ], [ 107.897863811985218, -6.983271628011156 ], [ 107.897401759998559, -6.982945635851587 ], [ 107.897266974842552, -6.982722660180196 ], [ 107.897142173772579, -6.982603739778965 ], [ 107.897002396574578, -6.982494729383976 ], [ 107.896747802390493, -6.982380763944652 ], [ 107.896503192292442, -6.982326258724392 ], [ 107.896178381063407, -6.982316479101368 ], [ 107.896063564079441, -6.982370984322778 ], [ 107.895669192697383, -6.982455219651558 ], [ 107.89542458259929, -6.982470084708789 ], [ 107.895194948631342, -6.982460174670702 ], [ 107.8951150759478, -6.98244530961641 ], [ 107.894965314663764, -6.982375939343942 ], [ 107.894775617037794, -6.982301614041519 ], [ 107.89434407292697, -6.982264072351818 ], [ 107.894029574224732, -6.982387947857847 ], [ 107.893769003020367, -6.982446926667172 ], [ 107.893515454333652, -6.982474889802429 ], [ 107.893261905646938, -6.982558779199624 ], [ 107.892853410537896, -6.982656650141679 ], [ 107.892374485240538, -6.98264266857891 ], [ 107.891768785600462, -6.982796465740002 ], [ 107.891302155033415, -6.982947190291454 ], [ 107.891055186264822, -6.982974941632181 ], [ 107.890354988654138, -6.982961993888455 ], [ 107.890075401368534, -6.982887990307843 ], [ 107.889088019984683, -6.983599294249355 ], [ 107.887604134542656, -6.984634444640512 ], [ 107.886234156840388, -6.985582611088342 ], [ 107.885222982845121, -6.986096007740087 ], [ 107.882950694293825, -6.987246841489392 ], [ 107.880804210802083, -6.988338974700604 ], [ 107.878301904605806, -6.987418564936972 ], [ 107.875775997974372, -6.986488753354538 ], [ 107.874061195954326, -6.985873602875075 ], [ 107.873165786935715, -6.985369365867082 ], [ 107.87096956161254, -6.984248967057029 ], [ 107.869762676495796, -6.983629188412051 ], [ 107.868657954013955, -6.983042679242986 ], [ 107.867918479017533, -6.982452071066779 ], [ 107.86642268704567, -6.981281886816052 ], [ 107.865305549853829, -6.980487146842934 ], [ 107.864844230833739, -6.979978369299425 ], [ 107.86519434078906, -6.979597234814817 ], [ 107.865595082566259, -6.979125458396516 ], [ 107.865692938115458, -6.979005201586289 ], [ 107.865851370911415, -6.978746186813414 ], [ 107.866308030152382, -6.978491797177737 ], [ 107.866783328538276, -6.978001518555068 ], [ 107.867132812647256, -6.977612995509418 ], [ 107.867170090939652, -6.977543616360688 ], [ 107.868405564773639, -6.977430140740433 ], [ 107.868764368457221, -6.977194251498603 ], [ 107.869211708115429, -6.977041617219574 ], [ 107.869677686937507, -6.976754849653815 ], [ 107.869519254165326, -6.974793724825883 ], [ 107.869521114987606, -6.974157274339851 ], [ 107.869810021849801, -6.974000013759757 ], [ 107.870066310194943, -6.973768748103597 ], [ 107.870914391624254, -6.973389472190663 ], [ 107.872826254961595, -6.974488796336716 ], [ 107.873228298186618, -6.974365373155085 ], [ 107.87338579965575, -6.974381829581772 ], [ 107.874388835343737, -6.974130869029709 ], [ 107.875072723304996, -6.973703001536358 ], [ 107.875343065728572, -6.973602333645361 ], [ 107.875662213443348, -6.97315800920102 ], [ 107.87698439685046, -6.972347527413471 ], [ 107.878737636893874, -6.97149178879013 ], [ 107.879707480995265, -6.970924137657158 ], [ 107.881340020966462, -6.972070984652723 ], [ 107.881671881809339, -6.973654957681743 ], [ 107.881591796653652, -6.974399912635254 ], [ 107.881705169742887, -6.975294422621219 ], [ 107.882182506214704, -6.975874680687472 ], [ 107.882877492307898, -6.976240970034863 ], [ 107.884212110044658, -6.976269768680003 ], [ 107.884580995068092, -6.976125775512306 ], [ 107.885654491926488, -6.975660882986447 ], [ 107.886189167968283, -6.975344097557968 ], [ 107.886921735920708, -6.974895893893644 ], [ 107.887294765718551, -6.974928806707384 ], [ 107.887950598278522, -6.975119355536989 ], [ 107.888418957908314, -6.975452597508368 ], [ 107.889162125728916, -6.976919701180721 ], [ 107.889924566380586, -6.978061716174248 ], [ 107.890679266571524, -6.978712018199641 ], [ 107.890496896449989, -6.979069942011826 ], [ 107.890695950126272, -6.979732340606268 ], [ 107.890724963555229, -6.979818735846001 ], [ 107.891259482990733, -6.980732423870868 ], [ 107.891184877030213, -6.980876415621032 ], [ 107.891180732255293, -6.981040977566098 ], [ 107.890994217355697, -6.981147942798703 ], [ 107.890927900948455, -6.981703338810656 ], [ 107.891035665111886, -6.981937839166415 ], [ 107.891354812826648, -6.981999549762665 ], [ 107.891615933683568, -6.982159997274375 ], [ 107.892109487579958, -6.982164434517269 ], [ 107.892374753213417, -6.98202455720376 ], [ 107.892441069644477, -6.981909364102498 ], [ 107.893282459073021, -6.981962846622572 ], [ 107.893357065033683, -6.981732460337062 ], [ 107.8935808829103, -6.981670749705663 ], [ 107.894097530220023, -6.981636905955056 ], [ 107.894221873485392, -6.981780897426032 ], [ 107.894570034629169, -6.981813809755711 ], [ 107.894873532711784, -6.981942507636552 ], [ 107.89488182226853, -6.982086499013799 ], [ 107.894955873712618, -6.982265154969315 ], [ 107.895435634376454, -6.982091990328694 ], [ 107.895772089907581, -6.981850796613592 ], [ 107.895772089907553, -6.981702369651057 ], [ 107.896189543991682, -6.981318933112097 ], [ 107.896276773221388, -6.980842729241669 ], [ 107.896619459409422, -6.980589165937282 ], [ 107.897597672710432, -6.980354155924682 ], [ 107.897934128247144, -6.980150068189573 ], [ 107.897884282983924, -6.979859397619629 ], [ 107.898538502070224, -6.978838956955874 ], [ 107.898438811555607, -6.97801118178205 ], [ 107.898575886031267, -6.97733707008262 ], [ 107.8989061109029, -6.97717008813528 ], [ 107.899043185378616, -6.976972183529277 ], [ 107.899024493444784, -6.976786647914479 ], [ 107.900243814044771, -6.975487335028461 ], [ 107.900337273914204, -6.974627683195169 ], [ 107.900262506018137, -6.974306086420256 ], [ 107.900767189313584, -6.97412673427601 ], [ 107.901182664617593, -6.973878783838815 ], [ 107.902783463137609, -6.97101865693079 ], [ 107.903088765377561, -6.970962995537901 ], [ 107.903425220915281, -6.970826934336714 ], [ 107.903618371312348, -6.970932072549315 ], [ 107.903674447233755, -6.971037210738384 ], [ 107.904104362634442, -6.971315517594106 ], [ 107.904390972901084, -6.971247487044457 ], [ 107.904614044132614, -6.970702970506267 ], [ 107.904651428080712, -6.970282417311122 ], [ 107.904719965318534, -6.969954632940332 ], [ 107.904875731767646, -6.969731986822111 ], [ 107.905156111376087, -6.96961447910641 ], [ 107.905372570101648, -6.969312774110846 ], [ 107.9058149468175, -6.969065389188795 ], [ 107.906082865110648, -6.968916958173883 ], [ 107.906269784849684, -6.968731419338839 ], [ 107.90649408853983, -6.968199540946519 ], [ 107.907117154336404, -6.967803724069528 ], [ 107.907404332567424, -6.967319912488718 ], [ 107.907435485857206, -6.966670524031292 ], [ 107.907429255199034, -6.966447876353314 ], [ 107.907535176387228, -6.966429322375965 ], [ 107.907616174941225, -6.966466430330148 ], [ 107.907634866914591, -6.96652827691543 ], [ 107.907678481520932, -6.966639600749226 ], [ 107.907759480075256, -6.966676708686608 ], [ 107.907890323892744, -6.966757109210623 ], [ 107.907946399814151, -6.966744739899717 ], [ 107.908170703501142, -6.966676708686638 ], [ 107.908407468503299, -6.966522092257013 ], [ 107.908606849558709, -6.966441691693967 ], [ 107.908837383903943, -6.966429322374747 ], [ 107.909049226274419, -6.966590123492527 ], [ 107.909414332963237, -6.966692898581591 ], [ 107.909644867308444, -6.966680529270327 ], [ 107.909962630864882, -6.966593944075686 ], [ 107.910093474682355, -6.966581574761799 ], [ 107.910311547698882, -6.966575390099611 ], [ 107.911034304024412, -6.966297080429488 ], [ 107.911437133633925, -6.966471260290394 ], [ 107.911580438767899, -6.966421783015968 ], [ 107.912191043249223, -6.966279535825859 ], [ 107.912583574700434, -6.966131103927612 ], [ 107.912901338258237, -6.966063072625499 ], [ 107.913006934154069, -6.965338174753411 ], [ 107.913050548759045, -6.964744445690875 ], [ 107.913100394022493, -6.964472319619557 ], [ 107.912608172043534, -6.96445995024839 ], [ 107.911760802558717, -6.964558905204572 ], [ 107.911110302751069, -6.964567305381441 ], [ 107.910536670753018, -6.964876845810512 ], [ 107.909944758245061, -6.965297403855957 ], [ 107.909274665694795, -6.965322142559128 ], [ 107.90874505976781, -6.965680853516361 ], [ 107.908639138581947, -6.965458205368532 ], [ 107.908464680158104, -6.964814999013972 ], [ 107.908520756080875, -6.964375886477384 ], [ 107.908285939263308, -6.963575720931985 ], [ 107.908136403472383, -6.963334517683747 ], [ 107.907775025309661, -6.963390179983498 ], [ 107.907232958066231, -6.964138528026772 ], [ 107.906591911138904, -6.964022337591777 ], [ 107.90594627070864, -6.964145077084244 ], [ 107.905404203462666, -6.963866765969225 ], [ 107.904986749388513, -6.963730702704843 ], [ 107.904114457273209, -6.963650301659557 ], [ 107.903397931612176, -6.963464760746557 ], [ 107.902488255551646, -6.963804919045982 ], [ 107.901709423308077, -6.963835842516864 ], [ 107.901285738581578, -6.963823473142965 ], [ 107.901129972132367, -6.961955691899717 ], [ 107.900907466450022, -6.960671945829126 ], [ 107.900889476748986, -6.959993802581014 ], [ 107.901136961437118, -6.959243987072814 ], [ 107.90087527380031, -6.958984227325266 ], [ 107.900788044588992, -6.958736836957211 ], [ 107.900887735116726, -6.958452337872533 ], [ 107.901389871618463, -6.958277217319402 ], [ 107.901769941752718, -6.957664924997459 ], [ 107.901287850317956, -6.957207205952746 ], [ 107.901574460584655, -6.956904151587112 ], [ 107.901641912474105, -6.956289618565751 ], [ 107.901623220500724, -6.955572182020412 ], [ 107.901972137347002, -6.955454670758147 ], [ 107.903416050176432, -6.955215960231709 ], [ 107.903659045838097, -6.955729298950073 ], [ 107.904007962684332, -6.956292115453828 ], [ 107.904232266371324, -6.956137495602507 ], [ 107.904388032820464, -6.955692190145656 ], [ 107.905285247571797, -6.955556124512496 ], [ 107.905198018360579, -6.956353963387693 ], [ 107.905534473891706, -6.956539507117655 ], [ 107.905846006789957, -6.956520952748499 ], [ 107.906089002450372, -6.956162234789447 ], [ 107.905995542580783, -6.955778777358158 ], [ 107.905895852053135, -6.95608801724615 ], [ 107.90574631626221, -6.956118941223795 ], [ 107.905727624288843, -6.955562309315446 ], [ 107.905958158632757, -6.955314917144428 ], [ 107.906516114592094, -6.955378476887547 ], [ 107.906825552598946, -6.955786489981082 ], [ 107.906852132731913, -6.955774897787656 ], [ 107.907028268149489, -6.955695803927645 ], [ 107.907288277576257, -6.955629198559946 ], [ 107.907552480717769, -6.95546684795114 ], [ 107.907560868117315, -6.954834096269086 ], [ 107.907908945254007, -6.954501068726333 ], [ 107.90870574834743, -6.954184692347456 ], [ 107.909045438082842, -6.954621791244207 ], [ 107.909511554633326, -6.954330450006753 ], [ 107.911021286802679, -6.954809177209853 ], [ 107.912048743408604, -6.954805014366612 ], [ 107.912853933897594, -6.954613523556307 ], [ 107.913122330723709, -6.954305472942042 ], [ 107.913042650416685, -6.95396411932324 ], [ 107.913285885041162, -6.953722673930467 ], [ 107.913432664559679, -6.953268922767766 ], [ 107.914003007818536, -6.9529900112871 ], [ 107.914413990461711, -6.952656982436165 ], [ 107.914577544774204, -6.952386396331875 ], [ 107.914309955193175, -6.951263351880951 ], [ 107.914372860699601, -6.950980276332795 ], [ 107.914030741662543, -6.95008339116002 ], [ 107.913892349549556, -6.950029273652492 ], [ 107.913178932599365, -6.949705794684076 ], [ 107.912772143664611, -6.949585070919619 ], [ 107.912218938960692, -6.949073035260512 ], [ 107.911845699622148, -6.94878995839399 ], [ 107.911501816176113, -6.94867756018497 ], [ 107.909846174729338, -6.948564516118799 ], [ 107.908924850936984, -6.947899412567646 ], [ 107.908614517104766, -6.946975246917054 ], [ 107.908125893838218, -6.946922104195302 ], [ 107.906330111328515, -6.946694678820963 ], [ 107.905252012676527, -6.947186848459276 ], [ 107.904445018636267, -6.947615883809509 ], [ 107.903862094276462, -6.948323577425244 ], [ 107.903622084620338, -6.948968583687267 ], [ 107.90298326080962, -6.948968583687279 ], [ 107.902359768771944, -6.948922926238613 ], [ 107.902012237581459, -6.948795707206072 ], [ 107.901163879566582, -6.948455812635511 ], [ 107.900692699429285, -6.948216713369022 ], [ 107.900375842821532, -6.947952914296621 ], [ 107.899880115548584, -6.947410096499855 ], [ 107.89953752648529, -6.947157144208309 ], [ 107.899280518273443, -6.947091194306967 ], [ 107.898467934389785, -6.947081048165371 ], [ 107.897604232426403, -6.946654920921714 ], [ 107.897260115363451, -6.946800057944107 ], [ 107.896430110248858, -6.946730431576522 ], [ 107.895155877041034, -6.946916101863766 ], [ 107.89398044061187, -6.947167781747264 ], [ 107.893384239753544, -6.947144572976562 ], [ 107.893080294219516, -6.947167781747297 ], [ 107.892367191232395, -6.946842858867119 ], [ 107.892004794632783, -6.94637868293315 ], [ 107.891762188010873, -6.946221086517474 ], [ 107.890452884166578, -6.945594448071568 ], [ 107.889808836784667, -6.946227212016913 ], [ 107.889084043585427, -6.946900267187349 ], [ 107.888569674218232, -6.947097541795419 ], [ 107.889154184855215, -6.947841294255018 ], [ 107.889165875068571, -6.948444721001438 ], [ 107.888897000172179, -6.948885686210466 ], [ 107.888558609363443, -6.950261698204346 ], [ 107.8878104357387, -6.950737474600889 ], [ 107.887527328794562, -6.950211496239415 ], [ 107.887492258157408, -6.950049035880405 ], [ 107.886839114814393, -6.949898179776854 ], [ 107.885763615228953, -6.950025827248857 ], [ 107.885015441603016, -6.950362352234142 ], [ 107.883439549227646, -6.950797075008921 ], [ 107.883131990304449, -6.951325688150105 ], [ 107.883707903621271, -6.952401857872254 ], [ 107.882749108923178, -6.952861400385948 ], [ 107.88229791126264, -6.952411187034402 ], [ 107.881775925609261, -6.952172799966734 ], [ 107.880758877088198, -6.951639003657171 ], [ 107.879864723151201, -6.951407173583622 ], [ 107.878851125511758, -6.951227625716899 ], [ 107.877870703104506, -6.951188769905129 ], [ 107.876946518549232, -6.951304613737151 ], [ 107.875403175718489, -6.952113572959767 ], [ 107.874212062530788, -6.951495892012561 ], [ 107.873407174525155, -6.951721311735776 ], [ 107.871600461846029, -6.952360505325148 ], [ 107.869544475254671, -6.952427201391657 ], [ 107.870471956295717, -6.955663207596971 ], [ 107.869845790404341, -6.956014359463858 ], [ 107.868674143040224, -6.956180205257666 ], [ 107.86604723349447, -6.956260340059061 ], [ 107.864781846003737, -6.9552438352496 ], [ 107.865007393195881, -6.954163990176137 ], [ 107.862221358026787, -6.953327946114569 ], [ 107.860559302247069, -6.953279555019479 ], [ 107.859679557794678, -6.953801124936553 ], [ 107.858172637220051, -6.954313387047009 ], [ 107.85755763592465, -6.954889668065526 ], [ 107.856227367398049, -6.952186104983825 ], [ 107.857371722116682, -6.952501134819138 ], [ 107.857937392874675, -6.952045622887527 ], [ 107.857149193514203, -6.948636316618735 ], [ 107.856878231917904, -6.947993503662024 ], [ 107.855884563824787, -6.946891087770151 ], [ 107.855189997605933, -6.946061405529797 ], [ 107.854184639296989, -6.94455282956617 ], [ 107.852793818864953, -6.943357159099725 ], [ 107.852634738060772, -6.94306388991041 ], [ 107.852844951980458, -6.942533748988869 ], [ 107.853373327512742, -6.942234839488364 ], [ 107.853396053341754, -6.941772375350117 ], [ 107.85330515002461, -6.941236593157626 ], [ 107.853350601683772, -6.940999720837219 ], [ 107.853509682487825, -6.940779767859839 ], [ 107.853957877752208, -6.940593165725692 ], [ 107.854479177424167, -6.940263140361835 ], [ 107.855231870306525, -6.940329145440645 ], [ 107.855513797684665, -6.940186574432401 ], [ 107.855723913347248, -6.939811665264616 ], [ 107.856019139186685, -6.939587247671223 ], [ 107.856410113949039, -6.93938923205883 ], [ 107.856506067269279, -6.93933212016992 ], [ 107.857150818256244, -6.939510951475776 ], [ 107.857511120276868, -6.939689782712673 ], [ 107.857492157013795, -6.939755667888049 ], [ 107.857615418230907, -6.939878026046964 ], [ 107.857833495771331, -6.939943911197012 ], [ 107.857975720253549, -6.939887438212115 ], [ 107.858080018207517, -6.939793316556326 ], [ 107.858222242689649, -6.939670958375362 ], [ 107.858772177355192, -6.939379181046351 ], [ 107.8587816590085, -6.939030930440655 ], [ 107.860241830360309, -6.93885209895343 ], [ 107.860905544612365, -6.938099123522813 ], [ 107.861275328265506, -6.937355559102702 ], [ 107.862390262048976, -6.936655360036514 ], [ 107.863404796689181, -6.936391817543427 ], [ 107.864287635973696, -6.935851697195526 ], [ 107.865426178699551, -6.935252977736015 ], [ 107.867711252048608, -6.934857662763561 ], [ 107.868370453810442, -6.934575747983304 ], [ 107.868645421142233, -6.934622809335029 ], [ 107.870247816976089, -6.934425151625869 ], [ 107.871300278146464, -6.933738055134689 ], [ 107.871480429174539, -6.933559221629745 ], [ 107.871821767932104, -6.933756879701224 ], [ 107.872134661792089, -6.933851002563634 ], [ 107.874931743288087, -6.934396914790686 ], [ 107.876686731073008, -6.935055920081683 ], [ 107.877890898357933, -6.935093569125619 ], [ 107.878670481833709, -6.935037095539796 ], [ 107.879286787920265, -6.934886499327566 ], [ 107.879679533411334, -6.934735903068973 ], [ 107.880456425736455, -6.934510008586564 ], [ 107.881347699159591, -6.934312350830041 ], [ 107.882001931779101, -6.934302938553477 ], [ 107.882238972582698, -6.934378236757778 ], [ 107.882992898726883, -6.935310267611284 ], [ 107.88315408647415, -6.935705582202963 ], [ 107.883267866060649, -6.936147957663054 ], [ 107.883685057874587, -6.936985646224875 ], [ 107.88426629573928, -6.937886445167321 ], [ 107.884956251307997, -6.938494906791808 ], [ 107.885819504976922, -6.938979170326116 ], [ 107.886547053424422, -6.939017785291827 ], [ 107.888168896101661, -6.938170356969273 ], [ 107.889218285618711, -6.937884712830981 ], [ 107.890742754860923, -6.937805704825083 ], [ 107.891801924270396, -6.937954636332175 ], [ 107.892180950301181, -6.9381837849387 ], [ 107.893663769155822, -6.939080673671926 ], [ 107.894334168307026, -6.939247805467138 ], [ 107.895457919810099, -6.93953298443278 ], [ 107.896901219091887, -6.939902390250784 ], [ 107.897423622786349, -6.940092035441336 ], [ 107.898442724950471, -6.940477687169836 ], [ 107.899803408060521, -6.94193002427371 ], [ 107.900734007756512, -6.94292673064703 ], [ 107.90099114718403, -6.943087783615158 ], [ 107.902215676823232, -6.94387487115376 ], [ 107.902999179057659, -6.944020411138157 ], [ 107.90428009306045, -6.943282711443055 ], [ 107.904670546296757, -6.942332573473773 ], [ 107.905056087687882, -6.940481935785114 ], [ 107.905475469787731, -6.939919766420451 ], [ 107.906652544971337, -6.939217290349251 ], [ 107.908908637014349, -6.937880234177432 ], [ 107.909379743301088, -6.935850123484726 ], [ 107.909697618818058, -6.935686513173282 ], [ 107.91098637695103, -6.935021019344489 ], [ 107.911380529066662, -6.935001651151511 ], [ 107.91269683786318, -6.934974302040438 ], [ 107.91441722285083, -6.934910487505953 ], [ 107.916195719354974, -6.934953030520887 ], [ 107.91708699957185, -6.935477701098732 ], [ 107.917285976481665, -6.935739036432898 ], [ 107.917627551652586, -6.93633891339086 ], [ 107.917871833517168, -6.936632121929287 ], [ 107.918876575859287, -6.937635143791995 ], [ 107.919194460445226, -6.937826731993201 ], [ 107.919438550393579, -6.937888716394919 ], [ 107.91965993430162, -6.937916891120167 ], [ 107.920828012896322, -6.937963556779413 ], [ 107.921690842483386, -6.937873397661464 ], [ 107.922423112320232, -6.937704349271695 ], [ 107.923751523252534, -6.937177853423341 ], [ 107.924427027995605, -6.937093329109908 ], [ 107.925078265793786, -6.93711484523863 ], [ 107.925441562462808, -6.937199369548194 ], [ 107.92577647657842, -6.937419132681767 ], [ 107.925918389339373, -6.937700880140333 ], [ 107.92625119151991, -6.938271254616726 ], [ 107.92660881167815, -6.938631890680306 ], [ 107.926960755325894, -6.938908002478787 ], [ 107.927636260068823, -6.93933062226639 ], [ 107.927867765512772, -6.939631458586064 ], [ 107.928781049633088, -6.941791002458091 ], [ 107.929253635342675, -6.943186221501832 ], [ 107.92959422596897, -6.943569393308364 ], [ 107.93001229676949, -6.943898311063445 ], [ 107.930256386717758, -6.944242038207186 ], [ 107.93036424041702, -6.944501242116746 ], [ 107.930466417622952, -6.944923071138255 ], [ 107.930443711581475, -6.945311876386663 ], [ 107.930341534394032, -6.945723220718509 ], [ 107.930101163840803, -6.946093857145345 ], [ 107.92991951550745, -6.946268537369041 ], [ 107.929630013473698, -6.946392503939098 ], [ 107.929196108257443, -6.946432359857011 ], [ 107.928384367261131, -6.946460534071549 ], [ 107.927655070012293, -6.946691731365208 ], [ 107.927269067301793, -6.946793158470161 ], [ 107.927110125008852, -6.946911490065753 ], [ 107.927030653860825, -6.946996012614738 ], [ 107.926792240422003, -6.947339737495798 ], [ 107.926683273901489, -6.947396214477431 ], [ 107.926662476071272, -6.947757504007388 ], [ 107.926381705373728, -6.948149760896126 ], [ 107.926184981092902, -6.948347411095781 ], [ 107.926069737976846, -6.947705891234372 ], [ 107.926256918442562, -6.947334279102144 ], [ 107.92679766200736, -6.947148472925897 ], [ 107.926662476115069, -6.946787182927919 ], [ 107.927005640299015, -6.946322666808034 ], [ 107.92689116809197, -6.94585789954913 ], [ 107.925830478795845, -6.944959832865277 ], [ 107.925175347169059, -6.945228220789831 ], [ 107.92468659817952, -6.944970155481573 ], [ 107.924655193924494, -6.945094850858128 ], [ 107.924031259042991, -6.945528400382068 ], [ 107.924374423226894, -6.946034207654557 ], [ 107.924145647105661, -6.946220014271689 ], [ 107.924145647105661, -6.946818723981666 ], [ 107.924060435601533, -6.947701862385268 ], [ 107.922958150643083, -6.947278637429548 ], [ 107.921484174776808, -6.948340532822756 ], [ 107.921411034540213, -6.948628116836662 ], [ 107.921328540519113, -6.949027206426052 ], [ 107.921311130766895, -6.94957590530215 ], [ 107.921245844191873, -6.94999066938109 ], [ 107.921254912617798, -6.95057609610236 ], [ 107.921655336945051, -6.950947654817054 ], [ 107.922321699784135, -6.950803054071363 ], [ 107.922944098465763, -6.950755529122113 ], [ 107.923369764196948, -6.950993609537576 ], [ 107.923800655592856, -6.950963366400915 ], [ 107.924449168929428, -6.950310978256636 ], [ 107.925693966294503, -6.950077673666566 ], [ 107.926160325138326, -6.949283816204277 ], [ 107.926214976444967, -6.949467430933472 ], [ 107.92639789328544, -6.949730583986542 ], [ 107.926959820779544, -6.950003223752678 ], [ 107.927048103658137, -6.95011589626229 ], [ 107.927056511549807, -6.950236914854568 ], [ 107.926888353672737, -6.95040801006126 ], [ 107.926596880046631, -6.950700123668327 ], [ 107.926514196191263, -6.950843418169597 ], [ 107.926511393560773, -6.95104789752487 ], [ 107.926547855117988, -6.951180624623601 ], [ 107.926613677663894, -6.951229351538167 ], [ 107.926882452831848, -6.951446087637436 ], [ 107.926879203715558, -6.951474755578261 ], [ 107.926868013520519, -6.95163276247068 ], [ 107.926859410001157, -6.951745729957312 ], [ 107.926854247873393, -6.951817183765791 ], [ 107.926852177224717, -6.951885602623805 ], [ 107.926850169760144, -6.951986093413609 ], [ 107.926906092845243, -6.95207263505848 ], [ 107.926974346620327, -6.95217967233132 ], [ 107.92703190187639, -6.952220668829624 ], [ 107.927087885878962, -6.952260751313729 ], [ 107.927163530115962, -6.952314018452443 ], [ 107.927225723836813, -6.952358947925453 ], [ 107.927230752996039, -6.952361118129643 ], [ 107.92730918687262, -6.952395054527283 ], [ 107.927408315071446, -6.952438486331203 ], [ 107.92746514441626, -6.952425173883964 ], [ 107.927567247028691, -6.952401429721572 ], [ 107.927668668080472, -6.952377633706877 ], [ 107.927757683911764, -6.952356833015103 ], [ 107.927839491297178, -6.952337030749508 ], [ 107.927908809840929, -6.952320345291197 ], [ 107.92793299444061, -6.952332443579535 ], [ 107.928007220804375, -6.952368144137991 ], [ 107.928030687264325, -6.952421221728678 ], [ 107.928070613454736, -6.95251012439077 ], [ 107.928061058105015, -6.952600002639116 ], [ 107.928053849660188, -6.952668395209471 ], [ 107.928044126674195, -6.952762247811522 ], [ 107.928033900795484, -6.952856599577387 ], [ 107.928025351264068, -6.952939635755242 ], [ 107.928016537510487, -6.953020067155706 ], [ 107.928007799833395, -6.95309721456285 ], [ 107.928024237198258, -6.953145303447593 ], [ 107.928061258978872, -6.953258038906913 ], [ 107.928074034858241, -6.953271730933537 ], [ 107.928145951617822, -6.95334944209561 ], [ 107.928211877794212, -6.953421221414541 ], [ 107.928279766411052, -6.953495023894481 ], [ 107.928348429702339, -6.953569306217798 ], [ 107.928412000110839, -6.953637733955167 ], [ 107.928471413248786, -6.953702067547289 ], [ 107.928528841184658, -6.953764934694693 ], [ 107.928595241521933, -6.953836655201551 ], [ 107.928660216349854, -6.953889836336997 ], [ 107.928730084775282, -6.95394983156452 ], [ 107.928877866432188, -6.953994250239861 ], [ 107.929301564066705, -6.953849265735126 ], [ 107.929521969242387, -6.953759835822646 ], [ 107.929608844275094, -6.953761432785287 ], [ 107.929743081385936, -6.953964043503551 ], [ 107.929904641374065, -6.954497264360347 ], [ 107.929994853538133, -6.955191585672694 ], [ 107.93008663534701, -6.955328730116192 ], [ 107.930594099081475, -6.955461734507406 ], [ 107.931227243114577, -6.955848374039141 ], [ 107.931420298739567, -6.955913849226211 ], [ 107.931584396023879, -6.955856358821578 ], [ 107.931799901383968, -6.955721833499537 ], [ 107.932070179263178, -6.955662746115284 ], [ 107.932438593752835, -6.955745787842048 ], [ 107.932729785986524, -6.955830426510792 ], [ 107.933062342659923, -6.955822636963823 ], [ 107.933245745506412, -6.955779519152643 ], [ 107.933297227006577, -6.955745983075475 ], [ 107.933310097382332, -6.955731610469813 ], [ 107.933437192337365, -6.955538378733092 ], [ 107.933483152548661, -6.955480982760913 ], [ 107.933629553065899, -6.955295735709355 ], [ 107.93380330313137, -6.955169576037252 ], [ 107.9341330748601, -6.955061895208011 ], [ 107.934785298522087, -6.955028359093204 ], [ 107.935048117586305, -6.955053526384445 ], [ 107.935461043450033, -6.955176021438225 ], [ 107.936086606205436, -6.955566847987289 ], [ 107.93648054696412, -6.955760013025158 ], [ 107.937057534519568, -6.9559130580105 ], [ 107.937688788998358, -6.955946037387692 ], [ 107.938130692900543, -6.956054398186423 ], [ 107.9387239771753, -6.956242851686173 ], [ 107.939023013013582, -6.956300880890075 ], [ 107.939212863981837, -6.956239633518585 ], [ 107.939507132982911, -6.956037046000385 ], [ 107.939686840153939, -6.955865811831588 ], [ 107.940104512283597, -6.95541823428386 ], [ 107.940550662059735, -6.95504132654518 ], [ 107.94080696086759, -6.954749222839279 ], [ 107.940944137400322, -6.954705875353704 ], [ 107.941996914879255, -6.954009187281409 ], [ 107.942287525327984, -6.953312498176056 ], [ 107.943088074879654, -6.95320364041493 ], [ 107.943334819600608, -6.953677171514644 ], [ 107.943543181827437, -6.954270445446655 ], [ 107.944025704839135, -6.954923590181831 ], [ 107.94470016934055, -6.955669107496272 ], [ 107.945659764322954, -6.957351012229099 ], [ 107.946120485783354, -6.957950636788748 ], [ 107.947776417028024, -6.958494919874014 ], [ 107.948889517116541, -6.958519289381992 ], [ 107.949243023096727, -6.958522584841227 ], [ 107.94962194754909, -6.958521731266821 ], [ 107.949937339950367, -6.958521731256254 ], [ 107.949836414379675, -6.958794595740676 ], [ 107.949736816778966, -6.959073391882709 ], [ 107.949615971675456, -6.95942798344681 ], [ 107.949552893197122, -6.959607915498065 ], [ 107.94951816318374, -6.959785412428385 ], [ 107.949442467317709, -6.960153185260039 ], [ 107.949333110630121, -6.960410424949214 ], [ 107.949204961710691, -6.960710317920427 ], [ 107.949066887179427, -6.961034100615408 ], [ 107.948797830828269, -6.961238626266019 ], [ 107.948486264758245, -6.961484996584721 ], [ 107.948255362356704, -6.961663166874132 ], [ 107.947986616129356, -6.961742257512296 ], [ 107.94765729973922, -6.961842807222288 ], [ 107.947354523043387, -6.961932443233747 ], [ 107.946955542059115, -6.962064089754267 ], [ 107.946911041799268, -6.962099574750125 ], [ 107.946595283290975, -6.962360130052742 ], [ 107.946508301384355, -6.962570378968567 ], [ 107.946376832517586, -6.962886740820571 ], [ 107.946238059856242, -6.963224852327321 ], [ 107.946121715734549, -6.96353700677942 ], [ 107.946022782120352, -6.963809209265642 ], [ 107.94599821470122, -6.96385402709135 ], [ 107.945864753897652, -6.964112388592091 ], [ 107.945726645232298, -6.964379977132274 ], [ 107.945577734207689, -6.964683212539159 ], [ 107.945446725973468, -6.964967574750646 ], [ 107.94526147443321, -6.965183996185894 ], [ 107.944939442204202, -6.965313176581891 ], [ 107.944585516873445, -6.965452257660169 ], [ 107.944351407570494, -6.9655435122796 ], [ 107.944041327037056, -6.965646329251856 ], [ 107.943739214321695, -6.965745850795875 ], [ 107.943642243714493, -6.965799666394648 ], [ 107.943251157132181, -6.966015845545227 ], [ 107.94288356047322, -6.966221951875068 ], [ 107.942657778400104, -6.966434842242181 ], [ 107.942362305525535, -6.966710338433585 ], [ 107.942028985558778, -6.967024720252468 ], [ 107.94173816054996, -6.967297579779174 ], [ 107.941458623285612, -6.96756187111091 ], [ 107.94116514234338, -6.967819571473066 ], [ 107.94094536364338, -6.968011363743847 ], [ 107.940917476310474, -6.968035090606524 ], [ 107.940591919675697, -6.96815129155128 ], [ 107.940315718014006, -6.968238625026231 ], [ 107.940029677969221, -6.968320642614762 ], [ 107.939724595278918, -6.968406750411916 ], [ 107.939515799267781, -6.968465057856697 ], [ 107.93944209704307, -6.968567215119306 ], [ 107.939386322368819, -6.96872209865888 ], [ 107.939250732755127, -6.969031682018856 ], [ 107.939115280051524, -6.969341448751129 ], [ 107.939002402772545, -6.969593875540165 ], [ 107.938967203472217, -6.969698017859845 ], [ 107.938873872404386, -6.969968517437918 ], [ 107.938778922705296, -6.970239398033856 ], [ 107.938683962622861, -6.97050823957307 ], [ 107.93858237307191, -6.97082525515258 ], [ 107.938470831765827, -6.971175891323016 ], [ 107.938385773822148, -6.971447918317031 ], [ 107.93827877202051, -6.971769945390117 ], [ 107.938198429936392, -6.972057980246706 ], [ 107.938108769098008, -6.972383266043506 ], [ 107.938073577916953, -6.972540153769312 ], [ 107.938009171470995, -6.972809714736012 ], [ 107.938002525372227, -6.972869031276949 ], [ 107.937948742662186, -6.973249982262269 ], [ 107.937833857762271, -6.97354757542388 ], [ 107.937715004621296, -6.973855993155481 ], [ 107.937628686689919, -6.974046464794958 ], [ 107.93748261019222, -6.97438984082264 ], [ 107.937332510189094, -6.974847649992337 ], [ 107.937242833323069, -6.975123587305491 ], [ 107.937201215372625, -6.975438435794926 ], [ 107.937218723337836, -6.975616073193844 ], [ 107.937253250518523, -6.975968675037389 ], [ 107.937318320922515, -6.976344343984668 ], [ 107.937366791747763, -6.976634333860589 ], [ 107.937416704165983, -6.97678098517247 ], [ 107.937514252867928, -6.97706154209863 ], [ 107.937600057884623, -6.977313519906923 ], [ 107.937751002993963, -6.977579543273526 ], [ 107.937907084435977, -6.977868223226956 ], [ 107.938021357989228, -6.978080523792157 ], [ 107.938159661614065, -6.978335955079833 ], [ 107.938308083854366, -6.978504147867394 ], [ 107.938506615066743, -6.978726911794984 ], [ 107.938663979271041, -6.978907495502408 ], [ 107.938721745872058, -6.978945721228128 ], [ 107.938850558766319, -6.979034694918849 ], [ 107.938998627196284, -6.979107191989159 ], [ 107.939099625948415, -6.979106431577822 ], [ 107.939286035230083, -6.979105274733029 ], [ 107.939520632205699, -6.9791001039697 ], [ 107.939738965217728, -6.979095091011848 ], [ 107.939976635280999, -6.979090111215821 ], [ 107.9402236350099, -6.979083941403578 ], [ 107.940330839019296, -6.979095994817928 ], [ 107.940584913365413, -6.979124915905999 ], [ 107.940655956528559, -6.979137348631843 ], [ 107.940845929553149, -6.97917115416951 ], [ 107.941033571618334, -6.979204702629136 ], [ 107.941286535770658, -6.979249798812889 ], [ 107.941465478016923, -6.979344657325576 ], [ 107.941631401163718, -6.979432613760004 ], [ 107.94177787033307, -6.979555228101139 ], [ 107.941947073758399, -6.979696184674356 ], [ 107.94213770249101, -6.979855225680631 ], [ 107.942212697964692, -6.979922708106954 ], [ 107.942413516893978, -6.980106788750271 ], [ 107.942564252117407, -6.980244067148887 ], [ 107.942636123301099, -6.980309621426023 ], [ 107.942695537012867, -6.980400760166468 ], [ 107.942780512172703, -6.980531218678468 ], [ 107.942831404740403, -6.980610269373042 ], [ 107.942925922595762, -6.980714099962879 ], [ 107.943050618907961, -6.980850162437247 ], [ 107.943157506162507, -6.980967440087581 ], [ 107.943306002404981, -6.981127711565843 ], [ 107.943425600682033, -6.981253487933777 ], [ 107.94356149838768, -6.981393316792951 ], [ 107.943667168438211, -6.981494732882885 ], [ 107.943775946445498, -6.981599619439827 ], [ 107.943849366757291, -6.981657463723121 ], [ 107.944036282166763, -6.98180631717357 ], [ 107.944067361596368, -6.981816728715748 ], [ 107.9442942414383, -6.981890766244875 ], [ 107.944381358451253, -6.981956758076185 ], [ 107.944540640522462, -6.982078611484546 ], [ 107.944652396772412, -6.982163960204816 ], [ 107.944777491482014, -6.982259591929828 ], [ 107.94479187174143, -6.9822738535958 ], [ 107.944924717150073, -6.982414399562557 ], [ 107.944990760940783, -6.982483809651967 ], [ 107.94507218928932, -6.982548590650393 ], [ 107.94519883796427, -6.98264769282032 ], [ 107.945317002379355, -6.982741163525989 ], [ 107.945442485579179, -6.982836023919035 ], [ 107.945544274844053, -6.982913531784234 ], [ 107.94569134916452, -6.983024706045812 ], [ 107.945858968167684, -6.983151054070453 ], [ 107.946015533542123, -6.983269712503367 ], [ 107.946119078807499, -6.983348892344375 ], [ 107.946158654949798, -6.98336817289932 ], [ 107.946332892562353, -6.983455084606367 ], [ 107.94640557688399, -6.983477088347987 ], [ 107.946549885141962, -6.983521814433067 ], [ 107.946589899909398, -6.983534153974992 ], [ 107.946705864098831, -6.983635823951001 ], [ 107.946763361045001, -6.983685953329949 ], [ 107.946862829381317, -6.983778874753094 ], [ 107.947012663498953, -6.983919113772708 ], [ 107.947127941492425, -6.984026716317677 ], [ 107.947239177730935, -6.984131813972978 ], [ 107.947254717446299, -6.984152636923217 ], [ 107.947308329451872, -6.984223974817135 ], [ 107.94738764293318, -6.984328555813221 ], [ 107.947470003422737, -6.984436912233098 ], [ 107.947541874629053, -6.984570718904813 ], [ 107.947602819564906, -6.984687121120071 ] ] ] ] } },
{ "type": "Feature", "properties": { "layer": "Kawasan Pertanian" }, "geometry": { "type": "MultiPolygon", "coordinates": [ [ [ [ 107.844963301924182, -6.974073738990179 ], [ 107.845227696845797, -6.972810286904664 ], [ 107.845388724320813, -6.972852731402614 ], [ 107.845453688532658, -6.972388005197252 ], [ 107.845293270044891, -6.972327496974192 ], [ 107.845678972880364, -6.96952839454745 ], [ 107.845564132340954, -6.969530651813716 ], [ 107.845551624955718, -6.969520494113803 ], [ 107.844746460057536, -6.969562090698144 ], [ 107.844318442083079, -6.969344430818108 ], [ 107.843976871087193, -6.969455353659243 ], [ 107.843704462166343, -6.969326009027998 ], [ 107.843527662477499, -6.96919689603716 ], [ 107.843348337097964, -6.96917934669323 ], [ 107.84307554005639, -6.969208814629404 ], [ 107.84287599380869, -6.96933668161026 ], [ 107.842601954290274, -6.969485850939973 ], [ 107.842396108945266, -6.969478329794894 ], [ 107.842216783565917, -6.969352977401844 ], [ 107.842009675357545, -6.969186258688598 ], [ 107.841891367743315, -6.969026498032441 ], [ 107.841768870815386, -6.968909920211565 ], [ 107.841160360286452, -6.968613049512745 ], [ 107.840831806874704, -6.968503746686827 ], [ 107.840625195834548, -6.968409822538942 ], [ 107.84053679599009, -6.968412329591369 ], [ 107.840274122176339, -6.968478766466091 ], [ 107.839997556935458, -6.968615400813809 ], [ 107.839840962926132, -6.96874075338762 ], [ 107.83968563178162, -6.969233388674485 ], [ 107.839589654806858, -6.969240909819679 ], [ 107.839498729272407, -6.969154416636955 ], [ 107.839474735028674, -6.969041599421486 ], [ 107.839348449560219, -6.968673062988664 ], [ 107.839191417828602, -6.968511295625385 ], [ 107.83903048484305, -6.968386563061039 ], [ 107.838528731482739, -6.967972668621115 ], [ 107.83834247888224, -6.967890835922009 ], [ 107.837783629460773, -6.967688182041049 ], [ 107.837781899277061, -6.967576550630527 ], [ 107.838200603804708, -6.967804965642628 ], [ 107.838335558157382, -6.967631507635402 ], [ 107.838759453261929, -6.967871944453301 ], [ 107.839025901608949, -6.968115815953992 ], [ 107.83917296724897, -6.968230882043748 ], [ 107.839257746265289, -6.968284121568221 ], [ 107.839344255466202, -6.968339078490428 ], [ 107.839394430802514, -6.968366556948966 ], [ 107.839454987249866, -6.968387165783588 ], [ 107.83967991117585, -6.968383730978148 ], [ 107.839801024055873, -6.968311600023504 ], [ 107.839860256700888, -6.968265028425907 ], [ 107.839943305533581, -6.968220375920127 ], [ 107.840045386389875, -6.968170571196524 ], [ 107.840208023713387, -6.968120766462927 ], [ 107.840247817944473, -6.968108744629967 ], [ 107.840349898800753, -6.968084700965075 ], [ 107.840458900391965, -6.968081266156338 ], [ 107.840592802596859, -6.968084528467237 ], [ 107.840717375844349, -6.96811887655913 ], [ 107.840822917069602, -6.968165246478612 ], [ 107.840949480541241, -6.968230738636088 ], [ 107.841001386061322, -6.968253064888298 ], [ 107.841305898446677, -6.968345804697692 ], [ 107.84132659800386, -6.96835095690375 ], [ 107.841452901436597, -6.967940497243618 ], [ 107.841726904708509, -6.968003846009215 ], [ 107.841828264037204, -6.967498358752884 ], [ 107.84194591654979, -6.96753098947986 ], [ 107.842003012620921, -6.967269943591428 ], [ 107.841789608893762, -6.96721467963083 ], [ 107.841517970004787, -6.96697939469612 ], [ 107.841509869653081, -6.966503656925983 ], [ 107.841682888053143, -6.966488200231386 ], [ 107.841714031365768, -6.966594679670065 ], [ 107.841906081789574, -6.966579222979949 ], [ 107.841893970502156, -6.96632332879406 ], [ 107.841982209885842, -6.966278676101972 ], [ 107.841955281709389, -6.966032244890464 ], [ 107.841330475009229, -6.966066767056825 ], [ 107.841339125929224, -6.965889873581786 ], [ 107.841837418922097, -6.965864112390596 ], [ 107.841826020106126, -6.965144378196793 ], [ 107.841974815929973, -6.965163269765827 ], [ 107.84199643802323, -6.964991014167509 ], [ 107.842174646974527, -6.964985861918985 ], [ 107.842181148012656, -6.964811947632591 ], [ 107.842697416722331, -6.964729602006249 ], [ 107.84269959535888, -6.964300990053579 ], [ 107.842930252029149, -6.964293508753891 ], [ 107.843139725691131, -6.9643025292836 ], [ 107.843161847767618, -6.964309848901864 ], [ 107.843155395495103, -6.964495584189788 ], [ 107.84304939388376, -6.964502903805797 ], [ 107.843063069852363, -6.964728239944683 ], [ 107.84364746137193, -6.964742879158393 ], [ 107.843649382929101, -6.964988139701783 ], [ 107.843637194691425, -6.965218206131739 ], [ 107.844320310648001, -6.965193448844412 ], [ 107.844346671428966, -6.964846848514715 ], [ 107.844549955918268, -6.964853028740447 ], [ 107.844573657770539, -6.96469752131848 ], [ 107.844830586903655, -6.964798279282551 ], [ 107.844800244065311, -6.964992490373454 ], [ 107.845076572978556, -6.965080286033758 ], [ 107.844938592491602, -6.96565960374401 ], [ 107.845058306960183, -6.965732968877327 ], [ 107.845337704926592, -6.965663057220811 ], [ 107.845613198778281, -6.965985871038948 ], [ 107.845963573481427, -6.966174735913331 ], [ 107.846027312496631, -6.966006936842589 ], [ 107.846067495790024, -6.966011063050376 ], [ 107.846115409922561, -6.966010095631595 ], [ 107.846167816347275, -6.965962017977595 ], [ 107.846166792596648, -6.965879706270788 ], [ 107.846150848399489, -6.965816827635253 ], [ 107.846672871833007, -6.965776179857761 ], [ 107.846561007868573, -6.965509920975398 ], [ 107.846951904591378, -6.965170397222941 ], [ 107.84693842522303, -6.965238411667103 ], [ 107.846792398726805, -6.96563088826851 ], [ 107.846787800041568, -6.9659736092702 ], [ 107.846823745021425, -6.966090561215707 ], [ 107.847000100095968, -6.966109516025138 ], [ 107.847040538200929, -6.965875368331591 ], [ 107.847493176988579, -6.965915507937209 ], [ 107.847520044135663, -6.965485691351477 ], [ 107.847714371702466, -6.965471196478011 ], [ 107.847577331479982, -6.965399927438056 ], [ 107.847346968789367, -6.965166031743342 ], [ 107.847537926524524, -6.964792366031587 ], [ 107.84770417207227, -6.964774526160588 ], [ 107.847690241223091, -6.964391698873134 ], [ 107.848042951372065, -6.964254554736473 ], [ 107.848119528446574, -6.964328339960868 ], [ 107.848189984994178, -6.96442974369876 ], [ 107.848187345187682, -6.964493910832234 ], [ 107.84815364676588, -6.964609870046364 ], [ 107.848114331939612, -6.964686804508295 ], [ 107.848108715536881, -6.964722484255436 ], [ 107.848477890328581, -6.964684672365909 ], [ 107.848446651976303, -6.964561300704345 ], [ 107.84871990329755, -6.964456239238245 ], [ 107.848695908143696, -6.964312707687538 ], [ 107.849320198188792, -6.963966142179823 ], [ 107.849245754842016, -6.963751027108024 ], [ 107.849562676754118, -6.963336120348798 ], [ 107.850438164365428, -6.962643187337262 ], [ 107.850464803395326, -6.962690196361719 ], [ 107.85087918829629, -6.962931117534412 ], [ 107.850937404809841, -6.963012409196093 ], [ 107.850975883408722, -6.963100551043004 ], [ 107.850984763081385, -6.963232763780057 ], [ 107.850993642761082, -6.963388480957778 ], [ 107.85102863017643, -6.963543399149606 ], [ 107.850573591789285, -6.963771816122529 ], [ 107.850597814365599, -6.963838795515645 ], [ 107.850528607005572, -6.963866274237945 ], [ 107.850513035349266, -6.96380272969024 ], [ 107.850450748725592, -6.96383020841455 ], [ 107.850559884659702, -6.964273302609434 ], [ 107.850961569510829, -6.964347762308836 ], [ 107.851112095539833, -6.96409873657463 ], [ 107.851558483025215, -6.964413024193806 ], [ 107.852042934569283, -6.964711854844814 ], [ 107.852650649002811, -6.964584349224918 ], [ 107.853194508247697, -6.964195520108777 ], [ 107.854433320024683, -6.963994582039507 ], [ 107.854790520467603, -6.963820051630631 ], [ 107.854795124299869, -6.963874890045869 ], [ 107.855447717388088, -6.963657821258742 ], [ 107.855450619358251, -6.963498455139518 ], [ 107.855535790235379, -6.963455041359944 ], [ 107.855611923186302, -6.962824120102413 ], [ 107.855573514603876, -6.962359863020048 ], [ 107.855719843868187, -6.96196175352563 ], [ 107.856201098495262, -6.961230490890401 ], [ 107.856270249924421, -6.960162342014667 ], [ 107.855660134165248, -6.960072213267015 ], [ 107.854466568329485, -6.960030616961626 ], [ 107.853591833702552, -6.960048069999125 ], [ 107.853077542490908, -6.960109155625642 ], [ 107.852752264280952, -6.959973894566761 ], [ 107.852299512189305, -6.959594290790685 ], [ 107.851366213061183, -6.959744404775048 ], [ 107.850890345693472, -6.960044723606513 ], [ 107.850460088649896, -6.960595559157147 ], [ 107.849959895816454, -6.960834002835342 ], [ 107.849894521064584, -6.961128284448256 ], [ 107.849633022092419, -6.961264193582206 ], [ 107.849088739289655, -6.961965941083604 ], [ 107.848956469465548, -6.962438299553235 ], [ 107.848790752069334, -6.962738616659263 ], [ 107.848532293769395, -6.96313702702578 ], [ 107.848465398686983, -6.963150609186133 ], [ 107.84843651217119, -6.963150609184973 ], [ 107.848051865378082, -6.963054024886856 ], [ 107.847825334258587, -6.963046479222653 ], [ 107.847752586377567, -6.963052226404344 ], [ 107.84758686898455, -6.963138246796682 ], [ 107.847361858215393, -6.963358579645089 ], [ 107.847152071437023, -6.963452247542371 ], [ 107.847035005021112, -6.963515630935745 ], [ 107.846872328314831, -6.963618251651131 ], [ 107.846724855037834, -6.963751054896378 ], [ 107.846700529568096, -6.96378878307339 ], [ 107.846582854237738, -6.963489665627686 ], [ 107.845939749129187, -6.963577195044117 ], [ 107.846006644223792, -6.963913730496048 ], [ 107.845868293004855, -6.963872984063339 ], [ 107.845863270353405, -6.963888415029102 ], [ 107.84587802816597, -6.964015372494625 ], [ 107.844859446862543, -6.96421308588477 ], [ 107.844930700085584, -6.964440057479431 ], [ 107.844608332125517, -6.964460769869998 ], [ 107.844398246283447, -6.963768000646704 ], [ 107.844119781692029, -6.963765931860931 ], [ 107.844125190933426, -6.963960570337577 ], [ 107.843612665245814, -6.963876003280173 ], [ 107.843631346280816, -6.963795776009219 ], [ 107.843509638330161, -6.963786379667956 ], [ 107.843544462600448, -6.963365634197382 ], [ 107.843698626006031, -6.963380399890179 ], [ 107.843716206042657, -6.96323945462014 ], [ 107.844021637200399, -6.963263642203854 ], [ 107.844026900272084, -6.96321113405493 ], [ 107.843951455404735, -6.96319848935203 ], [ 107.843961616340508, -6.96314523701304 ], [ 107.844044217007607, -6.963156695348332 ], [ 107.844043559122966, -6.963172368099833 ], [ 107.844046190657195, -6.963195224196014 ], [ 107.844054245706417, -6.963220512537672 ], [ 107.844064789297491, -6.963238114150011 ], [ 107.844061321982807, -6.963270322787653 ], [ 107.84421860995316, -6.963286161806875 ], [ 107.844248849969986, -6.963121446276168 ], [ 107.844049245452482, -6.963097660311041 ], [ 107.844098436166519, -6.962800140397515 ], [ 107.844015650664076, -6.962776276379876 ], [ 107.843785599373007, -6.962768203009177 ], [ 107.843838737895965, -6.962622991976832 ], [ 107.844117547861046, -6.962711180458962 ], [ 107.844228382302106, -6.9627461352202 ], [ 107.84436202085989, -6.962456747099971 ], [ 107.844483015770265, -6.962190653623693 ], [ 107.844682733653784, -6.962308888200965 ], [ 107.844883250367303, -6.962427276124371 ], [ 107.845008870523785, -6.962221799590555 ], [ 107.845151208999965, -6.961990733407712 ], [ 107.845206130682328, -6.961898163298172 ], [ 107.845385782011377, -6.96166481871794 ], [ 107.845562147533656, -6.961436472667046 ], [ 107.845735158297146, -6.961210029402056 ], [ 107.845755826400477, -6.961182704166896 ], [ 107.845841133639013, -6.961043317798572 ], [ 107.845650519359822, -6.960881840326556 ], [ 107.845748766479431, -6.96068181607225 ], [ 107.845861391223167, -6.960447760888657 ], [ 107.845954845779445, -6.960255569146491 ], [ 107.845971369695988, -6.960227356113442 ], [ 107.846138833279738, -6.960038755408306 ], [ 107.846247202035968, -6.960115526034607 ], [ 107.846341052258836, -6.960001025061689 ], [ 107.84643544414395, -6.960075987158026 ], [ 107.846496875002245, -6.960126398294995 ], [ 107.846621133756813, -6.960305278248216 ], [ 107.84673245341591, -6.960375384914918 ], [ 107.846883685414426, -6.960396859096824 ], [ 107.847020440962211, -6.960377519007458 ], [ 107.847008336008685, -6.96045221289268 ], [ 107.847237032937159, -6.960485792214915 ], [ 107.847490689009717, -6.960520294698333 ], [ 107.847737561150154, -6.960555580165821 ], [ 107.847497148159292, -6.960762650019474 ], [ 107.847445230166798, -6.960810471086917 ], [ 107.847690511840256, -6.960998132116328 ], [ 107.847645714045271, -6.961034835518408 ], [ 107.847566784617939, -6.961083538130864 ], [ 107.847464389656423, -6.961096948987405 ], [ 107.847729909972259, -6.961523196402003 ], [ 107.84826437790413, -6.961801489895493 ], [ 107.848396725950067, -6.961802288719756 ], [ 107.848396725950096, -6.961791469828603 ], [ 107.84865571285917, -6.961705949074989 ], [ 107.848665716840642, -6.961681558257432 ], [ 107.848945334819476, -6.960557540117787 ], [ 107.849336411022676, -6.960594637132867 ], [ 107.849728683864114, -6.960518524260633 ], [ 107.849763386871544, -6.960376760590187 ], [ 107.849954352779562, -6.960201306047443 ], [ 107.849936157767928, -6.960196553172572 ], [ 107.849959619756589, -6.960173264084774 ], [ 107.849934031755964, -6.95993938739584 ], [ 107.849705938400078, -6.959714423474442 ], [ 107.849704552423091, -6.95956404860914 ], [ 107.836087646921442, -6.959562598464616 ], [ 107.836120676217973, -6.959688654709575 ], [ 107.836311155538226, -6.959686704089891 ], [ 107.836354200813915, -6.960057763051907 ], [ 107.835933987664035, -6.960059371185893 ], [ 107.83593495797021, -6.959923971671015 ], [ 107.835921912427096, -6.959924272819567 ], [ 107.835908195331484, -6.959725613414382 ], [ 107.835797803621801, -6.959707852334942 ], [ 107.835665034238104, -6.959708850775508 ], [ 107.83566507222821, -6.959654825431974 ], [ 107.835489420396328, -6.959654024478165 ], [ 107.835441396601212, -6.959833190944387 ], [ 107.835243312922159, -6.959946244048612 ], [ 107.835048989270661, -6.96005723806042 ], [ 107.834977180590002, -6.960098277739582 ], [ 107.83477885191725, -6.960157831574043 ], [ 107.834620969769688, -6.960205328201709 ], [ 107.834623390586614, -6.960508527759983 ], [ 107.834632077957991, -6.960663747938018 ], [ 107.834763787583199, -6.96107454097503 ], [ 107.834907524118876, -6.961185860397808 ], [ 107.834998346639622, -6.961228193118682 ], [ 107.835138924108222, -6.961249359477473 ], [ 107.835300057751397, -6.961232674716947 ], [ 107.835431947844427, -6.961191125936906 ], [ 107.835525139661755, -6.961089213836095 ], [ 107.835620700749189, -6.960966135326102 ], [ 107.835957928739063, -6.960727033687012 ], [ 107.836133255701171, -6.960589060235704 ], [ 107.836443853993842, -6.960447515934743 ], [ 107.836708423948778, -6.960309542402216 ], [ 107.836936538483826, -6.960218304144165 ], [ 107.836976401438804, -6.960201911206868 ], [ 107.837228107455331, -6.960125033943234 ], [ 107.837443936819412, -6.960071898203661 ], [ 107.837562306231234, -6.960043284300681 ], [ 107.837823693246122, -6.960000888738925 ], [ 107.838113321738618, -6.95990491771815 ], [ 107.838200128192582, -6.9598756802362 ], [ 107.838542949519493, -6.959707793743811 ], [ 107.838682384590129, -6.959578721945702 ], [ 107.838879421442755, -6.959799744311032 ], [ 107.838437461279696, -6.96015923669077 ], [ 107.838556212663505, -6.960290275665219 ], [ 107.838218322496132, -6.960476454084791 ], [ 107.838067290462064, -6.960680064844462 ], [ 107.837625421777773, -6.961469987732673 ], [ 107.837309258683518, -6.961551128929687 ], [ 107.837007902409724, -6.96167834319865 ], [ 107.836360089707753, -6.961161065793384 ], [ 107.83629353015165, -6.961142986210715 ], [ 107.836018617763841, -6.961491627097219 ], [ 107.835686456073873, -6.961792034897389 ], [ 107.835643041698276, -6.96197447689645 ], [ 107.834516498822282, -6.961825266137863 ], [ 107.834366177007794, -6.961845518408956 ], [ 107.834260806653063, -6.961974383282264 ], [ 107.834206342922599, -6.962154803477349 ], [ 107.834221559492917, -6.962362343445059 ], [ 107.834242838990818, -6.962649892905013 ], [ 107.834289020953534, -6.962984699038141 ], [ 107.834320344808603, -6.963210833647565 ], [ 107.834269446265125, -6.963192160047765 ], [ 107.83414381055384, -6.963177212802345 ], [ 107.834019534070563, -6.963189873299497 ], [ 107.833924164165978, -6.963205805216329 ], [ 107.833811538603015, -6.963206835588867 ], [ 107.833739914975439, -6.963176954936978 ], [ 107.833659320229529, -6.963091481721392 ], [ 107.833640116790505, -6.963076026205971 ], [ 107.833650147757183, -6.963411354274726 ], [ 107.833475382648686, -6.963447994863962 ], [ 107.833325417653384, -6.963478591303971 ], [ 107.833174447054503, -6.963510429024984 ], [ 107.833178871081614, -6.963364140088825 ], [ 107.833181912583541, -6.963242721465304 ], [ 107.833185366235398, -6.963126478461866 ], [ 107.83318873150013, -6.96301488384518 ], [ 107.833190687924358, -6.962940591599413 ], [ 107.833152530532061, -6.96293812142726 ], [ 107.833083957800071, -6.962963372065133 ], [ 107.833009301981008, -6.962983133432028 ], [ 107.832909245758913, -6.962983505424197 ], [ 107.832780601601897, -6.962955165870532 ], [ 107.832646175825971, -6.962932780999076 ], [ 107.832538788648051, -6.962913834853121 ], [ 107.832445181803976, -6.962848382262576 ], [ 107.832281327122828, -6.962735102463174 ], [ 107.832178771227362, -6.962664208165143 ], [ 107.832106134926804, -6.962613824463835 ], [ 107.832017930503469, -6.962552893512224 ], [ 107.831965534611996, -6.962517356839038 ], [ 107.831968354480821, -6.962484816625209 ], [ 107.831966872659905, -6.962477301825012 ], [ 107.831965485247864, -6.962472533176739 ], [ 107.831936017763582, -6.962411018507689 ], [ 107.831919649443165, -6.962377078494161 ], [ 107.831910094072583, -6.962367759987366 ], [ 107.831863815633099, -6.962338368843307 ], [ 107.831794245835226, -6.962337703236428 ], [ 107.831773330129082, -6.962337619240337 ], [ 107.83173088091047, -6.962313320518723 ], [ 107.831716128758899, -6.96229751233597 ], [ 107.831720819931689, -6.962236345952611 ], [ 107.831717379252723, -6.962232726034647 ], [ 107.831709413542285, -6.962173756373272 ], [ 107.831709274596477, -6.962088563845224 ], [ 107.831712627359153, -6.96200535116276 ], [ 107.831716811745423, -6.96190900116255 ], [ 107.831718655720991, -6.961867733465213 ], [ 107.831849712968904, -6.961851740433167 ], [ 107.831911736300427, -6.961844688204219 ], [ 107.832016587227486, -6.961830676198762 ], [ 107.832004802971994, -6.961753605349549 ], [ 107.831996825480871, -6.961700315011534 ], [ 107.831986264263335, -6.961629926934874 ], [ 107.831974697197694, -6.961554213978178 ], [ 107.831962291953573, -6.961469681684713 ], [ 107.831951218740869, -6.961397316462751 ], [ 107.831939934038161, -6.96132171735486 ], [ 107.831927864093089, -6.961240845867023 ], [ 107.831926896303344, -6.961235335569966 ], [ 107.831892027578775, -6.961194899823466 ], [ 107.831873292252681, -6.961173666724683 ], [ 107.831860216481189, -6.961105441781717 ], [ 107.831855819569441, -6.961080828521943 ], [ 107.831872630511057, -6.960978961090585 ], [ 107.831895097999407, -6.960925676596536 ], [ 107.831934344647948, -6.960899180173032 ], [ 107.83211668967671, -6.960902508230295 ], [ 107.832227805335165, -6.960892848849326 ], [ 107.832280611287402, -6.960838601663601 ], [ 107.832293184117205, -6.960759523421364 ], [ 107.832292848806162, -6.960683810319773 ], [ 107.832324214325368, -6.960581997382949 ], [ 107.832342319236503, -6.960576006895019 ], [ 107.832349903104529, -6.960523155120516 ], [ 107.832371542198018, -6.960450854037995 ], [ 107.832378415323902, -6.96036033103212 ], [ 107.832383612093807, -6.960298595685405 ], [ 107.832386126653105, -6.96020657503668 ], [ 107.832387295834721, -6.960177271356112 ], [ 107.832378373941495, -6.960100673585433 ], [ 107.832377847954504, -6.960097127152729 ], [ 107.832333353081737, -6.960026989534759 ], [ 107.8322658071815, -6.960009687738922 ], [ 107.83215914660606, -6.960010353368436 ], [ 107.832061429193772, -6.960037965911311 ], [ 107.831975370879277, -6.960084285409032 ], [ 107.831951566233002, -6.960097098437762 ], [ 107.831893592527564, -6.960008073015721 ], [ 107.831869452648547, -6.959970965220578 ], [ 107.83194036527739, -6.959898746430264 ], [ 107.831963499316572, -6.959875616441979 ], [ 107.831904155410996, -6.959802399219075 ], [ 107.831888477189906, -6.959782882474587 ], [ 107.831953856026644, -6.959708666828254 ], [ 107.831923513512166, -6.959629791897226 ], [ 107.831898277290762, -6.959563420489097 ], [ 107.831542197773118, -6.959563718209234 ], [ 107.831569807097878, -6.959746861877143 ], [ 107.831467887263003, -6.959792288491951 ], [ 107.831393791207987, -6.959824903453908 ], [ 107.83132357400298, -6.959615277550871 ], [ 107.831301678550005, -6.959549280622944 ], [ 107.831284294868581, -6.959260469529089 ], [ 107.831276922812506, -6.959140662622095 ], [ 107.831124320924815, -6.959145907329896 ], [ 107.831078728598413, -6.959147512008536 ], [ 107.830910515564725, -6.959164459429054 ], [ 107.830732506404061, -6.959181406836371 ], [ 107.830700254333138, -6.959192220597735 ], [ 107.830366167563739, -6.959101739061261 ], [ 107.830440525466258, -6.959079275116973 ], [ 107.83049428485954, -6.958987035418252 ], [ 107.830538529132127, -6.958852344371905 ], [ 107.830634370400375, -6.958740044005818 ], [ 107.830763914574348, -6.958677772889427 ], [ 107.830777649770042, -6.958671395701861 ], [ 107.830960495563374, -6.958602622112218 ], [ 107.831097116815116, -6.958557541818289 ], [ 107.831143241610761, -6.958542528335997 ], [ 107.83126410479538, -6.958481426588701 ], [ 107.831327261173357, -6.958410145246222 ], [ 107.831338565011166, -6.95839804871887 ], [ 107.831382520209587, -6.958276828773511 ], [ 107.831391603130911, -6.958156761122741 ], [ 107.831399578374544, -6.958055605202374 ], [ 107.831405559805319, -6.9579594031057 ], [ 107.831412427375668, -6.957849231068521 ], [ 107.831412484346544, -6.95783245595754 ], [ 107.831480210129499, -6.957833620792669 ], [ 107.831520645993294, -6.9576822902482 ], [ 107.831545456388739, -6.957590601886242 ], [ 107.831563058342212, -6.957525704499488 ], [ 107.831609330758496, -6.957436469189048 ], [ 107.831622071222228, -6.957412174275083 ], [ 107.831616256954831, -6.957325521050183 ], [ 107.831614943591006, -6.957297039419473 ], [ 107.831678011893274, -6.957270236378322 ], [ 107.831765067782214, -6.957218651863494 ], [ 107.831775461349324, -6.957212328535211 ], [ 107.831845031144852, -6.957158746533408 ], [ 107.831948463794362, -6.957079538366338 ], [ 107.832044017454123, -6.957006487147471 ], [ 107.832118953414721, -6.956948745942737 ], [ 107.832258261592941, -6.956845906452029 ], [ 107.832359178931, -6.956771855986288 ], [ 107.832393043181597, -6.95674689951786 ], [ 107.832537441309796, -6.956723079238997 ], [ 107.832548875689511, -6.956721082412399 ], [ 107.832638059138787, -6.956687968035618 ], [ 107.832755341375616, -6.956644375278549 ], [ 107.832836528717877, -6.95664205997595 ], [ 107.832903559820878, -6.956729694931998 ], [ 107.832953796785986, -6.956732258425849 ], [ 107.833017614912336, -6.956737721095738 ], [ 107.833069415069886, -6.956707102800648 ], [ 107.83312657962729, -6.956731896985726 ], [ 107.833144349261843, -6.95674803816303 ], [ 107.833188940977692, -6.956807610761399 ], [ 107.833113654034165, -6.956930286254608 ], [ 107.83312859054459, -6.957099391998008 ], [ 107.833327027480891, -6.95714948934847 ], [ 107.833395423803452, -6.957166795343077 ], [ 107.833427299341182, -6.957183447804146 ], [ 107.833457809467546, -6.957202750637173 ], [ 107.833459955731499, -6.957271765146035 ], [ 107.83357166737251, -6.957252795128951 ], [ 107.833607631421231, -6.957272433031355 ], [ 107.833650243564279, -6.957287486139656 ], [ 107.833678647012562, -6.957311775068514 ], [ 107.833714018641061, -6.957354707238072 ], [ 107.833779930434517, -6.957354714704521 ], [ 107.833860936544397, -6.957359041211709 ], [ 107.833965207413769, -6.957355213924711 ], [ 107.834023833264652, -6.957352385064739 ], [ 107.83403037110341, -6.957261559457761 ], [ 107.834032397756658, -6.957243347096417 ], [ 107.834126945175129, -6.957259315254777 ], [ 107.834133634730463, -6.957364528949838 ], [ 107.834189872936818, -6.95738486606064 ], [ 107.834261939225897, -6.957416482761286 ], [ 107.834284235089186, -6.957414818725584 ], [ 107.834302713817706, -6.957370478530876 ], [ 107.834377056653082, -6.957383845277774 ], [ 107.834413459513911, -6.957368853305372 ], [ 107.834443802001942, -6.957368853305384 ], [ 107.834504811485729, -6.957327526815027 ], [ 107.834561640755581, -6.957339008673053 ], [ 107.834607428962215, -6.957343811413942 ], [ 107.834624695682422, -6.957358122130423 ], [ 107.834663948296523, -6.95735078564127 ], [ 107.834728215498075, -6.957316217314704 ], [ 107.834773482649069, -6.957304898640549 ], [ 107.834820062633597, -6.957266792217756 ], [ 107.834856561296874, -6.957230935202894 ], [ 107.834896663420693, -6.957211072337759 ], [ 107.83492784409431, -6.957183782143339 ], [ 107.834990577226804, -6.95716564414455 ], [ 107.835005213544449, -6.957158097500578 ], [ 107.835148143244737, -6.957097866815831 ], [ 107.835217210095607, -6.957003349492224 ], [ 107.835279906707484, -6.956917984349712 ], [ 107.835289126780836, -6.956905337667329 ], [ 107.835351320503904, -6.956835281647363 ], [ 107.83539675042347, -6.95678286444964 ], [ 107.835469761956418, -6.95677459725973 ], [ 107.835484261426387, -6.956678842436349 ], [ 107.835508075282121, -6.956615424118146 ], [ 107.835553337555453, -6.956540875155633 ], [ 107.835642185689395, -6.956469321486492 ], [ 107.835759030409406, -6.956375302221068 ], [ 107.835840837791821, -6.956323384171611 ], [ 107.835936391431758, -6.95626281309185 ], [ 107.835955669783701, -6.956250665609846 ], [ 107.836082451736445, -6.956206865747894 ], [ 107.836119835011118, -6.956193886255599 ], [ 107.836160641126412, -6.956114728351908 ], [ 107.836213782367068, -6.956045005038656 ], [ 107.83623592999966, -6.955887617491107 ], [ 107.836321575867132, -6.955766206414303 ], [ 107.83644584632583, -6.955627569931611 ], [ 107.836471317492396, -6.955599507891022 ], [ 107.836653212748246, -6.955478746059168 ], [ 107.836811398527658, -6.955414519193925 ], [ 107.836958619884015, -6.955477586314577 ], [ 107.837101462446327, -6.955545128282318 ], [ 107.837845153195659, -6.955897875035767 ], [ 107.837997288306227, -6.955865223068217 ], [ 107.838159790709611, -6.955779424429366 ], [ 107.83823679924059, -6.95552042669569 ], [ 107.838243465954591, -6.955178081953203 ], [ 107.838218567458867, -6.954974648762246 ], [ 107.838269095802531, -6.954796734918946 ], [ 107.838540483329012, -6.954449597448083 ], [ 107.838689257083573, -6.954304230023395 ], [ 107.838796132010501, -6.954051999435897 ], [ 107.83903360604269, -6.95399143973959 ], [ 107.839328600108274, -6.953951690014257 ], [ 107.839547454773765, -6.954027750301838 ], [ 107.83978652059605, -6.954187523694269 ], [ 107.840182457668305, -6.954315951250043 ], [ 107.840408892576832, -6.954238348791502 ], [ 107.8404983625705, -6.954091239583616 ], [ 107.840532186707961, -6.953889802921663 ], [ 107.840494007193769, -6.953649256932757 ], [ 107.840534400845527, -6.953457175564136 ], [ 107.840548176963239, -6.953165446576462 ], [ 107.840695860811437, -6.953011358011573 ], [ 107.840796229672932, -6.952888284746156 ], [ 107.840909414003477, -6.952807784329742 ], [ 107.841179118548851, -6.952799318973313 ], [ 107.841335168028209, -6.952775386237654 ], [ 107.841568341664711, -6.952789183513387 ], [ 107.841647718345115, -6.952842580394865 ], [ 107.8416470623322, -6.952993654473662 ], [ 107.841756156907039, -6.953109682445415 ], [ 107.841851933728847, -6.953126613152525 ], [ 107.842229792985563, -6.95312010135996 ], [ 107.842476214097161, -6.952964975717769 ], [ 107.842489990244587, -6.952615291276702 ], [ 107.842540502675348, -6.952289700294664 ], [ 107.842731379548866, -6.952094663765586 ], [ 107.842888164888677, -6.952034103794649 ], [ 107.843100054723124, -6.951907774380594 ], [ 107.843334900709436, -6.951740206001411 ], [ 107.843378197078678, -6.951753229661674 ], [ 107.843412309364737, -6.951807277850818 ], [ 107.8434924673398, -6.95174087806905 ], [ 107.843680740978812, -6.951539662499141 ], [ 107.843900568339905, -6.951319767332591 ], [ 107.84399909768571, -6.951301443069249 ], [ 107.844063386238034, -6.951318373841352 ], [ 107.84414546810082, -6.951461857416044 ], [ 107.844217628721552, -6.951504184332022 ], [ 107.844289789340124, -6.951454694399135 ], [ 107.844398042993205, -6.951297733948507 ], [ 107.8447024176931, -6.951248963846978 ], [ 107.84488907329515, -6.951142092528984 ], [ 107.845074043040839, -6.95116301668186 ], [ 107.845234917140203, -6.951114791194554 ], [ 107.845478072377048, -6.951443567103054 ], [ 107.845683110328054, -6.951616582193983 ], [ 107.845821647493963, -6.951701520153263 ], [ 107.846207308372357, -6.95189467061598 ], [ 107.84629837580016, -6.951939924092602 ], [ 107.846378419055952, -6.951842462398957 ], [ 107.846438519769777, -6.951792070924372 ], [ 107.846523943905368, -6.95180081689578 ], [ 107.84649651930512, -6.952065516889737 ], [ 107.846531331461009, -6.95215663935344 ], [ 107.84663100411548, -6.952208083797774 ], [ 107.846844930489809, -6.952192303919031 ], [ 107.84695066112036, -6.952119174206782 ], [ 107.847038960307501, -6.952072616104272 ], [ 107.847038038958033, -6.951990308826085 ], [ 107.847175632475242, -6.951864392010824 ], [ 107.847293084620063, -6.951849149913401 ], [ 107.847483809761073, -6.951744272089051 ], [ 107.847536935420663, -6.95171560949628 ], [ 107.84762390852444, -6.951631712349657 ], [ 107.847582472326508, -6.951495991314276 ], [ 107.84754427273505, -6.951370656947469 ], [ 107.84754028040696, -6.951358065754277 ], [ 107.847595865428403, -6.951235477643813 ], [ 107.847721816983864, -6.951123019767179 ], [ 107.847862195598111, -6.950997136728553 ], [ 107.847959238985396, -6.950910866304025 ], [ 107.848057510807195, -6.950744727128812 ], [ 107.848071029117818, -6.950721550206315 ], [ 107.848209784553845, -6.950563533240895 ], [ 107.848344620215144, -6.950409883078174 ], [ 107.848393141904083, -6.950354706511402 ], [ 107.848492656630725, -6.950192201299005 ], [ 107.848563235312184, -6.950076871998976 ], [ 107.848646489554, -6.949941206804445 ], [ 107.848727870909045, -6.949810124258835 ], [ 107.848883797264136, -6.949655658258053 ], [ 107.848893931507575, -6.949646512942665 ], [ 107.84874135709903, -6.949517855588301 ], [ 107.848652298207483, -6.949443168954665 ], [ 107.848553100458517, -6.949295010513504 ], [ 107.848490438792567, -6.949202036528088 ], [ 107.848403962919193, -6.949138726372542 ], [ 107.848368646468842, -6.949088427175587 ], [ 107.848366578084409, -6.949046057999083 ], [ 107.848448573669913, -6.949009781601607 ], [ 107.848560233109325, -6.948852754221865 ], [ 107.848680616101447, -6.948676859308396 ], [ 107.848796699686957, -6.948567420318941 ], [ 107.848798843483792, -6.948336357141046 ], [ 107.848865484056887, -6.948141561693637 ], [ 107.848926596798449, -6.948074495933967 ], [ 107.849105635809522, -6.94807784920702 ], [ 107.849198737137556, -6.948079744765624 ], [ 107.849360293217558, -6.948114262181821 ], [ 107.849485125083291, -6.948078298542038 ], [ 107.849596330928932, -6.947977323883713 ], [ 107.849708422203776, -6.947851727984349 ], [ 107.849806079815778, -6.947710585758639 ], [ 107.84991069018497, -6.947559541344821 ], [ 107.850010805426635, -6.947414740111789 ], [ 107.850123510939284, -6.947251038454402 ], [ 107.850217176266113, -6.947115992156355 ], [ 107.850464568526903, -6.946954729146273 ], [ 107.850691822179172, -6.946805659895351 ], [ 107.850876696107719, -6.946684636336577 ], [ 107.851058499008872, -6.94654410266532 ], [ 107.851103335456344, -6.946509350258766 ], [ 107.851232317274992, -6.946396557483058 ], [ 107.851424561574063, -6.946229502155414 ], [ 107.851594387586005, -6.946081347209156 ], [ 107.85177999401175, -6.94591923927195 ], [ 107.851918677200118, -6.945798234569796 ], [ 107.852069770165713, -6.945654652181573 ], [ 107.85216589987165, -6.945561976493952 ], [ 107.852245486473208, -6.945398075680604 ], [ 107.85229708384702, -6.945248424245951 ], [ 107.852349290706641, -6.945099049603674 ], [ 107.852471104849215, -6.944749830814604 ], [ 107.852553806846416, -6.944512351749528 ], [ 107.852752152602719, -6.944279960164176 ], [ 107.852795489245437, -6.94422858824962 ], [ 107.852819332345476, -6.94393456271608 ], [ 107.852823409008536, -6.943884184084668 ], [ 107.852809402033373, -6.943594429561743 ], [ 107.852793818864953, -6.943357159099725 ], [ 107.85290542817846, -6.943453108661751 ], [ 107.853704707754034, -6.944140240015428 ], [ 107.854184639296989, -6.94455282956617 ], [ 107.855101615905866, -6.945928786286078 ], [ 107.855189997605933, -6.946061405529797 ], [ 107.855501827073638, -6.946433896745893 ], [ 107.855659183306102, -6.946621863878942 ], [ 107.856209469744471, -6.947251552676572 ], [ 107.856820678733968, -6.947929652069739 ], [ 107.856878231917904, -6.947993503662024 ], [ 107.857149193514203, -6.948636316618735 ], [ 107.857561419689915, -6.950419386836224 ], [ 107.857937392874675, -6.952045622887527 ], [ 107.857371722116682, -6.952501134819138 ], [ 107.856227367398049, -6.952186104983825 ], [ 107.856899364681638, -6.953561561400289 ], [ 107.85755763592465, -6.954889668065526 ], [ 107.858172637220051, -6.954313387047009 ], [ 107.858941833146872, -6.954051907471175 ], [ 107.859679557794678, -6.953801124936553 ], [ 107.860559302247069, -6.953279555019479 ], [ 107.862221358026787, -6.953327946114569 ], [ 107.864067693024779, -6.953857528785177 ], [ 107.865007393195881, -6.954163990176137 ], [ 107.864781846003737, -6.9552438352496 ], [ 107.865635912829319, -6.955929722286437 ], [ 107.86604723349447, -6.956260340059061 ], [ 107.86772502014982, -6.956195329333419 ], [ 107.868610534752463, -6.95618424954679 ], [ 107.869845790404341, -6.956014359463858 ], [ 107.870471956295717, -6.955663207596971 ], [ 107.869674200431476, -6.952910939819571 ], [ 107.869544475254671, -6.952427201391657 ], [ 107.871061311327367, -6.952380181273409 ], [ 107.871600461846029, -6.952360505325148 ], [ 107.872857158255684, -6.951898119970312 ], [ 107.873174305636624, -6.951787934460489 ], [ 107.874148734691929, -6.951509153967574 ], [ 107.874212062530788, -6.951495892012561 ], [ 107.874915733234644, -6.951857930279304 ], [ 107.875403175718489, -6.952113572959767 ], [ 107.876023774042451, -6.95178662992778 ], [ 107.876857974306134, -6.951345280341823 ], [ 107.876946518549232, -6.951304613737151 ], [ 107.877870703104506, -6.951188769905129 ], [ 107.878954906676384, -6.951239927528343 ], [ 107.879864723151201, -6.951407173583622 ], [ 107.880862889466329, -6.951678702356733 ], [ 107.881473411323455, -6.952006115992254 ], [ 107.88229791126264, -6.952411187034402 ], [ 107.882749108923178, -6.952861400385948 ], [ 107.883707903621271, -6.952401857872254 ], [ 107.883414542352924, -6.951892250195489 ], [ 107.883133001353087, -6.951322675196383 ], [ 107.883414343310179, -6.95080925657729 ], [ 107.884875452548727, -6.950409727017802 ], [ 107.885694089186273, -6.950055558072147 ], [ 107.88675893544746, -6.949882408722726 ], [ 107.887460388485835, -6.950029112280863 ], [ 107.887792109087343, -6.950726583533564 ], [ 107.888532099481793, -6.950269073264931 ], [ 107.888710546583539, -6.94958820445 ], [ 107.888863299048197, -6.948954385522629 ], [ 107.889146654227744, -6.948442380837896 ], [ 107.889140707733375, -6.94781517225582 ], [ 107.888570580282789, -6.947086795924924 ], [ 107.889135499004581, -6.94685461689635 ], [ 107.889567612299018, -6.946436057558738 ], [ 107.8904417497086, -6.945594209451226 ], [ 107.891304446109658, -6.946005442827822 ], [ 107.89198825140484, -6.946328517730849 ], [ 107.892432022908068, -6.946834196217839 ], [ 107.893063732536035, -6.947169278183869 ], [ 107.893989080658287, -6.947163524816961 ], [ 107.895285359262417, -6.946871881875603 ], [ 107.896216172020914, -6.946771157271962 ], [ 107.896368799213761, -6.946753448703839 ], [ 107.89719536451021, -6.946808542056793 ], [ 107.897587834359626, -6.946657035325609 ], [ 107.898495252332694, -6.947083645750346 ], [ 107.899234622342703, -6.947095451471831 ], [ 107.899543841026812, -6.947172188587601 ], [ 107.89985900623941, -6.947402399847968 ], [ 107.90036802531796, -6.947929584990742 ], [ 107.900699047904155, -6.948222759536756 ], [ 107.901119268157416, -6.948454937895609 ], [ 107.901670311683233, -6.948645796286606 ], [ 107.902023641468446, -6.948811375435671 ], [ 107.902309074086133, -6.948911723594992 ], [ 107.902719383494187, -6.948968784308852 ], [ 107.903278355703335, -6.948982557584834 ], [ 107.903589556543594, -6.948982557585641 ], [ 107.903867089944143, -6.948309648958177 ], [ 107.904435363072608, -6.947624933091679 ], [ 107.905073753798661, -6.947273711059378 ], [ 107.90573486689, -6.946968673986763 ], [ 107.90632564881389, -6.946696933042469 ], [ 107.906782247807456, -6.946753865303382 ], [ 107.907419556464845, -6.946820457913102 ], [ 107.907867562787331, -6.946881549073256 ], [ 107.908409214357292, -6.94694433208868 ], [ 107.908621516891699, -6.946971313883984 ], [ 107.908787953659967, -6.947494587839162 ], [ 107.908913884401983, -6.947888397089518 ], [ 107.909663423669613, -6.948440494046845 ], [ 107.909835483005708, -6.948569113003666 ], [ 107.910611947362852, -6.948608777123517 ], [ 107.911453940160754, -6.948669660254986 ], [ 107.911508703495429, -6.94867357992877 ], [ 107.911854549909336, -6.948786725883949 ], [ 107.912430216649867, -6.949245431642953 ], [ 107.912772380041773, -6.949585332852118 ], [ 107.913118648100237, -6.94969669666742 ], [ 107.913638049492846, -6.949920791416852 ], [ 107.914038777366741, -6.950094799159718 ], [ 107.914287367478039, -6.950738383318809 ], [ 107.914376021086994, -6.950968542419674 ], [ 107.914314645530467, -6.951271230479695 ], [ 107.914444216142968, -6.951830187474335 ], [ 107.914577544774204, -6.952386396331875 ], [ 107.914415304868228, -6.952653148902149 ], [ 107.913983727513553, -6.953001287247133 ], [ 107.913445960762829, -6.953260456730069 ], [ 107.913285885041162, -6.953722673930467 ], [ 107.913042650416685, -6.95396411932324 ], [ 107.913129364137262, -6.954322869128451 ], [ 107.912848998990683, -6.954627041944578 ], [ 107.912240093256699, -6.954765017190121 ], [ 107.912067958009246, -6.954804146181844 ], [ 107.911531734012783, -6.954806521576981 ], [ 107.911021286802679, -6.954809177209853 ], [ 107.910599447521562, -6.954675415106559 ], [ 107.91010621455213, -6.954519614340747 ], [ 107.90953355696702, -6.954339533408771 ], [ 107.909133858028781, -6.954566583377833 ], [ 107.909042577840538, -6.954618985693759 ], [ 107.908872720862647, -6.954399958529669 ], [ 107.908715724188895, -6.954197019308951 ], [ 107.908393631045342, -6.954321549329154 ], [ 107.907983875499411, -6.954478480114293 ], [ 107.907918641841775, -6.954504476689384 ], [ 107.90761522075573, -6.95479060586538 ], [ 107.907573210603573, -6.954829990750035 ], [ 107.907560450894778, -6.955264408008643 ], [ 107.907555203932034, -6.955459834205391 ], [ 107.907318249985806, -6.955611731731427 ], [ 107.907009241400843, -6.95570060510774 ], [ 107.906821377703636, -6.955786880476863 ], [ 107.906617719891443, -6.955511332460766 ], [ 107.906517129751094, -6.955378076980793 ], [ 107.906198537614429, -6.955342745300507 ], [ 107.905953466733152, -6.955315522525496 ], [ 107.905737570957115, -6.955555893805164 ], [ 107.90574631626221, -6.956118941223795 ], [ 107.905895852053135, -6.95608801724615 ], [ 107.905995542580783, -6.955778777358158 ], [ 107.906089002450372, -6.956162234789447 ], [ 107.905846006789957, -6.956520952748499 ], [ 107.905550711633452, -6.956550319287319 ], [ 107.905198018360579, -6.956353963387693 ], [ 107.90526747103246, -6.955730051270284 ], [ 107.905284430487626, -6.955557030825954 ], [ 107.904419529068889, -6.955694321887958 ], [ 107.904227607023913, -6.956149633191484 ], [ 107.9040138638223, -6.956298775294108 ], [ 107.903685315085468, -6.955783949376721 ], [ 107.903416050176432, -6.955215960231709 ], [ 107.902879984879704, -6.955310898982894 ], [ 107.90238293786247, -6.95539052179713 ], [ 107.902015939710509, -6.955449235902305 ], [ 107.901660068096959, -6.95555825153384 ], [ 107.901650599754532, -6.955560719160848 ], [ 107.901655109949004, -6.956325013247247 ], [ 107.901573043957697, -6.956905541575509 ], [ 107.901432443474604, -6.957054316897717 ], [ 107.901287850317956, -6.957207205952746 ], [ 107.901769941752718, -6.957664924997459 ], [ 107.901389871618463, -6.958277217319402 ], [ 107.900888033080662, -6.958456209217876 ], [ 107.900788044588992, -6.958736836957211 ], [ 107.900872974293137, -6.958937935750214 ], [ 107.9011565031321, -6.959257803791693 ], [ 107.900902135582982, -6.959976740570509 ], [ 107.900924231575203, -6.960682751791675 ], [ 107.901129972132367, -6.961955691899717 ], [ 107.90122257497957, -6.963066090437669 ], [ 107.901284670258335, -6.963804129462551 ], [ 107.901710743418292, -6.963835444000762 ], [ 107.902475107809323, -6.963793857899463 ], [ 107.903397931612176, -6.963464760746557 ], [ 107.904103912871918, -6.963647475452873 ], [ 107.904817200269065, -6.963705711851396 ], [ 107.904986749388513, -6.963730702704843 ], [ 107.905371532840263, -6.963850179907088 ], [ 107.905917127368085, -6.96411500018313 ], [ 107.906591911138904, -6.964022337591777 ], [ 107.907241946807432, -6.964129344934038 ], [ 107.907775025309661, -6.963390179983498 ], [ 107.908136403472383, -6.963334517683747 ], [ 107.908285939263308, -6.963575720931985 ], [ 107.908520756080875, -6.964375886477384 ], [ 107.908472766656999, -6.964741541286243 ], [ 107.908526938744444, -6.965050024787642 ], [ 107.9086267294648, -6.96537831890955 ], [ 107.908740776002418, -6.965675481493606 ], [ 107.909274665694795, -6.965322142559128 ], [ 107.909944758245061, -6.965297403855957 ], [ 107.910460084896215, -6.964903282655752 ], [ 107.911110302751069, -6.964567305381441 ], [ 107.911706043305799, -6.964558007460036 ], [ 107.912608908433711, -6.964456257455454 ], [ 107.913122117852538, -6.964453427329594 ], [ 107.913045136440715, -6.96478172186917 ], [ 107.913012114707911, -6.965290286236485 ], [ 107.912915175139176, -6.966057248483281 ], [ 107.912575709979194, -6.966133749343972 ], [ 107.912190802915063, -6.966292235824296 ], [ 107.911432393418934, -6.96645921259713 ], [ 107.911013272392054, -6.966312046634359 ], [ 107.910274612713181, -6.966581217690064 ], [ 107.909998049859396, -6.966586877916103 ], [ 107.909667314893895, -6.96668027166693 ], [ 107.909390752040196, -6.966694422231181 ], [ 107.909077124060758, -6.966589708045526 ], [ 107.908829804793882, -6.966439712012087 ], [ 107.908586163463667, -6.966450736972972 ], [ 107.908193065104001, -6.966664577428237 ], [ 107.908112312907136, -6.966709443409111 ], [ 107.907883775899478, -6.966766359093867 ], [ 107.907692918832197, -6.966646023066053 ], [ 107.907608210096754, -6.966442192762557 ], [ 107.907409867399181, -6.966446921534182 ], [ 107.907439547780641, -6.966706758324429 ], [ 107.907404884433902, -6.967181141342566 ], [ 107.907393976654873, -6.967342556187925 ], [ 107.90717050865112, -6.967717376871809 ], [ 107.907111507212946, -6.967817670648154 ], [ 107.906705872219121, -6.968070967235922 ], [ 107.906516330069579, -6.968188098555183 ], [ 107.906356269751143, -6.968538121937301 ], [ 107.906266248431692, -6.968736390966763 ], [ 107.906118470133634, -6.968884576008445 ], [ 107.905835814621597, -6.969063298472698 ], [ 107.905692623682427, -6.969154669699129 ], [ 107.905380267018714, -6.969302454902242 ], [ 107.905179469118551, -6.969570713368337 ], [ 107.905143940541066, -6.969620940787841 ], [ 107.904874246334614, -6.969744906253528 ], [ 107.904716521004687, -6.969984287792187 ], [ 107.904647575080332, -6.970302367067574 ], [ 107.904633031806355, -6.970374020508372 ], [ 107.904617180470609, -6.97068737812333 ], [ 107.904489600578145, -6.971001565710848 ], [ 107.904395934331333, -6.971236288282878 ], [ 107.90410416936875, -6.971323918775682 ], [ 107.903913689373738, -6.97119033575533 ], [ 107.903745588465412, -6.97107541701939 ], [ 107.903616866822759, -6.970948116600913 ], [ 107.903425460714203, -6.97083180638962 ], [ 107.903181976138242, -6.970933294523268 ], [ 107.902920680997624, -6.970989986860242 ], [ 107.902800637467379, -6.971016703490752 ], [ 107.90261287733864, -6.971354796060001 ], [ 107.902495218474627, -6.971563971346331 ], [ 107.902327803536224, -6.971865868706439 ], [ 107.902129689259439, -6.972220703302724 ], [ 107.902002109373328, -6.972447793939502 ], [ 107.901830576941364, -6.9727560741915 ], [ 107.901597632991724, -6.973171351513073 ], [ 107.901418375163033, -6.973492483708866 ], [ 107.901241808913326, -6.97377514399571 ], [ 107.901176044950574, -6.973880140343226 ], [ 107.900873380980045, -6.974058754476231 ], [ 107.90076087381739, -6.974123605493321 ], [ 107.900317217954424, -6.974287395690679 ], [ 107.900275699794975, -6.974301574895349 ], [ 107.900337273914204, -6.974627683195169 ], [ 107.900290466466856, -6.974964545365332 ], [ 107.900253111285977, -6.975336445656612 ], [ 107.900243814044771, -6.975487335028461 ], [ 107.899996650417592, -6.975750714174195 ], [ 107.899718780367266, -6.976035606035997 ], [ 107.899485375687419, -6.976289781562507 ], [ 107.899244619678853, -6.976550037720545 ], [ 107.899046746403769, -6.976765904272182 ], [ 107.899040125746311, -6.976980898205902 ], [ 107.898884522647876, -6.97718277886251 ], [ 107.898581468515673, -6.977332786372862 ], [ 107.898520587817373, -6.977630497486593 ], [ 107.898444624098005, -6.977991268126079 ], [ 107.898478930289642, -6.978305033717405 ], [ 107.898517524776324, -6.9786747417506 ], [ 107.898537740946281, -6.978854731100784 ], [ 107.898276768801082, -6.979251193841089 ], [ 107.898055335279835, -6.979588623289525 ], [ 107.897887387575111, -6.979845779263548 ], [ 107.897934558631022, -6.980149870703087 ], [ 107.897600685802516, -6.98036634367464 ], [ 107.897576128885035, -6.980381531855427 ], [ 107.897113607811448, -6.980475782688737 ], [ 107.896729767433143, -6.980557477570259 ], [ 107.896636650610901, -6.980577543885857 ], [ 107.896428362967413, -6.980732601629469 ], [ 107.896277660596596, -6.980843597996011 ], [ 107.896211819069634, -6.981195383641299 ], [ 107.89618547682376, -6.981324592140674 ], [ 107.895871212961055, -6.981616394485923 ], [ 107.895789735734922, -6.981691794960224 ], [ 107.895758509621274, -6.981861488261131 ], [ 107.895482834929112, -6.98206681235042 ], [ 107.895310980030956, -6.982138661543184 ], [ 107.894940252254173, -6.982255625181971 ], [ 107.894881370030078, -6.982079111874816 ], [ 107.894875856519334, -6.981942904690471 ], [ 107.894577101324018, -6.981811939149665 ], [ 107.894235512095307, -6.981782997713217 ], [ 107.894089550621985, -6.981630403871195 ], [ 107.893811330426189, -6.981623481023794 ], [ 107.893346425880026, -6.981739173289908 ], [ 107.893272084442714, -6.981972773445506 ], [ 107.893048385885621, -6.981940062226169 ], [ 107.892443152243516, -6.981912436167782 ], [ 107.892372247791698, -6.982017508533496 ], [ 107.892099314939799, -6.982174423787103 ], [ 107.891606571244836, -6.982143796100557 ], [ 107.891354864576172, -6.982006088293685 ], [ 107.891064195686297, -6.981940797871589 ], [ 107.890909404285821, -6.981703820573765 ], [ 107.890960415251129, -6.981173421607913 ], [ 107.891174550506619, -6.981054872875174 ], [ 107.891189091262177, -6.98088381566039 ], [ 107.891260712233205, -6.980734652469459 ], [ 107.891164787738106, -6.98056828057502 ], [ 107.891064390618411, -6.980381953185007 ], [ 107.890893671456425, -6.980120555968026 ], [ 107.890729257447305, -6.979829067318872 ], [ 107.890693115048876, -6.9797660494852 ], [ 107.890644645882915, -6.979591784457024 ], [ 107.890563076076774, -6.979310703081867 ], [ 107.890495219266569, -6.979072291184074 ], [ 107.890596302222448, -6.978872274759246 ], [ 107.890670816772783, -6.978722455585795 ], [ 107.890432974789292, -6.978536047722923 ], [ 107.890149551941846, -6.978273455213452 ], [ 107.889938056766042, -6.978076199512852 ], [ 107.889764618979086, -6.97781576021382 ], [ 107.889597122419687, -6.977563324107667 ], [ 107.889434396509003, -6.977318974973084 ], [ 107.889227219500384, -6.977017204838327 ], [ 107.889149855781795, -6.976912558782553 ], [ 107.888950498068311, -6.976526895912376 ], [ 107.888811352614894, -6.976258480934302 ], [ 107.888676162623426, -6.97599812691699 ], [ 107.888527553654342, -6.975710563411175 ], [ 107.888405174644063, -6.975489101934815 ], [ 107.88812702273475, -6.975263888394569 ], [ 107.887971778791226, -6.975134510630859 ], [ 107.887665884478551, -6.975033478688229 ], [ 107.887358924667765, -6.974947745563034 ], [ 107.887311973045655, -6.974936842430058 ], [ 107.886922926855974, -6.974901463570856 ], [ 107.88659272879768, -6.975101878490395 ], [ 107.886225356117848, -6.975320381299217 ], [ 107.885812790773457, -6.975569271816036 ], [ 107.885713658491824, -6.975630047406757 ], [ 107.885171346423206, -6.975873873113386 ], [ 107.884778461738819, -6.976051135057341 ], [ 107.884376453302366, -6.976204346083443 ], [ 107.884221194618419, -6.976265121590573 ], [ 107.8837449801497, -6.976246553973119 ], [ 107.88350516742571, -6.976238595292862 ], [ 107.882883403734084, -6.976236424756999 ], [ 107.882469380531688, -6.976022987013131 ], [ 107.882203945725337, -6.97588590109679 ], [ 107.881957688865853, -6.975593113038857 ], [ 107.881729161600163, -6.975319949295227 ], [ 107.881707294175754, -6.975293902607827 ], [ 107.881643878652824, -6.974930688197169 ], [ 107.881600020107172, -6.974534063275766 ], [ 107.881592532253151, -6.974467587050748 ], [ 107.881622417729787, -6.974162261356347 ], [ 107.881657405616664, -6.973829810737437 ], [ 107.881676168724908, -6.973651662786486 ], [ 107.881570834541236, -6.973151234182517 ], [ 107.881507419022924, -6.972840119455773 ], [ 107.88142113566137, -6.972466242538067 ], [ 107.881369570065857, -6.972225866973306 ], [ 107.881347809698582, -6.972076831190526 ], [ 107.88092207174364, -6.971789867655247 ], [ 107.880475192531847, -6.971488730946878 ], [ 107.880148958596479, -6.971249018407077 ], [ 107.879790462143617, -6.970980625928753 ], [ 107.879716344084287, -6.970924419036188 ], [ 107.879387455323922, -6.971117048892764 ], [ 107.879107282481613, -6.971283685134479 ], [ 107.878778941729422, -6.971479117640241 ], [ 107.878007535965892, -6.971833855526476 ], [ 107.87741996456009, -6.972138712487822 ], [ 107.876911381038511, -6.972399077180401 ], [ 107.876327216863217, -6.972754568888206 ], [ 107.875661662425571, -6.973165769678986 ], [ 107.875349544608738, -6.973601169068433 ], [ 107.875090393096059, -6.973695143909044 ], [ 107.874512338729744, -6.97405702021968 ], [ 107.874419216960547, -6.97411763189647 ], [ 107.873915628579368, -6.974241350057787 ], [ 107.873497663749689, -6.974345276456645 ], [ 107.873423069223193, -6.974364335620552 ], [ 107.873244202054963, -6.974370100024785 ], [ 107.872837685786138, -6.9744773179178 ], [ 107.872337739701251, -6.974183188124277 ], [ 107.871723263763101, -6.973829253409324 ], [ 107.871138207032431, -6.973515441220943 ], [ 107.870917356864538, -6.973397225239261 ], [ 107.87021892354835, -6.973705044951033 ], [ 107.870056506524435, -6.973777300400363 ], [ 107.869818404127741, -6.973997500870268 ], [ 107.86972656138353, -6.974034649879206 ], [ 107.869520980288442, -6.974166078372462 ], [ 107.869521803700508, -6.974784317736546 ], [ 107.869603250087209, -6.975850541958048 ], [ 107.86967666905214, -6.976760514380623 ], [ 107.869228029103297, -6.977038736599879 ], [ 107.868785804697112, -6.977210702459318 ], [ 107.868397964866119, -6.977428209164652 ], [ 107.867186944114579, -6.977550922078443 ], [ 107.867089914511567, -6.977687038069184 ], [ 107.866288524747361, -6.978504680649573 ], [ 107.865862989937639, -6.978745444160973 ], [ 107.865645296410108, -6.979085786290556 ], [ 107.864850224764908, -6.979986606245742 ], [ 107.864021481720414, -6.979440519114523 ], [ 107.863864457846589, -6.979307277479917 ], [ 107.863596247098457, -6.979055844260522 ], [ 107.863332966370905, -6.978901385717354 ], [ 107.862905106363442, -6.978742919282015 ], [ 107.862213292936033, -6.978371674369391 ], [ 107.861301496274905, -6.977894652059698 ], [ 107.86084234508894, -6.977643042061137 ], [ 107.86002487835971, -6.977453865825725 ], [ 107.859347848636858, -6.977384935201653 ], [ 107.859051965348641, -6.977342677353903 ], [ 107.858500471619791, -6.977326051722648 ], [ 107.857931678532637, -6.977351953170169 ], [ 107.857748614051019, -6.977413227047305 ], [ 107.857552777667266, -6.977523631574926 ], [ 107.857278180949621, -6.977808871866123 ], [ 107.857525638418977, -6.978561060263662 ], [ 107.857340445311621, -6.978584302037973 ], [ 107.856912585305935, -6.978533592749777 ], [ 107.856462260483241, -6.978539931418183 ], [ 107.855962840866113, -6.978490751105815 ], [ 107.855349346531966, -6.978340352895236 ], [ 107.854887059790059, -6.978080468990162 ], [ 107.854224669982074, -6.97768362045768 ], [ 107.853609488193129, -6.977246251836567 ], [ 107.853522213266899, -6.977208219762592 ], [ 107.853432809684207, -6.977206106868977 ], [ 107.853138821977069, -6.977144948671507 ], [ 107.852767537956993, -6.977143189686053 ], [ 107.852619739486684, -6.977158578211416 ], [ 107.852561860364077, -6.977132930662928 ], [ 107.852502947687583, -6.977087790973868 ], [ 107.852453337011383, -6.97706932473676 ], [ 107.852365489806019, -6.977062138425943 ], [ 107.852101978516785, -6.977067924882755 ], [ 107.851984153155911, -6.977000215329554 ], [ 107.851514457569934, -6.97680861208722 ], [ 107.851104934704665, -6.976647451626902 ], [ 107.850621230628803, -6.976468944463853 ], [ 107.850086693114875, -6.976284934115853 ], [ 107.849679976811103, -6.976149514774526 ], [ 107.849110834034164, -6.975862605384386 ], [ 107.848633959175132, -6.97562653762085 ], [ 107.848122240345276, -6.975377188592002 ], [ 107.84765093893192, -6.975163800117307 ], [ 107.846837201709675, -6.974795880466629 ], [ 107.845988882231282, -6.974414956685361 ], [ 107.845799331005807, -6.974327051147409 ], [ 107.844963301924182, -6.974073738990179 ] ] ] ] } },
{ "type": "Feature", "properties": { "layer": "Kawasan Pertanian" }, "geometry": { "type": "MultiPolygon", "coordinates": [ [ [ [ 107.96244837440247, -7.008168117561486 ], [ 107.9626153431944, -7.008574901574325 ], [ 107.962654693091679, -7.008823882701918 ], [ 107.962789021932451, -7.009133503668776 ], [ 107.96281853435643, -7.009250671136321 ], [ 107.962715240855928, -7.010009515829845 ], [ 107.962638987065944, -7.010228834977591 ], [ 107.962651283909622, -7.010331356270747 ], [ 107.963290149922173, -7.010537232300388 ], [ 107.963769680995441, -7.010829548498488 ], [ 107.963122867018129, -7.011315303327485 ], [ 107.962715166020715, -7.011733501014071 ], [ 107.962850431300993, -7.012331539646905 ], [ 107.962651222432015, -7.012412091730261 ], [ 107.962486444707977, -7.012609810432646 ], [ 107.962223292254464, -7.013403125327328 ], [ 107.962196384469863, -7.013632431952444 ], [ 107.962046362917334, -7.014849553330022 ], [ 107.962204008069151, -7.015528220741577 ], [ 107.962624569327005, -7.016353253855605 ], [ 107.962560625715525, -7.016653433265245 ], [ 107.962614731828936, -7.016826740667359 ], [ 107.962809012816948, -7.017234369889701 ], [ 107.962577832155759, -7.017351535318222 ], [ 107.962171506343751, -7.017496292838056 ], [ 107.961682082909334, -7.018008882126239 ], [ 107.961423849192514, -7.018148015838207 ], [ 107.960619635605951, -7.01796738608913 ], [ 107.960112999166441, -7.018035732479473 ], [ 107.959480941376626, -7.018265181022894 ], [ 107.958086130754538, -7.018502823557297 ], [ 107.957102383233234, -7.018695657768722 ], [ 107.955887455082532, -7.018656602738082 ], [ 107.954888951349872, -7.018524791998485 ], [ 107.953831422771842, -7.018319752993186 ], [ 107.952631250819778, -7.018122036714641 ], [ 107.951521942835399, -7.017873060544417 ], [ 107.950902181913577, -7.017736367694918 ], [ 107.950098915815616, -7.017474124610297 ], [ 107.949429967487177, -7.017193415781782 ], [ 107.948643273883263, -7.016944439111938 ], [ 107.947856275834695, -7.016732076551289 ], [ 107.947487129438287, -7.016925330208523 ], [ 107.94678620934971, -7.017225566759808 ], [ 107.945753274451079, -7.017620999960663 ], [ 107.945622927909554, -7.017818716440844 ], [ 107.945406503446193, -7.017747929059028 ], [ 107.945113838566627, -7.017494070808614 ], [ 107.944923736493649, -7.01707838470804 ], [ 107.944660584005717, -7.016753738555606 ], [ 107.944424484607808, -7.016619486326927 ], [ 107.944249869428248, -7.016724447164345 ], [ 107.94398425760113, -7.016773266147894 ], [ 107.943799804946266, -7.016697596717209 ], [ 107.943649890682963, -7.016525562957862 ], [ 107.943374441383739, -7.016298554510282 ], [ 107.943000617335272, -7.015961703060452 ], [ 107.942855514557039, -7.015763985778742 ], [ 107.942103829803443, -7.014786720097552 ], [ 107.941531260141417, -7.01399808893227 ], [ 107.940992319253851, -7.013380407051094 ], [ 107.940566848438593, -7.012811661393603 ], [ 107.940549632856303, -7.0124430747886 ], [ 107.940605251457811, -7.011947178964261 ], [ 107.940703626207082, -7.011583473628086 ], [ 107.940638040420154, -7.011315278812015 ], [ 107.940492612518952, -7.010930911545691 ], [ 107.940097023341451, -7.010463522210012 ], [ 107.939811069575128, -7.010241334871417 ], [ 107.93912151257264, -7.009746953711646 ], [ 107.938755614579946, -7.009645561328496 ], [ 107.938276471829226, -7.009700702821521 ], [ 107.937866332483594, -7.009809363933251 ], [ 107.937872868567652, -7.009746113439186 ], [ 107.937877640732566, -7.009107514391092 ], [ 107.938079183694086, -7.008508552723632 ], [ 107.938206637345516, -7.007929565497766 ], [ 107.938175590932417, -7.007350577557964 ], [ 107.937933755766849, -7.007058650595983 ], [ 107.937472961754565, -7.006547777967888 ], [ 107.936957790498084, -7.006007351092532 ], [ 107.936362704964154, -7.005396218995653 ], [ 107.935926031202001, -7.005126488136582 ], [ 107.935546938262917, -7.005107026250371 ], [ 107.935263456840474, -7.005227041217458 ], [ 107.935002013432666, -7.005212444806372 ], [ 107.934583703974511, -7.005076211627204 ], [ 107.934238925471448, -7.004943222064191 ], [ 107.933372098435612, -7.004829694347593 ], [ 107.932765876500667, -7.004855643553435 ], [ 107.932365541264531, -7.0047875269127 ], [ 107.932207041197742, -7.004625344391557 ], [ 107.932086645953802, -7.004386869524486 ], [ 107.932075207799429, -7.003890590411916 ], [ 107.931972264433682, -7.003660290787944 ], [ 107.931753305579434, -7.003587308483961 ], [ 107.931534346711317, -7.003220774969408 ], [ 107.931225516673848, -7.00286072849581 ], [ 107.930967061873702, -7.00264623066522 ], [ 107.930592501959325, -7.002409076815709 ], [ 107.930409491540843, -7.00233122881922 ], [ 107.930059810982641, -7.002175532780301 ], [ 107.929563068493636, -7.002183641961632 ], [ 107.929201949777806, -7.002331228845499 ], [ 107.92885804432234, -7.002583563830231 ], [ 107.928259992517454, -7.002820351338589 ], [ 107.927700080147446, -7.002932147150847 ], [ 107.926771956032155, -7.003115414084596 ], [ 107.926231094981262, -7.003259756998766 ], [ 107.925995828228977, -7.003109820162007 ], [ 107.925695373481872, -7.002830554527851 ], [ 107.925290016076772, -7.002442078696264 ], [ 107.92454178117606, -7.002047639998993 ], [ 107.924231393659767, -7.001778699772811 ], [ 107.923933341582725, -7.001584561742888 ], [ 107.923626027802655, -7.001438617453128 ], [ 107.923320745232232, -7.001279257864916 ], [ 107.923060314902386, -7.001278661047906 ], [ 107.921573212831404, -7.000781308436699 ], [ 107.921104452395369, -7.00073317751043 ], [ 107.920441722124508, -7.000580762879234 ], [ 107.920069856680996, -7.000281126528211 ], [ 107.919840312578074, -7.000062786535517 ], [ 107.919352531368901, -6.999531175699792 ], [ 107.919137333771971, -6.999236890864824 ], [ 107.918855185810799, -6.999009057317468 ], [ 107.918592166525769, -6.998657813712577 ], [ 107.918295672081015, -6.998202145958046 ], [ 107.917970484601682, -6.997893620651413 ], [ 107.917617267611135, -6.997383933843245 ], [ 107.917449881930679, -6.997131378975635 ], [ 107.917298636177819, -6.996878824121286 ], [ 107.9170060353011, -6.996390852125888 ], [ 107.916928223171652, -6.996234643315414 ], [ 107.916487397889, -6.996150616208446 ], [ 107.916243310924841, -6.996063146984144 ], [ 107.916041502770639, -6.995962733296062 ], [ 107.915682450433508, -6.995775255968232 ], [ 107.9154443270548, -6.995615610201211 ], [ 107.915655199632624, -6.995555073749348 ], [ 107.915788421284489, -6.995534878723968 ], [ 107.916417580808186, -6.99543950414181 ], [ 107.916797240200992, -6.99541198756457 ], [ 107.916944822257022, -6.995916560860797 ], [ 107.917029621783243, -6.996147273906398 ], [ 107.917096895190596, -6.99645648093585 ], [ 107.917433449659768, -6.996963069373392 ], [ 107.91768631828289, -6.997355178530069 ], [ 107.917922700290106, -6.997671045750046 ], [ 107.918002596297995, -6.997764353293729 ], [ 107.91831202914598, -6.998132064677707 ], [ 107.918569305435383, -6.998428473983569 ], [ 107.91898244376047, -6.998860675554342 ], [ 107.919277908229802, -6.999168900684399 ], [ 107.919456756651385, -6.999398366220185 ], [ 107.919836913679106, -6.99988639135955 ], [ 107.920467860975933, -6.998920345660498 ], [ 107.919698851035946, -6.998387551730016 ], [ 107.920121682654511, -6.997895488449573 ], [ 107.919861054266022, -6.997662029279795 ], [ 107.920057544127886, -6.997219567817578 ], [ 107.919646048948408, -6.997041130492162 ], [ 107.919205512284833, -6.997046247581025 ], [ 107.918616624685569, -6.99631365270563 ], [ 107.918068343323526, -6.995909898335944 ], [ 107.917947399212807, -6.995427999365369 ], [ 107.917674346046283, -6.995238602080168 ], [ 107.917183685659495, -6.995265507652964 ], [ 107.917300110644959, -6.994781484780351 ], [ 107.917276000153279, -6.994159319641603 ], [ 107.917455055688691, -6.993736965709849 ], [ 107.916984188158963, -6.993588902592773 ], [ 107.916638716301975, -6.993567993965743 ], [ 107.916579733301319, -6.993131003446453 ], [ 107.916199334877902, -6.993041048409246 ], [ 107.915750516124561, -6.99305962245017 ], [ 107.915647295874322, -6.993323071369529 ], [ 107.915402937686565, -6.994059054850938 ], [ 107.915093252089335, -6.994855659720146 ], [ 107.914372816875101, -6.994987383692325 ], [ 107.914240105124534, -6.99516719730727 ], [ 107.913915850748907, -6.995084438659596 ], [ 107.913656320858323, -6.99472481129173 ], [ 107.913407749643753, -6.994680903281062 ], [ 107.912954985264435, -6.994756453681866 ], [ 107.912490510387343, -6.994575793486217 ], [ 107.912457312765582, -6.994400018061086 ], [ 107.912435176714965, -6.994293912531969 ], [ 107.912370410501126, -6.994293789598507 ], [ 107.912236570552665, -6.994294768849505 ], [ 107.912082697805843, -6.994296108576683 ], [ 107.911946102042833, -6.994297180359908 ], [ 107.911802217531331, -6.994297180398182 ], [ 107.911645673758585, -6.994298252175305 ], [ 107.91153634314, -6.994324778576389 ], [ 107.911410764265923, -6.994354520285303 ], [ 107.911302946780154, -6.994380578998226 ], [ 107.911250845999461, -6.994393172332026 ], [ 107.911222864366621, -6.994398692599622 ], [ 107.911176737864082, -6.99439432487181 ], [ 107.911316173179259, -6.993858048245432 ], [ 107.911043950450122, -6.993747391083819 ], [ 107.910327607627977, -6.99343380016077 ], [ 107.911053334857584, -6.992567542930544 ], [ 107.911694602449245, -6.991819269283177 ], [ 107.912658067911707, -6.991133091961162 ], [ 107.913743530612578, -6.990384815995397 ], [ 107.913834246515663, -6.989863195534512 ], [ 107.913824862112122, -6.989425406489026 ], [ 107.91418772572986, -6.988857211573411 ], [ 107.914287826036912, -6.9886802326916 ], [ 107.914262800960529, -6.98853119779094 ], [ 107.914234647751016, -6.987820176457865 ], [ 107.914387015948279, -6.986751186318872 ], [ 107.914083586895146, -6.986192302893578 ], [ 107.91349236944933, -6.985397496621178 ], [ 107.91352365078923, -6.984953493537342 ], [ 107.913273114352322, -6.984299489619169 ], [ 107.913188654718169, -6.984249810858361 ], [ 107.913507724446347, -6.983926898788885 ], [ 107.91368915625209, -6.983821331334138 ], [ 107.913904997539163, -6.983762337745156 ], [ 107.914533752605308, -6.983638140685611 ], [ 107.914884103680606, -6.983600881564449 ], [ 107.915078048025251, -6.983535678092666 ], [ 107.915215685923343, -6.983461159813303 ], [ 107.915647368496096, -6.983228290162542 ], [ 107.915838184706672, -6.983038889427049 ], [ 107.916257354751465, -6.982513354771231 ], [ 107.915950001879892, -6.981917704685294 ], [ 107.91568098230465, -6.981951859004465 ], [ 107.915261812274608, -6.981455068663454 ], [ 107.915496422369955, -6.981032796466554 ], [ 107.91586867038491, -6.980700567338179 ], [ 107.915687238579963, -6.980594999142199 ], [ 107.915558985061082, -6.980377652805659 ], [ 107.915436767373038, -6.980007944989167 ], [ 107.915774605924128, -6.979455263410004 ], [ 107.915659170455712, -6.978991060394433 ], [ 107.91530569124626, -6.978606045497325 ], [ 107.915324069489841, -6.978156992566817 ], [ 107.914945565204022, -6.977964484814813 ], [ 107.915083203126358, -6.977771976983643 ], [ 107.915223969182833, -6.977610518742971 ], [ 107.91559308906389, -6.977750242224592 ], [ 107.916210864095717, -6.977781291868951 ], [ 107.916393824881538, -6.977182102776976 ], [ 107.916278083895079, -6.977085848700617 ], [ 107.915639944438851, -6.976970964788746 ], [ 107.915668097649387, -6.976679097426508 ], [ 107.915824504390443, -6.9761170969926 ], [ 107.91676818415101, -6.97594011328958 ], [ 107.916887610882966, -6.975904930071584 ], [ 107.917814506603136, -6.975630731233061 ], [ 107.919175000019749, -6.975957495741639 ], [ 107.919677753559782, -6.976257808819759 ], [ 107.919237958471371, -6.977144466103478 ], [ 107.919654000371168, -6.977650575909423 ], [ 107.91967352161295, -6.977883821749239 ], [ 107.919958181859855, -6.978008020330473 ], [ 107.920446170856195, -6.977905556503328 ], [ 107.920890365960204, -6.977237566329148 ], [ 107.922176029292032, -6.976650726775309 ], [ 107.922717196576656, -6.976507897990648 ], [ 107.922848578231282, -6.976601047199865 ], [ 107.92346794888347, -6.977041953218975 ], [ 107.924018500571506, -6.977336925323052 ], [ 107.924309898711911, -6.977527979409722 ], [ 107.925219789455198, -6.97792306326449 ], [ 107.9265296771148, -6.977944798008751 ], [ 107.927590114741591, -6.977913748362627 ], [ 107.927771007354352, -6.977952035833715 ], [ 107.928621859962362, -6.978116598920877 ], [ 107.92900974865168, -6.978346366154157 ], [ 107.929203512478864, -6.978537172374296 ], [ 107.929352865354829, -6.978689994516628 ], [ 107.92948713056353, -6.97882711819877 ], [ 107.929554016277748, -6.978894470536891 ], [ 107.929584525601015, -6.978882852826795 ], [ 107.929829083682478, -6.978794332602819 ], [ 107.92995510024528, -6.978749110309577 ], [ 107.930090624990484, -6.97872547562533 ], [ 107.930330893848705, -6.978683139853473 ], [ 107.930461417653987, -6.978821549201194 ], [ 107.93057777810759, -6.978939009111391 ], [ 107.930704551966429, -6.979069143588436 ], [ 107.930827743623155, -6.979196079997811 ], [ 107.930994004102175, -6.979364507034769 ], [ 107.931061859174363, -6.979435226908675 ], [ 107.931124904659782, -6.979473269738283 ], [ 107.931125440365875, -6.979637540109441 ], [ 107.931119139538183, -6.979701043632269 ], [ 107.931125440375766, -6.979769839108812 ], [ 107.931140950107263, -6.979909835461726 ], [ 107.931151613035496, -6.979965383163918 ], [ 107.931177785705017, -6.980095276634426 ], [ 107.931186528721895, -6.980127316696426 ], [ 107.931219486899138, -6.980241815347673 ], [ 107.931225787727001, -6.980270199462785 ], [ 107.931218087819985, -6.980307615089917 ], [ 107.931192399828547, -6.980335518114501 ], [ 107.931172527986931, -6.980351875059578 ], [ 107.931111943100575, -6.980380259168038 ], [ 107.931019758031141, -6.980412587293824 ], [ 107.930890833392851, -6.980459252685559 ], [ 107.930782747641047, -6.980521310531056 ], [ 107.930676118241877, -6.980570862430548 ], [ 107.930521538296048, -6.98063291607948 ], [ 107.930433793456544, -6.980657225108023 ], [ 107.930317960901846, -6.980687052456417 ], [ 107.930285485556439, -6.980700043597794 ], [ 107.930256889491062, -6.980718324874704 ], [ 107.930149775409689, -6.980877564383398 ], [ 107.930106154291039, -6.980946840770942 ], [ 107.930065441247919, -6.980978111358521 ], [ 107.930026666924931, -6.980998798050869 ], [ 107.929921491567043, -6.981025257776722 ], [ 107.929787044385719, -6.981060734373402 ], [ 107.929646972134222, -6.981102107748048 ], [ 107.92961449863509, -6.981124718781536 ], [ 107.92958444853187, -6.981168016501731 ], [ 107.92956166675306, -6.981232964921908 ], [ 107.929502737902538, -6.98140342946205 ], [ 107.929447212680898, -6.981445881991156 ], [ 107.92933334244222, -6.981499027366911 ], [ 107.929242222772828, -6.981541362881067 ], [ 107.929180183850377, -6.981587547075079 ], [ 107.92912803672256, -6.981659660677575 ], [ 107.929031086568358, -6.981827716103385 ], [ 107.928928764543642, -6.982012528747704 ], [ 107.928847823125423, -6.982179465167889 ], [ 107.928796436649947, -6.982330281560636 ], [ 107.928788197106044, -6.982374541338134 ], [ 107.928755660892776, -6.98251406470665 ], [ 107.928729972901422, -6.982622308678653 ], [ 107.928710085523917, -6.982669408686153 ], [ 107.928653398766542, -6.982791598916262 ], [ 107.928615109117814, -6.982870977784518 ], [ 107.928527377226047, -6.982994080613087 ], [ 107.928493449690748, -6.983039783579079 ], [ 107.928377181181261, -6.983200370912125 ], [ 107.928313203541194, -6.983287928131396 ], [ 107.928274803145968, -6.98332648911017 ], [ 107.928171566500581, -6.983427516642422 ], [ 107.928069299212439, -6.983495349395671 ], [ 107.927965577888941, -6.983564144312269 ], [ 107.927911285976862, -6.98360306536049 ], [ 107.927830344569088, -6.983659352098084 ], [ 107.927736316825786, -6.983719487494115 ], [ 107.927616116387711, -6.983806082442281 ], [ 107.927470706011576, -6.98391625042319 ], [ 107.927339842659023, -6.984062980695914 ], [ 107.927225261022912, -6.984151125444204 ], [ 107.927057031011842, -6.98429112814051 ], [ 107.926992568693407, -6.984395041959329 ], [ 107.926944100768196, -6.984484604573866 ], [ 107.926937315260446, -6.984607761638046 ], [ 107.926973843224602, -6.984707757540948 ], [ 107.927015040947452, -6.984781363099707 ], [ 107.927096395672734, -6.984846415884238 ], [ 107.927226769101722, -6.984932989852482 ], [ 107.92729668450211, -6.985019175917808 ], [ 107.927406706655191, -6.985159651782211 ], [ 107.927452646039114, -6.985242754248749 ], [ 107.927555173313664, -6.985448950599852 ], [ 107.927643275479383, -6.985630995787213 ], [ 107.927707344546747, -6.985762917289258 ], [ 107.927737526992203, -6.985858987722862 ], [ 107.92776836798248, -6.986031351353678 ], [ 107.9277755502102, -6.986238356519826 ], [ 107.927790773161192, -6.986419578159028 ], [ 107.92783626068946, -6.986407696636954 ], [ 107.927860420267109, -6.986396488668118 ], [ 107.9280366245941, -6.986308565387637 ], [ 107.92820805207009, -6.986226606746391 ], [ 107.928370849540613, -6.98615769387762 ], [ 107.928527901221997, -6.986090682045021 ], [ 107.928621749176401, -6.986049809577273 ], [ 107.928721342918053, -6.986006085531563 ], [ 107.928733313320805, -6.98601036288345 ], [ 107.928928670295718, -6.986074998411892 ], [ 107.92913025185176, -6.986139158672931 ], [ 107.929363914113253, -6.986214725186046 ], [ 107.92954077168578, -6.986271871930619 ], [ 107.929720716742679, -6.98632970149756 ], [ 107.929784557568155, -6.9863535823742 ], [ 107.929810892454398, -6.986389702206178 ], [ 107.929839953749934, -6.986434891116179 ], [ 107.929902678656234, -6.986538497975484 ], [ 107.929924704196054, -6.986579845661137 ], [ 107.929935887070329, -6.986593406185807 ], [ 107.93004804890225, -6.986734760866399 ], [ 107.930118434868049, -6.986824109845898 ], [ 107.930084659343265, -6.986936640804766 ], [ 107.930028159047154, -6.987122955593297 ], [ 107.929988408461057, -6.987272200414998 ], [ 107.929957285414631, -6.987374856569943 ], [ 107.929976120064651, -6.98749684603018 ], [ 107.930002471153784, -6.987672265129024 ], [ 107.930025433698162, -6.987827747765078 ], [ 107.930054641480524, -6.987863392223005 ], [ 107.930140423925863, -6.987998107530793 ], [ 107.930233827254668, -6.988139721198544 ], [ 107.930339645607219, -6.988304160824589 ], [ 107.930456022227759, -6.988484983987429 ], [ 107.930564509420847, -6.988653367808923 ], [ 107.930671933027185, -6.98881964017389 ], [ 107.930764998036651, -6.988962687134363 ], [ 107.930842640840581, -6.989082508737996 ], [ 107.930864976430769, -6.989127903697683 ], [ 107.930881994032134, -6.989142155603433 ], [ 107.930968677416459, -6.989214470813691 ], [ 107.931147014922104, -6.98936543537671 ], [ 107.931268797126464, -6.989469421439034 ], [ 107.931348567132957, -6.989536985958714 ], [ 107.931391642935296, -6.989581325179544 ], [ 107.931435782337374, -6.98958818720122 ], [ 107.931511919763551, -6.98961141249471 ], [ 107.931590094366584, -6.989634109949765 ], [ 107.931615088965955, -6.989624608689348 ], [ 107.931697285474144, -6.989601762683495 ], [ 107.931706326075599, -6.989594900662034 ], [ 107.931737702275896, -6.989574842443884 ], [ 107.931756315276075, -6.98956164624781 ], [ 107.931837466461118, -6.989507277911136 ], [ 107.93203795506713, -6.989364758943801 ], [ 107.932186859071749, -6.98925655006987 ], [ 107.932415051196529, -6.989092867516166 ], [ 107.93248582152809, -6.989157833489317 ], [ 107.932633522284846, -6.989291212954534 ], [ 107.932653245170641, -6.98930002229945 ], [ 107.932702552385436, -6.989318619806365 ], [ 107.932767637909549, -6.989345047841504 ], [ 107.932806097537195, -6.989340153761096 ], [ 107.932868224627271, -6.989332323232053 ], [ 107.932931337820946, -6.989331344418696 ], [ 107.932966839016217, -6.98929806466995 ], [ 107.933251834700073, -6.989120898915981 ], [ 107.933309031069484, -6.989093492051746 ], [ 107.933335656965951, -6.989122856548691 ], [ 107.933447373491177, -6.989315708847902 ], [ 107.933670317554288, -6.989700338508 ], [ 107.933837962085946, -6.989983216051988 ], [ 107.933903168946543, -6.990079119834258 ], [ 107.934033664541332, -6.990272900374322 ], [ 107.934172710888404, -6.990333586846767 ], [ 107.934280762257856, -6.990343234536128 ], [ 107.934746852290488, -6.990402522049243 ], [ 107.935095585986645, -6.990451408048169 ], [ 107.935470411296322, -6.990451393089621 ], [ 107.935600582342843, -6.99045335071682 ], [ 107.93562918052757, -6.990459223599952 ], [ 107.935879661146274, -6.990530676997841 ], [ 107.936104502044159, -6.990597236317392 ], [ 107.93630718489068, -6.990616706565197 ], [ 107.936489621584428, -6.990630409952916 ], [ 107.93664346008174, -6.990658795548883 ], [ 107.937068842000031, -6.990762351630198 ], [ 107.937107301627663, -6.990773118574049 ], [ 107.937104343193781, -6.990726135543968 ], [ 107.937113218491007, -6.990686983014437 ], [ 107.937121107645694, -6.990631190655604 ], [ 107.937124066079676, -6.990574419476002 ], [ 107.93712702451775, -6.990506881348433 ], [ 107.937147733521527, -6.990116334560287 ], [ 107.937166470252023, -6.989712084026036 ], [ 107.937191123858568, -6.989704253503219 ], [ 107.937412718732972, -6.989703053299386 ], [ 107.937856628391401, -6.989698034509766 ], [ 107.938059774115118, -6.989697055694574 ], [ 107.938144582524913, -6.989702928585666 ], [ 107.938329815043588, -6.98972723758863 ], [ 107.938814011900618, -6.989794775842523 ], [ 107.93924737794049, -6.989842155396802 ], [ 107.939517333631969, -6.989872100856509 ], [ 107.939582851891373, -6.989885457548876 ], [ 107.939626242237964, -6.989900139774334 ], [ 107.939705072173425, -6.989908018374526 ], [ 107.9401328802672, -6.98998993384323 ], [ 107.940797422345355, -6.990130813184437 ], [ 107.941155019872241, -6.990212181969386 ], [ 107.941329636049971, -6.990104444244404 ], [ 107.941722715823246, -6.989845687067278 ], [ 107.941988974782831, -6.989666563883598 ], [ 107.942194092788725, -6.989546169575314 ], [ 107.94237455719373, -6.98943360576328 ], [ 107.942396252367885, -6.989397389573634 ], [ 107.942413016821391, -6.989366067462149 ], [ 107.942445559582623, -6.989320063106907 ], [ 107.942466268583132, -6.989257418878854 ], [ 107.942616162501906, -6.988854146406775 ], [ 107.942745347393725, -6.988505687403134 ], [ 107.943177278594803, -6.988378441083769 ], [ 107.943532459442181, -6.988321957925614 ], [ 107.943960149041146, -6.988257355930698 ], [ 107.943994664090582, -6.988229949015794 ], [ 107.944236755394414, -6.988061578125846 ], [ 107.944485263756377, -6.987886369535087 ], [ 107.944545275449627, -6.987850547855663 ], [ 107.944573873634113, -6.987826077376486 ], [ 107.945026852494223, -6.987487035610362 ], [ 107.945372018799901, -6.987127714297898 ], [ 107.945657741145695, -6.986816892255439 ], [ 107.945855142984797, -6.986606631108501 ], [ 107.946033336784524, -6.986828440198056 ], [ 107.946263838303068, -6.986981423737875 ], [ 107.946495176016199, -6.98714685702893 ], [ 107.946546356115491, -6.987102652500184 ], [ 107.946597584524937, -6.987062464871918 ], [ 107.946657745233793, -6.987014972484239 ], [ 107.946718375903103, -6.986967751138554 ], [ 107.946805474404258, -6.986901049901028 ], [ 107.946905584140168, -6.986826309892004 ], [ 107.946965887591887, -6.986779113864591 ], [ 107.947028536448911, -6.986728981019382 ], [ 107.947011713899769, -6.986692957887494 ], [ 107.946987180437489, -6.986629714456856 ], [ 107.946970072554706, -6.986586699133333 ], [ 107.946943409331197, -6.986519949539886 ], [ 107.946914816339358, -6.98644759621515 ], [ 107.946888870831856, -6.986381900074047 ], [ 107.946862925327835, -6.986315678374167 ], [ 107.946834508820501, -6.986243675389296 ], [ 107.946809798830145, -6.986181132642581 ], [ 107.946782794331838, -6.986112983828898 ], [ 107.946753671814065, -6.986039053728279 ], [ 107.946725784845057, -6.985968627424045 ], [ 107.946690751436279, -6.985879809857762 ], [ 107.946659510913278, -6.985800799222496 ], [ 107.946639620905614, -6.985750506747586 ], [ 107.946617818171546, -6.985696004923787 ], [ 107.946616868236703, -6.985644792418553 ], [ 107.946617364061424, -6.98562959015658 ], [ 107.946626046307784, -6.985559902033258 ], [ 107.946634770188055, -6.985465858442485 ], [ 107.94664334334864, -6.985385052478276 ], [ 107.946651462409946, -6.985306368547202 ], [ 107.946660606716492, -6.985208710835686 ], [ 107.946669994947413, -6.985112688881424 ], [ 107.946678568111693, -6.985061023492152 ], [ 107.946717886030726, -6.985032400554205 ], [ 107.946757062905888, -6.985011681826495 ], [ 107.946840825145841, -6.984964805624203 ], [ 107.946907955813373, -6.984928502334118 ], [ 107.946976429967904, -6.984889234107186 ], [ 107.947036701849271, -6.984857006967164 ], [ 107.947090661354608, -6.984827482458562 ], [ 107.947109074844334, -6.984800471696002 ], [ 107.947151411123926, -6.984739503458226 ], [ 107.947178068545355, -6.98472626580291 ], [ 107.947242755870946, -6.984688634311097 ], [ 107.947301242767438, -6.98465417697785 ], [ 107.947348746185185, -6.984626858929081 ], [ 107.947382602538028, -6.984606627363389 ], [ 107.947423362381102, -6.98458449204461 ], [ 107.947449686702456, -6.984570793732614 ], [ 107.947542130414163, -6.984642711522201 ], [ 107.947602819564906, -6.984687121120071 ], [ 107.947734291341476, -6.984924732470969 ], [ 107.947962309923852, -6.985340122861971 ], [ 107.948143731993099, -6.985538183953642 ], [ 107.948379170695262, -6.985792145604663 ], [ 107.948523763783498, -6.985904409629396 ], [ 107.948756824824272, -6.986089474251303 ], [ 107.94906767033612, -6.986313816243425 ], [ 107.949306499162745, -6.986451605131512 ], [ 107.949558813072287, -6.98659643815067 ], [ 107.949766712886628, -6.986760074356463 ], [ 107.949952074437547, -6.98700373025479 ], [ 107.95020757279498, -6.987068373634344 ], [ 107.950483464850322, -6.987190909960332 ], [ 107.950735518275522, -6.987511330625016 ], [ 107.950940342678294, -6.987915840766149 ], [ 107.950968698110003, -6.988187109316843 ], [ 107.950958140150931, -6.988449097412324 ], [ 107.950994037212425, -6.988606290198655 ], [ 107.951192551831653, -6.988817988804997 ], [ 107.951798578672438, -6.989300046135714 ], [ 107.951947491664001, -6.989385978048904 ], [ 107.952791571342345, -6.98986367712785 ], [ 107.95306607827662, -6.990205308349403 ], [ 107.953332138804413, -6.990301719555451 ], [ 107.953560190718292, -6.990448432242737 ], [ 107.953782262761052, -6.990740781533707 ], [ 107.954134711978625, -6.991427555134627 ], [ 107.954347400548684, -6.991732591980253 ], [ 107.95494286942251, -6.992145482022337 ], [ 107.955177256110701, -6.992231413406166 ], [ 107.955423158672332, -6.992484504469077 ], [ 107.955585751241145, -6.992767449003662 ], [ 107.955594197608605, -6.993086023384905 ], [ 107.955589670105041, -6.993494929696211 ], [ 107.95571479265665, -6.993721701102115 ], [ 107.955865857164511, -6.994344033256595 ], [ 107.95595640489077, -6.994705290900744 ], [ 107.956052690402899, -6.994968344026335 ], [ 107.956332768958475, -6.995356268275843 ], [ 107.956482637362853, -6.995854903698017 ], [ 107.956575070933539, -6.996608181242713 ], [ 107.956575070933525, -6.996960676087692 ], [ 107.956476808882044, -6.997919085173616 ], [ 107.956411132385483, -6.99859268621221 ], [ 107.956415997281795, -6.998896892803054 ], [ 107.956540052885799, -6.99919144186374 ], [ 107.956606527809996, -6.999411526752803 ], [ 107.956973395312701, -6.999517089841593 ], [ 107.957198509101516, -6.999531323069143 ], [ 107.957493676115178, -6.99955030069971 ], [ 107.957834111867442, -6.999620280716814 ], [ 107.958357525437535, -6.999728215961857 ], [ 107.958385739805578, -6.999730665234035 ], [ 107.958912738408912, -6.99971880422537 ], [ 107.95943461184153, -6.999806575732108 ], [ 107.959775189159245, -6.99992755805228 ], [ 107.960018970818879, -7.000094798270709 ], [ 107.960217342172598, -7.00030473801444 ], [ 107.960341772352606, -7.000480404310719 ], [ 107.960482783301714, -7.000725963556635 ], [ 107.960586749011355, -7.00081492096658 ], [ 107.96087454327045, -7.00083968653969 ], [ 107.96146242790067, -7.000796418096517 ], [ 107.962000055582791, -7.00074920994971 ], [ 107.962271322433423, -7.000717185279961 ], [ 107.962708682862697, -7.000750396061485 ], [ 107.962966804604164, -7.000892727905412 ], [ 107.963218951323668, -7.001035059702221 ], [ 107.963438832815896, -7.001188066345907 ], [ 107.963563113664719, -7.001247371229073 ], [ 107.963613304006586, -7.001514243110683 ], [ 107.963681419460841, -7.001622177932986 ], [ 107.963768655057223, -7.001776370469837 ], [ 107.963627644095098, -7.001784673144092 ], [ 107.963440182713796, -7.00185435159367 ], [ 107.963345777048303, -7.00198056922611 ], [ 107.963098410360615, -7.002341142186547 ], [ 107.962989306109336, -7.00261833241597 ], [ 107.962798104792029, -7.003013301613766 ], [ 107.962758669521648, -7.003187657265891 ], [ 107.962512336257475, -7.00343544799387 ], [ 107.962207609148336, -7.003792461575279 ], [ 107.961968645021727, -7.004282529685462 ], [ 107.961763103618324, -7.004607518197372 ], [ 107.961717693314839, -7.004650217420446 ], [ 107.961392651096403, -7.004981136115611 ], [ 107.961366073551204, -7.005005664975021 ], [ 107.961271995856023, -7.005060591708929 ], [ 107.96109214143965, -7.004689836128387 ], [ 107.960898452043025, -7.004423441180243 ], [ 107.960964859827925, -7.004206480246717 ], [ 107.961133646279748, -7.003920860636221 ], [ 107.960984228764175, -7.003709392158103 ], [ 107.960762869479936, -7.003486938195278 ], [ 107.960497238342455, -7.003418279545218 ], [ 107.960408694630715, -7.003528133380535 ], [ 107.960035150840625, -7.003937338689562 ], [ 107.959932772173786, -7.0037203775299 ], [ 107.959691298542822, -7.003288248430771 ], [ 107.959843483048928, -7.003159170105033 ], [ 107.959561249953452, -7.002848832700404 ], [ 107.959420133407278, -7.00293396952789 ], [ 107.959184939135767, -7.002568704952481 ], [ 107.958933142953356, -7.002291323398585 ], [ 107.958592803034833, -7.002068868761063 ], [ 107.958606637989959, -7.001678886308583 ], [ 107.958136249487751, -7.001711842557499 ], [ 107.957873385340804, -7.001926058295699 ], [ 107.957521977482102, -7.001728320694238 ], [ 107.957544113408872, -7.001412489629571 ], [ 107.957068190906924, -7.001385026042569 ], [ 107.956722317029303, -7.001511358502178 ], [ 107.956417948017091, -7.001689871701175 ], [ 107.95594479251487, -7.001731067030402 ], [ 107.955720666242669, -7.001838174907971 ], [ 107.955485472005961, -7.001714588893685 ], [ 107.955463652528067, -7.001219233462431 ], [ 107.955406986005244, -7.001136039216166 ], [ 107.955177907329073, -7.000803669566474 ], [ 107.954905199690245, -7.000660715935584 ], [ 107.95481613640483, -7.000649050210164 ], [ 107.954240026744984, -7.000563512364859 ], [ 107.953961231656208, -7.000852007558069 ], [ 107.953663732384939, -7.001159006191383 ], [ 107.953361510909431, -7.001480065584817 ], [ 107.953284774993051, -7.001711920661823 ], [ 107.953208039078334, -7.001972048780726 ], [ 107.953403835990301, -7.0021066262814 ], [ 107.953651668925787, -7.002343286269855 ], [ 107.953873612778764, -7.002680749296573 ], [ 107.953486391525502, -7.003083829826215 ], [ 107.953179548827123, -7.003301598988195 ], [ 107.953296423531768, -7.003551180524265 ], [ 107.953420381534229, -7.003751548710855 ], [ 107.953670779495638, -7.004137196092949 ], [ 107.953638904562183, -7.004488756748432 ], [ 107.953793081201425, -7.004606508050084 ], [ 107.953999662225755, -7.004838512782065 ], [ 107.954331397480246, -7.00486429108086 ], [ 107.954574591306312, -7.004955686846005 ], [ 107.954795286005563, -7.005040018102531 ], [ 107.955056188109964, -7.005126726879112 ], [ 107.955419564704385, -7.005247745675232 ], [ 107.955682827919418, -7.005254776110219 ], [ 107.955872896879796, -7.005168067363676 ], [ 107.956042896452573, -7.005087217327107 ], [ 107.956219979335032, -7.005087217327112 ], [ 107.956382895573398, -7.005120026058053 ], [ 107.956813797238453, -7.005210098827392 ], [ 107.956849213815005, -7.005398748900876 ], [ 107.957001505083099, -7.005399920645655 ], [ 107.957430260199388, -7.005433304556105 ], [ 107.957593818978992, -7.005531993871744 ], [ 107.957789790698953, -7.005652682975409 ], [ 107.957904304283502, -7.005646824285334 ], [ 107.95831688965589, -7.005617644480977 ], [ 107.958491611433601, -7.005569603187153 ], [ 107.958551819613447, -7.005740677038243 ], [ 107.958480899391105, -7.005840879659237 ], [ 107.958294372087778, -7.006099833736799 ], [ 107.95826156537295, -7.006276088152793 ], [ 107.95820962106157, -7.006557304982577 ], [ 107.958505939738203, -7.006347564122639 ], [ 107.958912974431499, -7.006274337699465 ], [ 107.9590038769784, -7.006419633083015 ], [ 107.959348056353463, -7.006457116991943 ], [ 107.959807779887129, -7.006500573229299 ], [ 107.959700511062152, -7.006774347432344 ], [ 107.959604188035613, -7.007028566190946 ], [ 107.959911676938816, -7.007381297092507 ], [ 107.960266730909979, -7.007754310837263 ], [ 107.960496206403548, -7.00775914814296 ], [ 107.961200495304837, -7.008279156204007 ], [ 107.961924213182058, -7.008631282197761 ], [ 107.96213701654996, -7.008184097846552 ], [ 107.96244837440247, -7.008168117561486 ] ] ] ] } },
{ "type": "Feature", "properties": { "layer": "Kawasan Pertanian" }, "geometry": { "type": "MultiPolygon", "coordinates": [ [ [ [ 107.926184981092902, -6.948347411095781 ], [ 107.925881875566645, -6.948621564527322 ], [ 107.926010612972746, -6.948621564527328 ], [ 107.926108698616417, -6.948703716414591 ], [ 107.926114198650581, -6.948728537625921 ], [ 107.926160176295866, -6.949282301795316 ], [ 107.926218769624199, -6.949474870130176 ], [ 107.926381223971035, -6.949721325300292 ], [ 107.926458518547179, -6.949752412124531 ], [ 107.926774231711946, -6.949907587526463 ], [ 107.926774231711931, -6.949986696534341 ], [ 107.926449323018346, -6.950023208380101 ], [ 107.925693966294503, -6.950077673666566 ], [ 107.92447565212774, -6.950307910519487 ], [ 107.923789128940555, -6.950974276024214 ], [ 107.923396786371782, -6.951010787793178 ], [ 107.922966379199082, -6.950773461241418 ], [ 107.922365604631423, -6.950806930376804 ], [ 107.921655336945051, -6.950947654817054 ], [ 107.921240684903339, -6.950578731671369 ], [ 107.921240684913073, -6.950034998954284 ], [ 107.921305053616152, -6.949605984600312 ], [ 107.921301988446316, -6.949112524145037 ], [ 107.921479768672668, -6.948336645303634 ], [ 107.922958150643083, -6.947278637429548 ], [ 107.924060435601533, -6.947701862385268 ], [ 107.924099686690752, -6.947295060678684 ], [ 107.92414692365783, -6.946842111191426 ], [ 107.924145647105661, -6.946220014271689 ], [ 107.924374423226894, -6.946034207654557 ], [ 107.924031259042991, -6.945528400382068 ], [ 107.924655193924494, -6.945094850858128 ], [ 107.92468659817952, -6.944970155481573 ], [ 107.925175347169059, -6.945228220789831 ], [ 107.925830478795845, -6.944959832865277 ], [ 107.926301319940819, -6.945358486551444 ], [ 107.92689116809197, -6.94585789954913 ], [ 107.927005640299015, -6.946322666808034 ], [ 107.926662476115069, -6.946787182927919 ], [ 107.92679766200736, -6.947148472925897 ], [ 107.926256918442562, -6.947334279102144 ], [ 107.926069737976846, -6.947705891234372 ], [ 107.926184981092902, -6.948347411095781 ] ] ] ] } },
{ "type": "Feature", "properties": { "layer": "Kawasan Pertanian" }, "geometry": { "type": "MultiPolygon", "coordinates": [ [ [ [ 107.927827830447711, -6.958038620742661 ], [ 107.928462147186622, -6.958038620742657 ], [ 107.928945436130789, -6.959088028042705 ], [ 107.929704172331299, -6.959216637797358 ], [ 107.929835063085818, -6.959006756582547 ], [ 107.930197529793418, -6.959336569878633 ], [ 107.93001629644067, -6.959776320577425 ], [ 107.929563213054621, -6.960615843497144 ], [ 107.929549801125518, -6.96063035544707 ], [ 107.929847823602529, -6.960915459354744 ], [ 107.929715142645534, -6.961330198001352 ], [ 107.929068642410925, -6.961007614664918 ], [ 107.928555806624729, -6.960876836919938 ], [ 107.928348456495314, -6.960162099916157 ], [ 107.928146115417633, -6.960534984734975 ], [ 107.928021642693807, -6.960767222942193 ], [ 107.927830088172016, -6.960246221628503 ], [ 107.927782431907474, -6.960119789804448 ], [ 107.92717967701094, -6.959704427697302 ], [ 107.927070619651602, -6.959631851801086 ], [ 107.927011694740315, -6.95928421606765 ], [ 107.926961876231928, -6.959003119562001 ], [ 107.927315526108544, -6.958607320677562 ], [ 107.927664107844294, -6.95821610896794 ], [ 107.927827830447711, -6.958038620742661 ] ] ] ] } },
{ "type": "Feature", "properties": { "layer": "Kawasan Pertanian" }, "geometry": { "type": "MultiPolygon", "coordinates": [ [ [ [ 107.836436544695971, -6.963243893283155 ], [ 107.837254289157102, -6.96363530159575 ], [ 107.837341621090047, -6.963472433747249 ], [ 107.837883697360553, -6.963575315945119 ], [ 107.837941918647743, -6.963370417649249 ], [ 107.838367992621102, -6.963396686666577 ], [ 107.838391810419012, -6.963635734656108 ], [ 107.838844942016522, -6.96394348486016 ], [ 107.838948152482146, -6.96377010952125 ], [ 107.839072534323918, -6.963657152825331 ], [ 107.839373262983997, -6.963517975539355 ], [ 107.839555866112903, -6.963441795405426 ], [ 107.839712005022207, -6.963347226944676 ], [ 107.840008404308151, -6.96328155439169 ], [ 107.840201593128484, -6.963202747315997 ], [ 107.840317097555044, -6.963110256414178 ], [ 107.841034277966457, -6.962879088869284 ], [ 107.841148074125954, -6.963175929000096 ], [ 107.841201002569619, -6.963372946675852 ], [ 107.841500048277339, -6.963317781735418 ], [ 107.841542391031794, -6.963541068360759 ], [ 107.84201874704371, -6.963454380626996 ], [ 107.842047857682758, -6.963745966584421 ], [ 107.841068681472507, -6.963929849527545 ], [ 107.841093706744175, -6.964234060528139 ], [ 107.840545897350694, -6.964357524669549 ], [ 107.840373520604828, -6.96384522866106 ], [ 107.839849529011474, -6.964018603973344 ], [ 107.839865407548814, -6.96415782955907 ], [ 107.839621936712277, -6.964147321968579 ], [ 107.839475037855038, -6.964892781465121 ], [ 107.83912306370371, -6.964756182994511 ], [ 107.838371479807847, -6.965557384992989 ], [ 107.83817829100758, -6.965360368244057 ], [ 107.838167705318426, -6.965260546388504 ], [ 107.83808037338548, -6.965389264039986 ], [ 107.838022199043337, -6.965547955061295 ], [ 107.838024845465156, -6.965850047270235 ], [ 107.838143934463403, -6.966052317596458 ], [ 107.83759083222651, -6.96600240674444 ], [ 107.837354268514275, -6.965952495892504 ], [ 107.837179604650657, -6.965878943041311 ], [ 107.83700494081171, -6.96635703638839 ], [ 107.837002294390004, -6.966406947202614 ], [ 107.83705257640969, -6.96646211177969 ], [ 107.836864680435099, -6.966372797699227 ], [ 107.836732359325822, -6.966590829102488 ], [ 107.836176610690131, -6.966033929415834 ], [ 107.836285973377187, -6.965671183554773 ], [ 107.836516212106346, -6.965697452443291 ], [ 107.836614129728389, -6.965726348218443 ], [ 107.83647916219752, -6.966191307272196 ], [ 107.836703471171916, -6.966291567063556 ], [ 107.836896659990103, -6.965776697233125 ], [ 107.836931063479312, -6.965776697233117 ], [ 107.837072344991952, -6.965364978792386 ], [ 107.836670088820824, -6.965259903155263 ], [ 107.836579083848051, -6.965412772346768 ], [ 107.836028628044289, -6.965205247966576 ], [ 107.836070970798801, -6.964905782236167 ], [ 107.835682118154921, -6.964801865675157 ], [ 107.83555244346752, -6.965148615528402 ], [ 107.835406890247327, -6.965106585256368 ], [ 107.835293094113069, -6.965329451550303 ], [ 107.835094612449282, -6.965053627931704 ], [ 107.835175606418204, -6.964930766753981 ], [ 107.835098860174369, -6.964870348209792 ], [ 107.835305866270232, -6.964203420512222 ], [ 107.835372026824771, -6.964240197071238 ], [ 107.835829857863473, -6.964363661211058 ], [ 107.83588807915288, -6.964132494283866 ], [ 107.835588761214709, -6.964025938862115 ], [ 107.835609932590444, -6.963765875877036 ], [ 107.836112752807594, -6.963857817353764 ], [ 107.836436544695971, -6.963243893283155 ] ] ] ] } },
{ "type": "Feature", "properties": { "layer": "Kawasan Pertanian" }, "geometry": { "type": "MultiPolygon", "coordinates": [ [ [ [ 107.676206978758273, -6.976160300672014 ], [ 107.677437789028886, -6.976080624688156 ], [ 107.677411032284056, -6.976532121746875 ], [ 107.677304005303483, -6.979028627032855 ], [ 107.677223735069049, -6.982799918276393 ], [ 107.677089951343646, -6.983145175814844 ], [ 107.675725357347687, -6.983516991340372 ], [ 107.675859141073033, -6.982029727463812 ], [ 107.676260492247891, -6.982109402434975 ], [ 107.676474546207658, -6.981870377482267 ], [ 107.676581573188287, -6.980223757828963 ], [ 107.676447789462827, -6.978842717523725 ], [ 107.676206978758273, -6.976160300672014 ] ] ] ] } },
{ "type": "Feature", "properties": { "layer": "Kawasan yang Memberikan Perlindungan Terhadap Kawasan Bawahannya" }, "geometry": { "type": "MultiPolygon", "coordinates": [ [ [ [ 107.96136617224029, -7.005003938384321 ], [ 107.961274584642354, -7.005144688557935 ], [ 107.961273327959645, -7.00528812826812 ], [ 107.961386462509068, -7.005597469935944 ], [ 107.96144426992322, -7.005749640610402 ], [ 107.961552344637255, -7.006055229115908 ], [ 107.961597585226684, -7.006142540093482 ], [ 107.961830071545648, -7.006555396007361 ], [ 107.961971210135232, -7.006827306952943 ], [ 107.962125782097772, -7.007069282636484 ], [ 107.962163482575562, -7.007743220561448 ], [ 107.962362038459446, -7.007987690344044 ], [ 107.96244837440247, -7.008168117561486 ], [ 107.962134757726133, -7.008178314953219 ], [ 107.962116662234848, -7.008215205534575 ], [ 107.961921113428573, -7.008622789697181 ], [ 107.961592801450209, -7.008464118305289 ], [ 107.961174497055765, -7.008258216518616 ], [ 107.960896477675306, -7.008052314662736 ], [ 107.960496027741101, -7.007756119602 ], [ 107.960267320664357, -7.00774852485467 ], [ 107.959934916861371, -7.00740193914132 ], [ 107.95981843779083, -7.007267765140877 ], [ 107.959602483898152, -7.007022201319293 ], [ 107.959692606381566, -7.006775793500707 ], [ 107.959814186721147, -7.006496474884843 ], [ 107.959516619479999, -7.006463912475382 ], [ 107.959181366997427, -7.006429035105082 ], [ 107.95900186920889, -7.006413010366942 ], [ 107.958908796263131, -7.006266902433349 ], [ 107.958505163654209, -7.006341370358824 ], [ 107.958432034925067, -7.006390387211389 ], [ 107.958356057025185, -7.006442231954017 ], [ 107.958303822219833, -7.006480879849974 ], [ 107.958206000672646, -7.006548749316588 ], [ 107.958246838783865, -7.006335714577014 ], [ 107.958289576351675, -7.006100056554856 ], [ 107.958363389572739, -7.005994853347079 ], [ 107.958448436362858, -7.005875410686873 ], [ 107.958485558010423, -7.00582320283211 ], [ 107.958549216767281, -7.005735287114248 ], [ 107.958516473756447, -7.005642856164053 ], [ 107.958488408324399, -7.00556350905011 ], [ 107.9583117166476, -7.005610649831543 ], [ 107.957999169721077, -7.005633441044942 ], [ 107.957786542648378, -7.005649170824186 ], [ 107.957737215523537, -7.005618360510008 ], [ 107.957593486453234, -7.005529306011448 ], [ 107.957427219983856, -7.005425901480272 ], [ 107.95733196756386, -7.005417882357028 ], [ 107.957122752449834, -7.005401000004613 ], [ 107.95700071031662, -7.005391714697908 ], [ 107.956848476562982, -7.005392980893511 ], [ 107.956809780268784, -7.005203054135693 ], [ 107.956779588667303, -7.005197145323085 ], [ 107.956568540276137, -7.005153673193256 ], [ 107.956223601889178, -7.005081348142931 ], [ 107.956046279365523, -7.005082614329358 ], [ 107.955870847826475, -7.005161568537312 ], [ 107.955680768254197, -7.005246824573914 ], [ 107.955616557932686, -7.005245558394939 ], [ 107.955414146571016, -7.005240493680244 ], [ 107.955268716575873, -7.005192378898007 ], [ 107.95511851851893, -7.005142975491738 ], [ 107.954963308155314, -7.005091062181445 ], [ 107.954796765795834, -7.005035552372756 ], [ 107.95468181972069, -7.004990488713223 ], [ 107.954527669350227, -7.004933439292574 ], [ 107.954330360798465, -7.004857890575495 ], [ 107.954170928417923, -7.004846072910004 ], [ 107.954002110543527, -7.004832989071208 ], [ 107.95387751700865, -7.00469666371237 ], [ 107.953781839401245, -7.004590726661651 ], [ 107.953718054312048, -7.004543033884865 ], [ 107.953636834634722, -7.004483945456821 ], [ 107.953639386048678, -7.004453979191976 ], [ 107.953655544953747, -7.004260253513725 ], [ 107.953666601036332, -7.004129836822714 ], [ 107.953644063638421, -7.004094383746045 ], [ 107.953555614982406, -7.003958058173076 ], [ 107.953468016813702, -7.003823842861164 ], [ 107.953399554145577, -7.003718749709738 ], [ 107.953294393512891, -7.003557817624926 ], [ 107.953245066384966, -7.003445127324655 ], [ 107.953178304648929, -7.003293185291225 ], [ 107.953267178526914, -7.003230298168857 ], [ 107.953364557093096, -7.003159813915998 ], [ 107.953481921651715, -7.003075823698344 ], [ 107.95355888897582, -7.0029977423175 ], [ 107.953732384388104, -7.002819632321112 ], [ 107.953816155470008, -7.002733531747315 ], [ 107.953872286347007, -7.002674865152471 ], [ 107.953756622721031, -7.002500553588061 ], [ 107.953651589947427, -7.002341436196354 ], [ 107.953616295520987, -7.002308093301763 ], [ 107.953489150590087, -7.002185695269967 ], [ 107.953415585123295, -7.002114788797641 ], [ 107.953402402865734, -7.00210170487505 ], [ 107.953275204173906, -7.002015807016153 ], [ 107.953201428488242, -7.00196504843931 ], [ 107.953225182053316, -7.001889326629644 ], [ 107.953271571352957, -7.001741488780984 ], [ 107.953323455920625, -7.001573404856633 ], [ 107.95335307801777, -7.001476602895558 ], [ 107.953436634611592, -7.001388676757168 ], [ 107.953548136560585, -7.001271626781068 ], [ 107.953668022125854, -7.001145146211995 ], [ 107.953774773399928, -7.001032256741087 ], [ 107.953870346490646, -7.000931848861121 ], [ 107.95390276308926, -7.00089745499438 ], [ 107.953971788127788, -7.000828944638908 ], [ 107.954091953131353, -7.000706722041604 ], [ 107.954238386836607, -7.000558606477123 ], [ 107.954895260816343, -7.000654175260298 ], [ 107.955169562388292, -7.000795130797522 ], [ 107.955460399921094, -7.001210273564292 ], [ 107.955480967447912, -7.001695363369911 ], [ 107.955713215165716, -7.001829553990851 ], [ 107.955948585412173, -7.001721423967828 ], [ 107.95640672745283, -7.00168377156078 ], [ 107.956714100863067, -7.001508060205883 ], [ 107.95704287370404, -7.001389310181355 ], [ 107.957533942006265, -7.00140282644579 ], [ 107.957509624484103, -7.001718527660128 ], [ 107.957870496453268, -7.001918375112637 ], [ 107.958132152943747, -7.001706942308519 ], [ 107.958168142865972, -7.001703080518559 ], [ 107.958603912771324, -7.001669289882433 ], [ 107.958593213031705, -7.001914513330498 ], [ 107.958588349527318, -7.002057399373522 ], [ 107.958808179887342, -7.002202216268046 ], [ 107.958921013170027, -7.002278486479174 ], [ 107.9589628393, -7.002324827866599 ], [ 107.959048436955754, -7.002420406972909 ], [ 107.959164188340068, -7.002549776630056 ], [ 107.959177101211594, -7.002568940926021 ], [ 107.959417401492331, -7.00293995294662 ], [ 107.959562026677247, -7.002840574751753 ], [ 107.959835702027988, -7.003154168094811 ], [ 107.959688851838735, -7.003277838651528 ], [ 107.959928169360481, -7.0037172757397 ], [ 107.959988720585059, -7.003840207567393 ], [ 107.960036610846089, -7.003936941182891 ], [ 107.960091222536235, -7.003876065735076 ], [ 107.960245815665203, -7.003700944524435 ], [ 107.960281523314691, -7.00366091680302 ], [ 107.960387385985555, -7.003540416672003 ], [ 107.960446618674226, -7.003474537700345 ], [ 107.960494508935213, -7.00341908260076 ], [ 107.960570274358474, -7.003437249435312 ], [ 107.960658913349505, -7.003458931127613 ], [ 107.960745871971085, -7.003479361960014 ], [ 107.960833533655276, -7.003564984602086 ], [ 107.960966796310402, -7.00369377216202 ], [ 107.961020134133364, -7.003764833522333 ], [ 107.961128848405451, -7.003911024741814 ], [ 107.961037297506266, -7.00406667392399 ], [ 107.960968538780563, -7.004183278997889 ], [ 107.960933476386117, -7.004292652742273 ], [ 107.96089522649028, -7.004409257776977 ], [ 107.960892494354383, -7.004421460626114 ], [ 107.960984931591327, -7.004543941067173 ], [ 107.961066440278799, -7.004652862751011 ], [ 107.961107877656104, -7.004734357925336 ], [ 107.961182100646113, -7.004878984181252 ], [ 107.961272368945984, -7.005057721241037 ], [ 107.96136617224029, -7.005003938384321 ] ] ] ] } },
{ "type": "Feature", "properties": { "layer": "Pemukiman" }, "geometry": { "type": "MultiPolygon", "coordinates": [ [ [ [ 107.820866836242445, -6.960736491551245 ], [ 107.820958913510268, -6.960735305493867 ], [ 107.820967240953905, -6.960804255799267 ], [ 107.820965822302767, -6.960882594270917 ], [ 107.820997052933762, -6.960939562128662 ], [ 107.821050920926211, -6.960986636282817 ], [ 107.821150617671378, -6.960992771884911 ], [ 107.8213034968187, -6.960967379322565 ], [ 107.821367754453547, -6.960916019334894 ], [ 107.821380447026343, -6.960866681430894 ], [ 107.821353757837301, -6.960757231446708 ], [ 107.821342551050861, -6.960677309745853 ], [ 107.821360050896388, -6.960573400941236 ], [ 107.821413012230096, -6.960510014046025 ], [ 107.821446968270649, -6.96049517348674 ], [ 107.821647979102579, -6.960477938596345 ], [ 107.82171611225219, -6.960480116182672 ], [ 107.82176763255525, -6.960512041529068 ], [ 107.821780322406781, -6.960664299430527 ], [ 107.821784883511739, -6.960796439384382 ], [ 107.821825239069085, -6.960916091352694 ], [ 107.821901831204244, -6.96108697267433 ], [ 107.821960615642311, -6.961196203140966 ], [ 107.821996896990939, -6.961213485128132 ], [ 107.822230624241868, -6.961123958590368 ], [ 107.822499703804866, -6.9609582267458 ], [ 107.822529394178503, -6.960956165328447 ], [ 107.822583878427622, -6.960882584193278 ], [ 107.822613046694869, -6.960701889861493 ], [ 107.822675915163316, -6.960296934470394 ], [ 107.822732048713831, -6.960100980154944 ], [ 107.82284301842418, -6.960046084264919 ], [ 107.82296379213274, -6.959995858328166 ], [ 107.823165692587452, -6.959880113067907 ], [ 107.823210386678412, -6.95978766144188 ], [ 107.823313707359944, -6.959711162923994 ], [ 107.82340266234587, -6.959693072909879 ], [ 107.823519377902358, -6.959647498904319 ], [ 107.82359873061074, -6.959711618313991 ], [ 107.823122119372897, -6.96009200741057 ], [ 107.822935138199981, -6.960376490874252 ], [ 107.82277137350259, -6.96112706772413 ], [ 107.82249617454147, -6.961355760977384 ], [ 107.821971425109624, -6.961284797565189 ], [ 107.821417864033833, -6.961472792805368 ], [ 107.820944058092721, -6.961260273657769 ], [ 107.820785885297951, -6.961046047518034 ], [ 107.820866836242445, -6.960736491551245 ] ] ] ] } },
{ "type": "Feature", "properties": { "layer": "Pemukiman" }, "geometry": { "type": "MultiPolygon", "coordinates": [ [ [ [ 107.803219741972555, -6.993629873555344 ], [ 107.803726016774149, -6.993682908808831 ], [ 107.803662404811703, -6.994064626279888 ], [ 107.803883587927146, -6.994097953968666 ], [ 107.803854017221454, -6.994385551799488 ], [ 107.803942283934489, -6.994415265107762 ], [ 107.803921202101208, -6.99462518159878 ], [ 107.804338053105994, -6.994582357654394 ], [ 107.804341459194575, -6.994192788360007 ], [ 107.804487805662802, -6.994179441085731 ], [ 107.804519388102378, -6.993740374863783 ], [ 107.804913922926687, -6.993692116499637 ], [ 107.804950407183, -6.993509069267115 ], [ 107.806003937385313, -6.993481906870717 ], [ 107.805947671280393, -6.994398627065002 ], [ 107.803539852908514, -6.994718007273484 ], [ 107.80309076925397, -6.994836965684959 ], [ 107.803160552282819, -6.994404415969752 ], [ 107.803219741972555, -6.993629873555344 ] ] ] ] } },
{ "type": "Feature", "properties": { "layer": "Pemukiman" }, "geometry": { "type": "MultiPolygon", "coordinates": [ [ [ [ 107.80159233142804, -6.982854548498114 ], [ 107.801539956463785, -6.983395174422996 ], [ 107.801529228689461, -6.983405102084699 ], [ 107.801514383208641, -6.983358149210962 ], [ 107.801503519140169, -6.98329478630606 ], [ 107.801502656933295, -6.983242071585746 ], [ 107.801507874617428, -6.983171331153425 ], [ 107.801514464871687, -6.983119550900004 ], [ 107.801524095072295, -6.983058757786271 ], [ 107.801536039306271, -6.983009527677458 ], [ 107.801585505449239, -6.982862372913232 ], [ 107.80159233142804, -6.982854548498114 ] ] ], [ [ [ 107.80160183357647, -6.982843656469513 ], [ 107.80159233142804, -6.982854548498114 ], [ 107.80159353880515, -6.982842085701009 ], [ 107.80160183357647, -6.982843656469513 ] ] ], [ [ [ 107.80160183357647, -6.982843656469513 ], [ 107.801625396415261, -6.982816647089702 ], [ 107.801682310595709, -6.982756146557655 ], [ 107.80175505135567, -6.982705145788495 ], [ 107.801839056949618, -6.982682847335163 ], [ 107.801991511159983, -6.982635226880171 ], [ 107.802304305267114, -6.982536332337071 ], [ 107.802394633589472, -6.982549686956297 ], [ 107.802474278090017, -6.98257099235104 ], [ 107.8025295839671, -6.982604337303478 ], [ 107.802559803276949, -6.982625733250453 ], [ 107.802719868884822, -6.982793681789523 ], [ 107.802779841431388, -6.982853357892751 ], [ 107.80282661505386, -6.982887405080863 ], [ 107.802890566553117, -6.982874757211904 ], [ 107.802913218747861, -6.982830627398274 ], [ 107.80292957549166, -6.982791344607942 ], [ 107.802925795178865, -6.982726181669594 ], [ 107.802940177051596, -6.982461257809082 ], [ 107.80296967468071, -6.982348470318188 ], [ 107.802993543333656, -6.982265037951205 ], [ 107.803136245207966, -6.981953760528748 ], [ 107.803312513506071, -6.981562676791157 ], [ 107.80334897305012, -6.981469550202877 ], [ 107.803510734464282, -6.98120989045969 ], [ 107.803618168317143, -6.981168876234112 ], [ 107.803669433713381, -6.981152758754235 ], [ 107.8038464296787, -6.981174952773684 ], [ 107.804042264085822, -6.981235292809154 ], [ 107.804230091190476, -6.981262602604973 ], [ 107.804550940924003, -6.981180711830574 ], [ 107.804598294986576, -6.981170867722704 ], [ 107.804645874598421, -6.981178041791884 ], [ 107.804750323309008, -6.981204290617518 ], [ 107.804827377511927, -6.98123837726152 ], [ 107.804940812001476, -6.981239449417167 ], [ 107.804986802673866, -6.981160669610266 ], [ 107.804995194295671, -6.98107963399357 ], [ 107.804991463004811, -6.98103447643189 ], [ 107.804984135352143, -6.980952410527673 ], [ 107.804976758085502, -6.980907971819241 ], [ 107.80496003868457, -6.980871770027655 ], [ 107.804957658146421, -6.980797380697411 ], [ 107.804950870188208, -6.980748311689275 ], [ 107.802985226591787, -6.979718587149084 ], [ 107.803189339838269, -6.979430017901304 ], [ 107.803364222593714, -6.979315552823397 ], [ 107.803492833665757, -6.97924075030554 ], [ 107.803686937325637, -6.979083230596006 ], [ 107.803872689504885, -6.97884737348592 ], [ 107.804012691603262, -6.97868306966249 ], [ 107.804264059226597, -6.978470409882899 ], [ 107.804311470014085, -6.978421797099956 ], [ 107.80438954067813, -6.978204262479048 ], [ 107.804672050138564, -6.977172175258439 ], [ 107.804716959235591, -6.976407950323114 ], [ 107.804797074186183, -6.975922427282548 ], [ 107.804838471882618, -6.97563314571621 ], [ 107.804910942928956, -6.975387628567282 ], [ 107.804946255111659, -6.975110172689305 ], [ 107.804978425099947, -6.974785426851034 ], [ 107.80498644676716, -6.97468640932088 ], [ 107.805193403445756, -6.974348232807691 ], [ 107.805219411017916, -6.974287842704846 ], [ 107.805234171405075, -6.97420785616321 ], [ 107.805236593454538, -6.974080857201544 ], [ 107.805253182380198, -6.973362952359655 ], [ 107.805322935747839, -6.972311027774676 ], [ 107.805350178317681, -6.972168954500536 ], [ 107.805373434028624, -6.972058207060678 ], [ 107.805421462314044, -6.971968752139851 ], [ 107.805515144783115, -6.971880475474785 ], [ 107.805643755855129, -6.971805671769265 ], [ 107.805943784426432, -6.971679618241105 ], [ 107.806371093178385, -6.971633176706442 ], [ 107.806468049109384, -6.971627148334655 ], [ 107.806588734409686, -6.971578630027909 ], [ 107.806770973384872, -6.971442352716267 ], [ 107.807157254187032, -6.971080382396575 ], [ 107.807200204457274, -6.970994837082738 ], [ 107.807231433885988, -6.970821437450812 ], [ 107.807259959403012, -6.970561314084996 ], [ 107.807310361788325, -6.970381225377423 ], [ 107.807340925771371, -6.970285033625811 ], [ 107.807443885137062, -6.970034125185157 ], [ 107.807500887390077, -6.969952483483404 ], [ 107.807574209852504, -6.96991621216336 ], [ 107.807688108485024, -6.96988502892217 ], [ 107.80800441430695, -6.96981102820729 ], [ 107.808080536579908, -6.969788747659505 ], [ 107.808149398526865, -6.969715544461379 ], [ 107.808167576222615, -6.969608706247735 ], [ 107.808171089426651, -6.969509122280783 ], [ 107.808119314019166, -6.969448071023765 ], [ 107.807999438007698, -6.969310281659277 ], [ 107.807846012189458, -6.968968235997195 ], [ 107.807787120300887, -6.968747162142358 ], [ 107.807767471721391, -6.9684335252156 ], [ 107.807797993996502, -6.968222523976896 ], [ 107.807876281876375, -6.967857096367204 ], [ 107.807907601213586, -6.967726300514358 ], [ 107.807916400267985, -6.967685155604394 ], [ 107.808287846604401, -6.967807987145212 ], [ 107.808616249785644, -6.96837351343649 ], [ 107.808728179518226, -6.968387549002153 ], [ 107.808877545605938, -6.968424484754279 ], [ 107.808923115493272, -6.968441122534422 ], [ 107.809554697454075, -6.968416089045648 ], [ 107.810006982336461, -6.968090481699145 ], [ 107.810474396143206, -6.968806170528222 ], [ 107.810588818781611, -6.969111671082791 ], [ 107.810527164505615, -6.969653754261321 ], [ 107.811006000654814, -6.969734106487058 ], [ 107.81161483194866, -6.969989362530858 ], [ 107.812183218140106, -6.968731258854057 ], [ 107.813130631055515, -6.968986673085649 ], [ 107.813147514029609, -6.969027041590151 ], [ 107.81323683593105, -6.969103816101596 ], [ 107.813395058804886, -6.969331307230861 ], [ 107.813526188242292, -6.969555400843105 ], [ 107.813989975852678, -6.969241972761498 ], [ 107.81400765862287, -6.969189545210927 ], [ 107.81399146018903, -6.969143798068361 ], [ 107.814219874308264, -6.969017664770852 ], [ 107.814415462823774, -6.968997406268194 ], [ 107.814564449580075, -6.968979677041378 ], [ 107.814673224804778, -6.968989675866498 ], [ 107.815796317303537, -6.969076015218549 ], [ 107.816312779153137, -6.969202833893974 ], [ 107.816711115823253, -6.969140286053209 ], [ 107.81740193648065, -6.969199957136833 ], [ 107.818553734627827, -6.969369374853886 ], [ 107.818657125924631, -6.969384307896807 ], [ 107.818812160602477, -6.969341249933618 ], [ 107.819170312490272, -6.969198664668061 ], [ 107.819464660044048, -6.969260574148088 ], [ 107.820331005652363, -6.969181714322995 ], [ 107.820429390479873, -6.968606563231408 ], [ 107.821467304340558, -6.968861711128013 ], [ 107.822067998946466, -6.969287028659219 ], [ 107.822140999411246, -6.969372503475563 ], [ 107.822286302045498, -6.969540904423051 ], [ 107.822331029526424, -6.969595005761385 ], [ 107.822495163996848, -6.969690585916992 ], [ 107.822805038216487, -6.969729442860149 ], [ 107.822822381099982, -6.969766385393173 ], [ 107.822879144387841, -6.969938731033867 ], [ 107.82287706956653, -6.971043432558217 ], [ 107.822457074656143, -6.971078264919478 ], [ 107.822239096704564, -6.973088566780739 ], [ 107.822810699297023, -6.973247740289763 ], [ 107.822713331575656, -6.975000205672657 ], [ 107.821950369962238, -6.975082376082989 ], [ 107.82166263535261, -6.975090756151176 ], [ 107.819121219773379, -6.974910282625285 ], [ 107.818394455159449, -6.975130373109698 ], [ 107.817535707044343, -6.975120503730684 ], [ 107.817190329460857, -6.975370633752211 ], [ 107.816572657426278, -6.976107672199943 ], [ 107.815843383625179, -6.976558640805829 ], [ 107.815380867336629, -6.97702527466452 ], [ 107.814234279511666, -6.977939651399692 ], [ 107.812555091595826, -6.979800929411381 ], [ 107.811438945427497, -6.981225873268463 ], [ 107.810815097030755, -6.982819332951692 ], [ 107.810212722428744, -6.984737581134716 ], [ 107.809834578831968, -6.986019401617896 ], [ 107.809631116329584, -6.986491833569472 ], [ 107.809448912254439, -6.986726850628664 ], [ 107.809403522497149, -6.986872320667628 ], [ 107.809310796454042, -6.986967395853741 ], [ 107.809154306518238, -6.986929989684443 ], [ 107.809084251857726, -6.986918891554132 ], [ 107.808999110216817, -6.987007100182056 ], [ 107.808935644501375, -6.987175625482218 ], [ 107.808908041761939, -6.98709137579588 ], [ 107.808934184382622, -6.986759721968681 ], [ 107.808949022305072, -6.986612112056251 ], [ 107.809055577056782, -6.986317193163882 ], [ 107.809348591656672, -6.986319681341993 ], [ 107.809761214898188, -6.985789113720136 ], [ 107.809955736985344, -6.984803029515017 ], [ 107.805843612631861, -6.983247728507445 ], [ 107.805652909822427, -6.983697815740843 ], [ 107.805310636117838, -6.983610283950374 ], [ 107.805273953802285, -6.983758997128341 ], [ 107.805434115824937, -6.983835265039807 ], [ 107.805348744926803, -6.984058165255562 ], [ 107.805265729293183, -6.98405776772599 ], [ 107.805189264631309, -6.984221964058174 ], [ 107.805360722000373, -6.984270311265321 ], [ 107.805435571418982, -6.984085105178361 ], [ 107.805525088560032, -6.984324816973042 ], [ 107.805864633394378, -6.984478224698085 ], [ 107.805835347841935, -6.984612679459574 ], [ 107.805403392945152, -6.984466282047321 ], [ 107.805372765485657, -6.984594429878587 ], [ 107.805513091447679, -6.984675775438074 ], [ 107.805404540407011, -6.984871549799616 ], [ 107.80546950735021, -6.985000372000096 ], [ 107.805405687868884, -6.985276817551926 ], [ 107.80508959580861, -6.985127473224838 ], [ 107.805037253900139, -6.985353554640675 ], [ 107.804940970697743, -6.985406898347019 ], [ 107.804868786549989, -6.985299671398815 ], [ 107.804902174443995, -6.98511116221659 ], [ 107.804529719072363, -6.985005343957241 ], [ 107.80453854464875, -6.984858742681872 ], [ 107.804439976493811, -6.984807736851612 ], [ 107.804400814850453, -6.984874584954512 ], [ 107.804266477939862, -6.984828962067055 ], [ 107.804003785636752, -6.985100376613029 ], [ 107.803769567071612, -6.985451110509461 ], [ 107.803576507391654, -6.98537502772186 ], [ 107.803505083837265, -6.985620156693219 ], [ 107.803568372478708, -6.985726335398025 ], [ 107.803992630426947, -6.985853872161023 ], [ 107.803917103504887, -6.986044202932342 ], [ 107.803922455628694, -6.98622525699329 ], [ 107.803943452894643, -6.986277011998435 ], [ 107.80414544002987, -6.986296844140647 ], [ 107.80423312035829, -6.986463923854543 ], [ 107.804224881006704, -6.98657965636034 ], [ 107.804221904484749, -6.986641289703353 ], [ 107.804219777478153, -6.986664376118299 ], [ 107.804178300217202, -6.986850026584604 ], [ 107.804369130603803, -6.986893281772302 ], [ 107.804328633448861, -6.987173222392471 ], [ 107.804258132917568, -6.987185319507359 ], [ 107.804213519841312, -6.987401982435972 ], [ 107.804268410233604, -6.987416917990815 ], [ 107.804335169654593, -6.98744058932558 ], [ 107.804383481468861, -6.987458650137051 ], [ 107.804386154315807, -6.987475896141921 ], [ 107.804386826516975, -6.987496112395816 ], [ 107.804389583259649, -6.987525448097508 ], [ 107.804383169300863, -6.98754397053041 ], [ 107.804370257486724, -6.987568925695884 ], [ 107.804361943762686, -6.9875896257492 ], [ 107.804347038985213, -6.987620325239214 ], [ 107.804327268253672, -6.987622677836213 ], [ 107.804306606570492, -6.987619281768374 ], [ 107.80424860583345, -6.987616035386244 ], [ 107.804421643582216, -6.988078950823197 ], [ 107.804958001910109, -6.988130869805453 ], [ 107.805059738246484, -6.987244816291087 ], [ 107.805497547721018, -6.987277418735665 ], [ 107.805604003448266, -6.987082642460984 ], [ 107.805629709485217, -6.986950036850923 ], [ 107.80657947786915, -6.987033123988652 ], [ 107.80646658198431, -6.987991582208201 ], [ 107.806376999129782, -6.988052541704074 ], [ 107.806310919633148, -6.988393147297381 ], [ 107.808388861932372, -6.98871433151356 ], [ 107.808627277543366, -6.988626914184593 ], [ 107.808967160434136, -6.987955697055789 ], [ 107.809030842911284, -6.987598208171884 ], [ 107.809030711705205, -6.987461560663149 ], [ 107.808977942292046, -6.987302845312193 ], [ 107.809126268568292, -6.987348476029887 ], [ 107.809219052559158, -6.987405230616567 ], [ 107.809297282905902, -6.987469184356816 ], [ 107.809376738915049, -6.987452075259506 ], [ 107.809464013201378, -6.987444970563939 ], [ 107.809962517293272, -6.987800148902044 ], [ 107.809759604458264, -6.988449505206225 ], [ 107.809166629585349, -6.988465391975853 ], [ 107.809111501448186, -6.989331567474498 ], [ 107.80870984218889, -6.989344371329435 ], [ 107.808591415541812, -6.990285147741084 ], [ 107.807633973266363, -6.990058605087594 ], [ 107.807625211335733, -6.990346912968495 ], [ 107.806875435127282, -6.990401587506307 ], [ 107.806730981584394, -6.990500786434121 ], [ 107.805745376433222, -6.99042683310308 ], [ 107.805724277760419, -6.990306875511551 ], [ 107.805272977786686, -6.990209678830658 ], [ 107.805253247530473, -6.989900388582689 ], [ 107.804721913271877, -6.989858117446906 ], [ 107.804706919367305, -6.989767965962456 ], [ 107.804650976418714, -6.989708408745438 ], [ 107.804530423437953, -6.989660139615735 ], [ 107.804575980525783, -6.98944357519319 ], [ 107.804323264086165, -6.989390599066184 ], [ 107.804434753153316, -6.988667404865482 ], [ 107.804266931968655, -6.988397534681622 ], [ 107.804196384634082, -6.988316448581617 ], [ 107.804119888668893, -6.988218563200528 ], [ 107.803915910090737, -6.988201012809512 ], [ 107.803859017157805, -6.98833033252025 ], [ 107.803681934418378, -6.988292074601032 ], [ 107.803712937078743, -6.988175561838844 ], [ 107.80355181611688, -6.988107198638192 ], [ 107.80344160823222, -6.988448523760986 ], [ 107.80363810966368, -6.988531040954647 ], [ 107.803532603210229, -6.98886450356439 ], [ 107.80311579521738, -6.988794876401591 ], [ 107.802429383515701, -6.98857568800522 ], [ 107.802586166274978, -6.988305958516511 ], [ 107.802755272955949, -6.988100152575142 ], [ 107.802858977808953, -6.98794162328621 ], [ 107.80297972301679, -6.987762359579171 ], [ 107.803049705315004, -6.987642484939442 ], [ 107.803101184519306, -6.987577467850549 ], [ 107.80318292979716, -6.987509099000337 ], [ 107.803191883499281, -6.987438749572198 ], [ 107.80317600804301, -6.987382440095966 ], [ 107.80315690925508, -6.987351456414677 ], [ 107.803071141951577, -6.987346419727849 ], [ 107.80284783029542, -6.987358442835419 ], [ 107.802731205622422, -6.987369549113401 ], [ 107.802513233068453, -6.987381859698523 ], [ 107.802452264771674, -6.987385650360041 ], [ 107.802403024908926, -6.987365181687204 ], [ 107.802299591409067, -6.987317905404868 ], [ 107.80224438363247, -6.987253805101461 ], [ 107.802196576361339, -6.987222080507705 ], [ 107.802188101410422, -6.987198146725436 ], [ 107.802317438509718, -6.987222941117697 ], [ 107.802371903499946, -6.987043942843313 ], [ 107.802423145158699, -6.986890270327219 ], [ 107.80250342329731, -6.986757392022922 ], [ 107.802551023174686, -6.986677593924044 ], [ 107.802563856203818, -6.986622025259887 ], [ 107.802154818991553, -6.986373386334235 ], [ 107.802314123581496, -6.985981681088141 ], [ 107.802391027636148, -6.985988465308161 ], [ 107.802443520982152, -6.985960740789754 ], [ 107.802625649274333, -6.986000731498653 ], [ 107.80265904383252, -6.985942023206187 ], [ 107.802469620560856, -6.985846196618844 ], [ 107.802492063285356, -6.985760384973272 ], [ 107.802278451775592, -6.98567356306564 ], [ 107.802187821155186, -6.985593585220419 ], [ 107.802219903724691, -6.985454663226663 ], [ 107.802298391123273, -6.985335854464241 ], [ 107.802405762294995, -6.98504571193607 ], [ 107.802467925639988, -6.984942009574299 ], [ 107.802402391868895, -6.984913779869843 ], [ 107.802401170333525, -6.984764963805544 ], [ 107.802019546922068, -6.98463857666067 ], [ 107.801924082248675, -6.984945186864127 ], [ 107.801806338934028, -6.985013311867026 ], [ 107.801708789289989, -6.985371192260978 ], [ 107.801592654271104, -6.985332947331914 ], [ 107.801599136643631, -6.985188281522498 ], [ 107.801588241873404, -6.985180148960001 ], [ 107.801570213306846, -6.985174505102182 ], [ 107.801543797286428, -6.985167809525829 ], [ 107.801515685935627, -6.985174434271086 ], [ 107.801476148940139, -6.985257440498565 ], [ 107.80138770144012, -6.985215900896304 ], [ 107.801236795867467, -6.985253340051901 ], [ 107.801194840757276, -6.985261612126968 ], [ 107.801159559929673, -6.985297786894091 ], [ 107.801168547451724, -6.985320904810132 ], [ 107.801172484662033, -6.985356922352922 ], [ 107.801225199845661, -6.985590705867554 ], [ 107.801099761205492, -6.985224488989723 ], [ 107.801019008500816, -6.985070826112579 ], [ 107.800944224412802, -6.984916855718236 ], [ 107.800927345828654, -6.984888264487073 ], [ 107.80089811647467, -6.984843868908837 ], [ 107.800898669680251, -6.984807280860713 ], [ 107.80098621261557, -6.984667555295207 ], [ 107.801105597291382, -6.984694346870185 ], [ 107.801191349131059, -6.984741971443808 ], [ 107.80126554296497, -6.98479422459683 ], [ 107.801347046207866, -6.984830919236702 ], [ 107.801425573862261, -6.984826510300041 ], [ 107.801466240876451, -6.984813280903406 ], [ 107.801540560277033, -6.984745212064173 ], [ 107.801597681536066, -6.984699424992764 ], [ 107.801630015343164, -6.984687187199489 ], [ 107.801781015969823, -6.984632251314499 ], [ 107.801854250437827, -6.984621069082372 ], [ 107.802022233159732, -6.984558635263105 ], [ 107.802155118657552, -6.984497910101646 ], [ 107.802191024210913, -6.984457608826883 ], [ 107.802247696029355, -6.984293346394581 ], [ 107.802242026787965, -6.984243099599702 ], [ 107.802540836929751, -6.984205834331901 ], [ 107.802724223567566, -6.983986753635692 ], [ 107.802753538832235, -6.983965991215187 ], [ 107.802813657155184, -6.983945018199123 ], [ 107.802867972041611, -6.983921280949369 ], [ 107.802882408219347, -6.983904788863657 ], [ 107.802882790511177, -6.983869613450706 ], [ 107.802883074525781, -6.983781590677828 ], [ 107.802884771673774, -6.983768256041732 ], [ 107.802758446290568, -6.983784929706743 ], [ 107.802696226776121, -6.983587463597975 ], [ 107.802871015685469, -6.983501001148436 ], [ 107.802933708420682, -6.983212173008403 ], [ 107.802883535004426, -6.982918125830625 ], [ 107.80287312698411, -6.982914111251501 ], [ 107.80278122166483, -6.98293916519915 ], [ 107.802543012885877, -6.98273977508609 ], [ 107.802308631913334, -6.982803601583937 ], [ 107.802179776831707, -6.982700740299506 ], [ 107.801857846014798, -6.982892137081024 ], [ 107.80160183357647, -6.982843656469513 ] ] ] ] } },
{ "type": "Feature", "properties": { "layer": "Pemukiman" }, "geometry": { "type": "MultiPolygon", "coordinates": [ [ [ [ 107.802985226591787, -6.979718587149084 ], [ 107.804020817119138, -6.980259012481942 ], [ 107.804941212866339, -6.980740089092489 ], [ 107.804951063962278, -6.980750165124999 ], [ 107.804961233796519, -6.98083709513809 ], [ 107.804962963583606, -6.980875990423672 ], [ 107.804979101312171, -6.980897905717881 ], [ 107.804989925261694, -6.980987815232393 ], [ 107.804997329651343, -6.981087097253933 ], [ 107.804988523770362, -6.981166252991664 ], [ 107.80494335013438, -6.981241260538943 ], [ 107.804887726438849, -6.981240916304646 ], [ 107.804829235134392, -6.981241181108746 ], [ 107.804791306966322, -6.981224269136949 ], [ 107.804726397588198, -6.9812006586283 ], [ 107.804601467825421, -6.981171732184498 ], [ 107.804528967586776, -6.98119026857402 ], [ 107.804236474064169, -6.981265638726027 ], [ 107.804030526639366, -6.98123572235786 ], [ 107.803860299463992, -6.981182329320584 ], [ 107.803763884238109, -6.981167072702026 ], [ 107.803713474624729, -6.981160751699353 ], [ 107.803670597600387, -6.981156480325991 ], [ 107.803640859256348, -6.981162697215102 ], [ 107.80350986414841, -6.981214796153807 ], [ 107.803349402783653, -6.981470094924025 ], [ 107.80322843498972, -6.981756190667388 ], [ 107.803074904960354, -6.982094807764334 ], [ 107.802982592136587, -6.982299831948066 ], [ 107.802944795690351, -6.982467386540292 ], [ 107.802925795178865, -6.982726181669594 ], [ 107.802932410549545, -6.982793665009011 ], [ 107.802915685633266, -6.982825523550242 ], [ 107.802890566553117, -6.982874757211904 ], [ 107.802868990187847, -6.982883806870868 ], [ 107.802829069273471, -6.982888862044543 ], [ 107.802804914724632, -6.982879545154977 ], [ 107.802759756569884, -6.982836154096971 ], [ 107.802559803276949, -6.982625733250453 ], [ 107.8025295839671, -6.982604337303478 ], [ 107.802474278090017, -6.98257099235104 ], [ 107.802394633589472, -6.982549686956297 ], [ 107.802304215305824, -6.982537550740783 ], [ 107.801797132007394, -6.982695942961876 ], [ 107.801739409869555, -6.982721403151294 ], [ 107.801685258264357, -6.982758629630118 ], [ 107.801617817506852, -6.982825877764925 ], [ 107.80161204885971, -6.982832701692019 ], [ 107.801601847401813, -6.982842491837553 ], [ 107.801596411386299, -6.982849357473507 ], [ 107.801593725779327, -6.982851871909732 ], [ 107.801592622829517, -6.982852572194288 ], [ 107.80159686326715, -6.982841421392848 ], [ 107.801585718724766, -6.982868971475816 ], [ 107.80155852993353, -6.98294620173252 ], [ 107.801536478075093, -6.983015805392628 ], [ 107.801522815068296, -6.98307405486109 ], [ 107.801512103258773, -6.983141851222983 ], [ 107.801505238604761, -6.983228522185692 ], [ 107.80150471441371, -6.983298795707229 ], [ 107.801506047851461, -6.983307399527797 ], [ 107.801508375016354, -6.983327276343042 ], [ 107.801529367694172, -6.983405814207831 ], [ 107.801533708111663, -6.983400332307377 ], [ 107.80154126291842, -6.983393445619689 ], [ 107.801541407547532, -6.98339707944798 ], [ 107.80153845452908, -6.983403086708666 ], [ 107.801218328091139, -6.983700032068902 ], [ 107.801127175206716, -6.984032932569605 ], [ 107.801442925975508, -6.984178334981752 ], [ 107.801687567433873, -6.984388023877205 ], [ 107.801692034847534, -6.984397416817651 ], [ 107.801833200416809, -6.984351325334113 ], [ 107.802144453538645, -6.984253348116191 ], [ 107.802242026787965, -6.984243099599702 ], [ 107.802245528529582, -6.984267816421839 ], [ 107.802248285850169, -6.98429064558389 ], [ 107.802245678904399, -6.984304772319502 ], [ 107.802234681438406, -6.984340330364426 ], [ 107.802217104124239, -6.984383093138264 ], [ 107.802198875173829, -6.984444672656582 ], [ 107.802182312255425, -6.984473108996609 ], [ 107.802124486343814, -6.984520733140869 ], [ 107.801905671223963, -6.984606537287085 ], [ 107.801777403258953, -6.984638266719418 ], [ 107.801623619202815, -6.984690232010341 ], [ 107.801598925497572, -6.984699963935783 ], [ 107.801541261503701, -6.984746463768281 ], [ 107.801509063770254, -6.984773784534928 ], [ 107.801462944389783, -6.984816464053429 ], [ 107.801432005839516, -6.98482519383268 ], [ 107.801389472740325, -6.984828412738341 ], [ 107.801348943306792, -6.984830932641596 ], [ 107.801320683970758, -6.984819787188806 ], [ 107.801299020818604, -6.984809468845638 ], [ 107.801269114942386, -6.984796216440226 ], [ 107.801249381982217, -6.984782873500629 ], [ 107.801191349131059, -6.984741971443808 ], [ 107.801105597291382, -6.984694346870185 ], [ 107.800986162202747, -6.984667809915437 ], [ 107.800915073268698, -6.984781677483214 ], [ 107.800898669680251, -6.984807280860713 ], [ 107.80089811647467, -6.984843868908837 ], [ 107.800925980280468, -6.984887531174039 ], [ 107.800944224412802, -6.984916855718236 ], [ 107.801099761205492, -6.985224488989723 ], [ 107.801225199845661, -6.985590705867554 ], [ 107.801094492282701, -6.985663140978645 ], [ 107.800972035646581, -6.986252398942431 ], [ 107.801158543933994, -6.986300501993266 ], [ 107.800983240168094, -6.987028590350818 ], [ 107.801518714985008, -6.987183810645455 ], [ 107.801525441425781, -6.987051281152869 ], [ 107.802016196255934, -6.987214312001474 ], [ 107.802035871329167, -6.987199163792701 ], [ 107.802071464995066, -6.987178462224142 ], [ 107.802188101410422, -6.987198146725436 ], [ 107.802196576361339, -6.987222080507705 ], [ 107.80224438363247, -6.987253805101461 ], [ 107.802299591409067, -6.987317905404868 ], [ 107.802452264771674, -6.987385650360041 ], [ 107.80284783029542, -6.987358442835419 ], [ 107.803071141951577, -6.987346419727849 ], [ 107.80315690925508, -6.987351456414677 ], [ 107.80317600804301, -6.987382440095966 ], [ 107.803191883499281, -6.987438749572198 ], [ 107.80318292979716, -6.987509099000337 ], [ 107.803101184519306, -6.987577467850549 ], [ 107.803049705315004, -6.987642484939442 ], [ 107.803003284175759, -6.98772823802752 ], [ 107.802899804528991, -6.987875376106166 ], [ 107.802835078241529, -6.987985533916107 ], [ 107.802753886230917, -6.98810928076796 ], [ 107.802679121216244, -6.988194976645674 ], [ 107.802589431771665, -6.988300607263543 ], [ 107.802529618058273, -6.988215004287745 ], [ 107.802355590539108, -6.988025829653345 ], [ 107.802170348100745, -6.987967371407462 ], [ 107.802103600826925, -6.987953968970588 ], [ 107.801787504223, -6.988070956538484 ], [ 107.801474703940997, -6.987978888437224 ], [ 107.801446511355323, -6.98748383277908 ], [ 107.801076958248416, -6.987421719886335 ], [ 107.800999703832886, -6.987793369493462 ], [ 107.800657233841562, -6.987756635241632 ], [ 107.800623067170378, -6.988098800331029 ], [ 107.800456513694471, -6.988144781848372 ], [ 107.800104330971322, -6.989739673186115 ], [ 107.800295081516765, -6.98993718753866 ], [ 107.800627264783103, -6.990010384535434 ], [ 107.800703178780864, -6.989797643975175 ], [ 107.801108433199602, -6.989904872422275 ], [ 107.800924932559639, -6.990828450015982 ], [ 107.80084257351173, -6.991262384782901 ], [ 107.800891144466775, -6.991789933413595 ], [ 107.800909192698569, -6.991820134086782 ], [ 107.800939554163577, -6.991851878712885 ], [ 107.80096873306897, -6.991859515605316 ], [ 107.800988909015643, -6.991879917125932 ], [ 107.80100643371027, -6.991916139937148 ], [ 107.801035244146391, -6.991846168545432 ], [ 107.80111951205275, -6.991742972988585 ], [ 107.801251617591348, -6.991723787830965 ], [ 107.801321360758578, -6.991762412553109 ], [ 107.801115658726658, -6.992275422102984 ], [ 107.800956544849228, -6.992581982867939 ], [ 107.800712388878537, -6.992793418974523 ], [ 107.800282471529613, -6.993033598378433 ], [ 107.799905308495468, -6.993143509507951 ], [ 107.799718179685968, -6.993196763703695 ], [ 107.799508894864417, -6.993221667032557 ], [ 107.799359080787298, -6.99354855641796 ], [ 107.799360944229207, -6.99351705019802 ], [ 107.797890636436804, -6.994025919484441 ], [ 107.797815482067165, -6.994186180315996 ], [ 107.797978930987739, -6.994418767126716 ], [ 107.797824713456592, -6.994460090802797 ], [ 107.797566593591768, -6.99439005409818 ], [ 107.797368564071007, -6.994393934888034 ], [ 107.797167409570974, -6.994395103951318 ], [ 107.797081293734635, -6.994284331300374 ], [ 107.79610307022277, -6.994617963591459 ], [ 107.795349035705854, -6.994828762324682 ], [ 107.795304054213986, -6.995008987665747 ], [ 107.795131052534728, -6.994986567134234 ], [ 107.794899782144938, -6.995651597213674 ], [ 107.794758644440378, -6.99566491483407 ], [ 107.794534281717901, -6.996034889652254 ], [ 107.794183672192702, -6.996027297539704 ], [ 107.793787784218296, -6.996603132072128 ], [ 107.793650903804121, -6.996523936729718 ], [ 107.793331102441485, -6.996915616584449 ], [ 107.793462465192547, -6.997005794222245 ], [ 107.793283698503743, -6.997274327976742 ], [ 107.792762085198092, -6.99696046673354 ], [ 107.792587236329766, -6.997090931638023 ], [ 107.79232070266454, -6.997450754093961 ], [ 107.792285632110705, -6.997637360141505 ], [ 107.792212149844147, -6.997903415920541 ], [ 107.792055826076947, -6.998242247292575 ], [ 107.791937835059699, -6.998457779950605 ], [ 107.79179615247736, -6.998681577341019 ], [ 107.791710416888932, -6.998732622211777 ], [ 107.791129758738549, -6.998719841074376 ], [ 107.79071583849732, -6.998745715656213 ], [ 107.790603676430266, -6.998771669498179 ], [ 107.790514739443736, -6.998868565440874 ], [ 107.790354285566821, -6.999020522174559 ], [ 107.790256994714142, -6.999056344192605 ], [ 107.790100134589522, -6.999116711015354 ], [ 107.789633157412553, -6.999259912207461 ], [ 107.789417355962442, -6.999244858583988 ], [ 107.789279045212595, -6.999159486180634 ], [ 107.789031664812796, -6.999012416614177 ], [ 107.788927310515504, -6.99893120900326 ], [ 107.788465853193259, -6.998890138728289 ], [ 107.78812047281437, -6.999049984325803 ], [ 107.787964115984224, -6.99923612404527 ], [ 107.787664299401186, -6.999593049371534 ], [ 107.787604228792546, -6.999621533045909 ], [ 107.787524358033096, -6.999615519979194 ], [ 107.787472308777922, -6.999580981346863 ], [ 107.787435130737322, -6.999556310893582 ], [ 107.787371804016985, -6.999420314284399 ], [ 107.787295653622792, -6.999226685083535 ], [ 107.787240179434946, -6.999155701144695 ], [ 107.787072913490249, -6.999057772460223 ], [ 107.786992820980458, -6.999024645523086 ], [ 107.786940198455412, -6.999049788200602 ], [ 107.786919714925105, -6.999119358238197 ], [ 107.786715481585361, -6.999665711854103 ], [ 107.786568093689667, -6.999932898940457 ], [ 107.786425526970078, -7.000070841516695 ], [ 107.786175519917961, -7.000241508476769 ], [ 107.786082443992441, -7.000287548499105 ], [ 107.785998013532776, -7.000288504079506 ], [ 107.785798398733974, -7.000280788024244 ], [ 107.785727944879909, -7.000263297390578 ], [ 107.785633575131286, -7.000205296108432 ], [ 107.785581405398787, -7.000158357242968 ], [ 107.785510516450202, -7.000053531184584 ], [ 107.78544199180493, -6.999929517777288 ], [ 107.785391359351593, -6.999801976733807 ], [ 107.785330395685946, -6.999641399378189 ], [ 107.785258532229648, -6.999550716605452 ], [ 107.785232477796015, -6.999504166680867 ], [ 107.785180639128171, -6.999477467995931 ], [ 107.785101239174892, -6.999461741135691 ], [ 107.785061839831542, -6.999497198419453 ], [ 107.785018734861694, -6.999584184605885 ], [ 107.784952405928578, -6.999694174643576 ], [ 107.784908638201301, -6.999786794824554 ], [ 107.784879901135042, -6.999875528586013 ], [ 107.784848272103616, -6.999986983964075 ], [ 107.784800527923267, -7.000110846328657 ], [ 107.784563077873869, -7.00084653815741 ], [ 107.783975035021598, -7.001141936454109 ], [ 107.783730592252539, -7.001297759319319 ], [ 107.783002054638956, -7.001695738029751 ], [ 107.782910507366154, -7.001817011809887 ], [ 107.782900931024628, -7.001966680053878 ], [ 107.782934589264258, -7.002015323566731 ], [ 107.782963505231535, -7.002062232040857 ], [ 107.783011259378924, -7.002156151940434 ], [ 107.78329605942649, -7.002394111442917 ], [ 107.783424093389655, -7.002528073400876 ], [ 107.78339188633089, -7.002610824471042 ], [ 107.783245142473632, -7.002697222001276 ], [ 107.782727160399986, -7.002818941256022 ], [ 107.78227616127657, -7.002854380918215 ], [ 107.782121037021525, -7.002858898534247 ], [ 107.781864347096402, -7.002879281535019 ], [ 107.781718333625861, -7.002932826513733 ], [ 107.781613944631019, -7.003017589545452 ], [ 107.781510317366227, -7.003300903701219 ], [ 107.781451765467253, -7.003471376099494 ], [ 107.781340937636088, -7.003555771186344 ], [ 107.781085472090112, -7.003605133821853 ], [ 107.780651045974693, -7.003563276870164 ], [ 107.78021406950009, -7.003625423176888 ], [ 107.779223621525844, -7.00353980017756 ], [ 107.77916915230935, -7.003589751951247 ], [ 107.778903432039357, -7.003711992461104 ], [ 107.778830015335032, -7.003696803968058 ], [ 107.778398039861486, -7.003624690934117 ], [ 107.778254891102463, -7.003612724986557 ], [ 107.778127636817274, -7.003641641576054 ], [ 107.778010375259697, -7.003686768648492 ], [ 107.777927109889902, -7.003704585960603 ], [ 107.777867632823828, -7.003647930098357 ], [ 107.777764269495378, -7.003560182046734 ], [ 107.777469720538591, -7.003254266156106 ], [ 107.77724643570555, -7.00315216288989 ], [ 107.777036786411387, -7.003354033526478 ], [ 107.776923521177892, -7.003462483368185 ], [ 107.776849750211383, -7.003508389701064 ], [ 107.776554616706335, -7.003655839462895 ], [ 107.776441008246607, -7.003743305662329 ], [ 107.776231843631592, -7.003729045217153 ], [ 107.776206299656337, -7.003692935779201 ], [ 107.776182598004667, -7.003666031858566 ], [ 107.77612994785126, -7.003653447215258 ], [ 107.776082169770646, -7.003602583881817 ], [ 107.776033298919245, -7.003536625992407 ], [ 107.775937591248621, -7.003413762268501 ], [ 107.775584157491096, -7.00318283942336 ], [ 107.775496576263677, -7.002473382085938 ], [ 107.775295535916271, -7.002387339442702 ], [ 107.775319704928108, -7.002351458167877 ], [ 107.774869696443346, -7.002238730057178 ], [ 107.775034707816829, -7.001855593106881 ], [ 107.775871177152879, -7.002133544493727 ], [ 107.775760081132276, -7.002549740443899 ], [ 107.777086896713087, -7.002651673501114 ], [ 107.777165278723686, -7.002990156297373 ], [ 107.780687433693558, -7.003237242239577 ], [ 107.784858488876992, -6.999689909049416 ], [ 107.784508560467742, -6.999373848957427 ], [ 107.784706270932702, -6.999144073421357 ], [ 107.784861348471452, -6.999286454232809 ], [ 107.785226667943746, -6.999330759058313 ], [ 107.785499671624194, -6.9992339695598 ], [ 107.785929291908971, -6.999174100671998 ], [ 107.786244359328933, -6.998814593137483 ], [ 107.786480057237554, -6.998757778640647 ], [ 107.786539964852565, -6.998657607808537 ], [ 107.786849494344523, -6.998616641670283 ], [ 107.786966587766486, -6.998463571949991 ], [ 107.78739032114261, -6.998467597750649 ], [ 107.787449446639158, -6.998372416901447 ], [ 107.788078166104242, -6.998303359046397 ], [ 107.788291210947079, -6.998086456048512 ], [ 107.789123976477526, -6.997826627883353 ], [ 107.789153044203402, -6.997685332538687 ], [ 107.789370541393197, -6.997667882967986 ], [ 107.789409357953872, -6.997467634608204 ], [ 107.789630891205732, -6.99747308846013 ], [ 107.789656104711398, -6.997234077248625 ], [ 107.789980559113886, -6.997186024315207 ], [ 107.789994489818639, -6.997598979239289 ], [ 107.790710129244019, -6.997686809877054 ], [ 107.790695568647067, -6.998095751122254 ], [ 107.791635576150625, -6.998132268277628 ], [ 107.791669719012418, -6.997897893549384 ], [ 107.791919456557594, -6.99787814220044 ], [ 107.79211515843231, -6.997382334447593 ], [ 107.792472973433064, -6.996986722626471 ], [ 107.792151424212392, -6.996793721221609 ], [ 107.79159969501255, -6.996720036736731 ], [ 107.791667851138314, -6.996446702629405 ], [ 107.79158805390496, -6.996396482398556 ], [ 107.791595535189373, -6.996291400244648 ], [ 107.79150738017006, -6.996254755506722 ], [ 107.791532655575637, -6.996154723435712 ], [ 107.791556384025739, -6.996158606011479 ], [ 107.791608319620082, -6.996167103986174 ], [ 107.791733361856615, -6.996187564027214 ], [ 107.791828625588863, -6.995971521952032 ], [ 107.792359640126307, -6.996157322612645 ], [ 107.792529311382253, -6.995667004950923 ], [ 107.792980068655822, -6.995725631055181 ], [ 107.793015825128691, -6.995647877386568 ], [ 107.79345597951405, -6.995742190784969 ], [ 107.7935640441451, -6.995382955275511 ], [ 107.79386868965328, -6.995522777606426 ], [ 107.794471129767061, -6.994804575688337 ], [ 107.794317096143558, -6.994715855238172 ], [ 107.79429914692237, -6.994709831015101 ], [ 107.793527528295797, -6.994420762659649 ], [ 107.793435055877481, -6.994628317403482 ], [ 107.792916823394648, -6.994466464961321 ], [ 107.793041842817871, -6.994227258641637 ], [ 107.79376054680661, -6.99448387324654 ], [ 107.79393829753657, -6.994070517477932 ], [ 107.795048224884141, -6.994405323216948 ], [ 107.795475268885653, -6.993955242459586 ], [ 107.796152940270886, -6.994087888673701 ], [ 107.796431863517327, -6.993933036432058 ], [ 107.796568856680466, -6.993663268127692 ], [ 107.79679657459458, -6.993868161418993 ], [ 107.797778742498465, -6.993556216479097 ], [ 107.797998685991772, -6.993254697903874 ], [ 107.79849633644271, -6.993299778472219 ], [ 107.798691279929557, -6.993237963571267 ], [ 107.798985438750435, -6.993108016061588 ], [ 107.799060739602581, -6.992995747778271 ], [ 107.799076681483896, -6.992801854714831 ], [ 107.79899520399097, -6.992774781247816 ], [ 107.798976194754701, -6.992575800319094 ], [ 107.798757523530497, -6.992537620769994 ], [ 107.798765015560605, -6.992374606582602 ], [ 107.79857789385089, -6.992366930284528 ], [ 107.798621568940987, -6.992152671495639 ], [ 107.798513654401262, -6.992099145460851 ], [ 107.798602977240947, -6.991889764708476 ], [ 107.798542926541899, -6.991839092697312 ], [ 107.798618966474976, -6.991646107472086 ], [ 107.798610859537476, -6.991601552189119 ], [ 107.799035598025881, -6.990305953459924 ], [ 107.798695830839392, -6.990147631782431 ], [ 107.798904515559755, -6.989713103691395 ], [ 107.799257043090805, -6.989839308343412 ], [ 107.799603111519787, -6.988991425045885 ], [ 107.799542902146314, -6.988908271466763 ], [ 107.79975727047902, -6.987646572718898 ], [ 107.799442294023649, -6.987570810880248 ], [ 107.799542826264314, -6.986840561008896 ], [ 107.799149052800459, -6.986731366301017 ], [ 107.799055195488336, -6.986916040761546 ], [ 107.79868708709904, -6.986799154878961 ], [ 107.798634096578269, -6.986916396661864 ], [ 107.798570925383729, -6.986786597291629 ], [ 107.798641697322481, -6.986591356524141 ], [ 107.798482954408996, -6.986545338952668 ], [ 107.798498024835141, -6.986382784578645 ], [ 107.798297557026871, -6.986320900983232 ], [ 107.798318952871782, -6.986236576225343 ], [ 107.798431401133826, -6.986160737020624 ], [ 107.798543931016169, -6.9860229941136 ], [ 107.799030342672779, -6.985941798723474 ], [ 107.799036172788774, -6.9856562314101 ], [ 107.798830397549168, -6.985645997298346 ], [ 107.798799074479902, -6.985775022437621 ], [ 107.798645809628056, -6.98577715904166 ], [ 107.798622022837989, -6.985650591270354 ], [ 107.798656308183695, -6.985390079877616 ], [ 107.798199007372745, -6.985438949635999 ], [ 107.798204916877836, -6.985970029434493 ], [ 107.797980122472438, -6.98596106474356 ], [ 107.797982731605316, -6.985385289620961 ], [ 107.797157694886238, -6.985398537056621 ], [ 107.797189662296049, -6.985993269209852 ], [ 107.796972882789447, -6.986026622286763 ], [ 107.796971334449395, -6.985388581717017 ], [ 107.796126514663143, -6.985452977110068 ], [ 107.796113438569094, -6.985836386192086 ], [ 107.795450639318688, -6.985805167847608 ], [ 107.795443912370686, -6.986198446100084 ], [ 107.794879572413976, -6.986131069053888 ], [ 107.794838606854412, -6.986547243548349 ], [ 107.794820560349848, -6.98654575449554 ], [ 107.794959344915995, -6.984457546637739 ], [ 107.795372325865571, -6.984421433723697 ], [ 107.796017578678132, -6.984345837286257 ], [ 107.79670580391435, -6.984292383817637 ], [ 107.79769874888845, -6.984253048949064 ], [ 107.797755996743447, -6.98423514016302 ], [ 107.797778538542047, -6.984227276183825 ], [ 107.797796438057006, -6.984222037260579 ], [ 107.797823097714357, -6.984207206250047 ], [ 107.797860760421202, -6.984190547769974 ], [ 107.797908780094431, -6.984187015193807 ], [ 107.797949746660109, -6.984192152072317 ], [ 107.798872765452955, -6.984206907510507 ], [ 107.79897290594586, -6.984219464325054 ], [ 107.799828983063051, -6.984184788366493 ], [ 107.799874410527508, -6.9838278611145 ], [ 107.799901291765323, -6.983725657828931 ], [ 107.799934401530109, -6.983647186401278 ], [ 107.799949303931314, -6.983566431900144 ], [ 107.800091428186434, -6.982570530506139 ], [ 107.800077246042378, -6.982536620877251 ], [ 107.799948692853945, -6.98249296016787 ], [ 107.800042180893541, -6.981940089698202 ], [ 107.800050275282402, -6.981648007422187 ], [ 107.800414143822479, -6.981041825934175 ], [ 107.802087734682118, -6.981628078249365 ], [ 107.802466075857723, -6.980769870049297 ], [ 107.802638428234914, -6.980396724243972 ], [ 107.802985226591787, -6.979718587149084 ] ] ] ] } },
{ "type": "Feature", "properties": { "layer": "Pemukiman" }, "geometry": { "type": "MultiPolygon", "coordinates": [ [ [ [ 107.801321360758578, -6.991762412553109 ], [ 107.801439311704257, -6.991827735358881 ], [ 107.801481830694286, -6.991879486296104 ], [ 107.801503295279218, -6.991968053772329 ], [ 107.80149168920984, -6.9920408696407 ], [ 107.801155034963642, -6.992617199493184 ], [ 107.801079806546738, -6.992712210283303 ], [ 107.800872075208844, -6.992911296958565 ], [ 107.800411326348481, -6.993169175530925 ], [ 107.800041681944791, -6.993299219503924 ], [ 107.800042190038056, -6.993350344485703 ], [ 107.80000255123791, -6.993514804743105 ], [ 107.800010690012385, -6.993641033500608 ], [ 107.799996127349374, -6.993773823469787 ], [ 107.799993744716247, -6.994104873093403 ], [ 107.800433720546039, -6.99410201728995 ], [ 107.800438565617142, -6.994137439254398 ], [ 107.800439240532526, -6.994230743565814 ], [ 107.800460512266753, -6.994247336586586 ], [ 107.800619995543002, -6.994254159636147 ], [ 107.800685908033074, -6.994232393104959 ], [ 107.800778455485627, -6.994242033808337 ], [ 107.800836325206973, -6.994236467858695 ], [ 107.800839640075722, -6.994231246519329 ], [ 107.800849019735296, -6.994220021258969 ], [ 107.800853503655176, -6.994211564316259 ], [ 107.800896430137215, -6.994166134706327 ], [ 107.80089752068001, -6.994110089625797 ], [ 107.800891252681893, -6.994058194994852 ], [ 107.80084624594997, -6.994057812820136 ], [ 107.800836404895563, -6.993959622645797 ], [ 107.800955113878359, -6.993943529489881 ], [ 107.800964718046274, -6.993868070678413 ], [ 107.801388571839652, -6.993853702504631 ], [ 107.801390246301082, -6.993956797460726 ], [ 107.801272286764075, -6.993975467528299 ], [ 107.801283760681955, -6.994047466416303 ], [ 107.801365785430065, -6.994087019730752 ], [ 107.801373687063261, -6.994388741564451 ], [ 107.801404306395057, -6.994648050540882 ], [ 107.801513703243259, -6.994674684723092 ], [ 107.80165275318906, -6.994692392185513 ], [ 107.801694319203818, -6.994630682335293 ], [ 107.801719369719265, -6.994509540072176 ], [ 107.80172571102834, -6.994194846611498 ], [ 107.802017316243479, -6.994174049202516 ], [ 107.802031732733056, -6.994477005095209 ], [ 107.802101091400871, -6.994461801279843 ], [ 107.802149043014325, -6.994501274796826 ], [ 107.802266121849598, -6.994499306125847 ], [ 107.802307782567496, -6.994815238187971 ], [ 107.802723234907162, -6.994805189764567 ], [ 107.802731609929594, -6.994902142035132 ], [ 107.80268160273495, -6.995142857137807 ], [ 107.802730991139072, -6.99527523623689 ], [ 107.802686271889129, -6.99529083671871 ], [ 107.80267190527573, -6.995361744466881 ], [ 107.802502813917968, -6.995380837055741 ], [ 107.802461296011032, -6.995716573565764 ], [ 107.802868611836004, -6.995735449053111 ], [ 107.802935978826113, -6.995586005524197 ], [ 107.803080235401552, -6.995565502090477 ], [ 107.803410992052363, -6.995598308316123 ], [ 107.80345394566524, -6.99527148928139 ], [ 107.803453528887943, -6.995268585519023 ], [ 107.803106194142913, -6.995224812724468 ], [ 107.803090277742854, -6.994981101419784 ], [ 107.804014914347135, -6.994998505512331 ], [ 107.804036190987304, -6.99500005160329 ], [ 107.804043275313234, -6.995006548739868 ], [ 107.803913564669159, -6.996158714937171 ], [ 107.803909837466747, -6.996161154396362 ], [ 107.803903470427045, -6.996161324976041 ], [ 107.803885810613309, -6.996162017441026 ], [ 107.803058433560508, -6.996123503004855 ], [ 107.803049946721956, -6.996235778347619 ], [ 107.802453692013984, -6.996110818588718 ], [ 107.802371511037578, -6.996392132509497 ], [ 107.801338784283416, -6.996352597561105 ], [ 107.800986417033016, -6.996170844187215 ], [ 107.800962414730932, -6.996073657831175 ], [ 107.800940395356307, -6.995948467061892 ], [ 107.800911214265341, -6.995941668853995 ], [ 107.800886686257655, -6.995948010993018 ], [ 107.800859798600484, -6.995972892611517 ], [ 107.800705040529749, -6.996081496147426 ], [ 107.800519901988736, -6.995738417960776 ], [ 107.80040679774028, -6.995222345140512 ], [ 107.79875175154551, -6.995378864003492 ], [ 107.798648702983613, -6.995643036352623 ], [ 107.798296732881198, -6.995693971757285 ], [ 107.798059793580549, -6.995688675019672 ], [ 107.797885123399055, -6.995914582783166 ], [ 107.797664389706952, -6.995985474644913 ], [ 107.79763807054465, -6.996378941075634 ], [ 107.797474505398185, -6.996407708706244 ], [ 107.797326624021437, -6.996801395944034 ], [ 107.797497628744082, -6.996992909800303 ], [ 107.797422757639239, -6.997384306778973 ], [ 107.797235651731285, -6.997756234739046 ], [ 107.796982326723636, -6.998045351832007 ], [ 107.796736779113985, -6.99798937736586 ], [ 107.796672344630466, -6.998247856134792 ], [ 107.796874635911095, -6.998482204654314 ], [ 107.796654532405782, -6.998739294383257 ], [ 107.79613666273643, -6.998866805404967 ], [ 107.795707495117099, -6.999346108419608 ], [ 107.795466812578127, -6.999243410043255 ], [ 107.795207948074278, -6.99958319510786 ], [ 107.79469146352433, -6.999550008193751 ], [ 107.794014101052085, -7.000285266029534 ], [ 107.793131793874409, -7.000033745613481 ], [ 107.792225776356048, -6.999968512811936 ], [ 107.791461998896295, -6.999830688497561 ], [ 107.791514957809511, -6.999568160072354 ], [ 107.790920694908152, -6.999750204388 ], [ 107.790362966932662, -7.000036736776142 ], [ 107.790484854579873, -7.000976266479223 ], [ 107.789896756940578, -7.00103045794363 ], [ 107.789658250210167, -7.000528821735946 ], [ 107.789095914151375, -7.000563179683611 ], [ 107.788176778383857, -7.000114584469721 ], [ 107.787746919462919, -7.000292318897346 ], [ 107.787709387121112, -7.000628421832405 ], [ 107.786991131892833, -7.000557269363539 ], [ 107.786689861894601, -7.000812707733309 ], [ 107.786803326225211, -7.001459519201625 ], [ 107.786814275391521, -7.001467360119761 ], [ 107.786834047007304, -7.001474151250803 ], [ 107.786849557660915, -7.00147825210319 ], [ 107.787839887285728, -7.001629918222532 ], [ 107.787844008794053, -7.001682846756619 ], [ 107.787847258046668, -7.001857240171988 ], [ 107.787853718533285, -7.001994819240697 ], [ 107.78716234342933, -7.002068113105269 ], [ 107.786897029347273, -7.001991241591599 ], [ 107.786716516407253, -7.002092208237333 ], [ 107.786663960649591, -7.00222375980491 ], [ 107.786655953739142, -7.002222190921628 ], [ 107.786631774735156, -7.002214321877014 ], [ 107.786470968325375, -7.002141406969828 ], [ 107.786277294278079, -7.002085720879828 ], [ 107.785692522193415, -7.001926177471851 ], [ 107.785677685610494, -7.001916332321775 ], [ 107.78567239674075, -7.001900425394823 ], [ 107.785675837129318, -7.001884887110444 ], [ 107.785733977757275, -7.001731544268185 ], [ 107.78560563820254, -7.001632360244663 ], [ 107.78528067160255, -7.001476774103187 ], [ 107.785280806831338, -7.001467549669751 ], [ 107.7852880325363, -7.001459868955456 ], [ 107.785308220603198, -7.001444749791975 ], [ 107.785579403719339, -7.001174334341238 ], [ 107.78548795592242, -7.001103910419157 ], [ 107.785503710496229, -7.000758327697816 ], [ 107.785766138121858, -7.000862914902834 ], [ 107.785901458611434, -7.000577541978799 ], [ 107.785564550905647, -7.000398972326368 ], [ 107.785556148179424, -7.000375243180576 ], [ 107.785557134963312, -7.000337574328483 ], [ 107.785554100182836, -7.000301586196879 ], [ 107.785538911987771, -7.000271337344011 ], [ 107.785526524701439, -7.000248998205998 ], [ 107.785494924800275, -7.000228029301105 ], [ 107.785051686890384, -7.000178679645704 ], [ 107.785026122408652, -7.000200039361176 ], [ 107.785002391983753, -7.000251863119504 ], [ 107.784719729483754, -7.000834422397098 ], [ 107.784687339673354, -7.000879491425429 ], [ 107.784637847894288, -7.000924305702378 ], [ 107.784551094609697, -7.000977675235604 ], [ 107.784465524977804, -7.001021745044643 ], [ 107.784390414548511, -7.001050287091664 ], [ 107.784281214136925, -7.001070608003616 ], [ 107.784203890217213, -7.001079808817115 ], [ 107.784147652827713, -7.001087874362995 ], [ 107.784125599445659, -7.001111563912795 ], [ 107.784120884763254, -7.001133648262563 ], [ 107.78412530292816, -7.00115876738261 ], [ 107.784145185875644, -7.001182046338421 ], [ 107.784158046623588, -7.001200665546577 ], [ 107.784161991326712, -7.00122950454662 ], [ 107.784175995869091, -7.001269053050772 ], [ 107.784174082095404, -7.001299047093456 ], [ 107.784161851823313, -7.00133530607745 ], [ 107.784011303280309, -7.00162065875671 ], [ 107.783967886778967, -7.001677572468767 ], [ 107.78396879384394, -7.001700361688033 ], [ 107.78399102417093, -7.00172015570246 ], [ 107.784303704414768, -7.001867903073995 ], [ 107.784354083327528, -7.001860992585508 ], [ 107.784767781002287, -7.001480775517969 ], [ 107.784801143910855, -7.001507739885797 ], [ 107.785011548692907, -7.001728677784053 ], [ 107.784413950475255, -7.002117501706005 ], [ 107.784418842981665, -7.002248311216396 ], [ 107.784432154581253, -7.002658561934145 ], [ 107.784382209270362, -7.002691981455134 ], [ 107.784083861339099, -7.002842005643205 ], [ 107.783958770511347, -7.002368865784546 ], [ 107.783497838481821, -7.002717681430037 ], [ 107.782242985934161, -7.003179032816324 ], [ 107.781265868797817, -7.003954696271319 ], [ 107.781435603722997, -7.004823374957828 ], [ 107.781060598961488, -7.004812711045149 ], [ 107.780980536935573, -7.003927639414467 ], [ 107.78042762282233, -7.003871883801824 ], [ 107.780492471803825, -7.004228572776097 ], [ 107.780049282981324, -7.004248143436358 ], [ 107.778737820220869, -7.004589838883272 ], [ 107.778713517303245, -7.004616727341642 ], [ 107.77867181089961, -7.004634525394748 ], [ 107.778630128778914, -7.004633904513572 ], [ 107.778570466195859, -7.004628726379014 ], [ 107.778523664150072, -7.004613647045473 ], [ 107.778472583353079, -7.004595728465964 ], [ 107.778468641664986, -7.004553784775247 ], [ 107.778458714583707, -7.004504182349533 ], [ 107.778451623811137, -7.004468752042469 ], [ 107.778426816776644, -7.004444916841174 ], [ 107.77816090371978, -7.004244861877901 ], [ 107.778129420428357, -7.004219689175007 ], [ 107.778039270649202, -7.004252638212773 ], [ 107.777028952248656, -7.004611688114732 ], [ 107.777122264397946, -7.00533680853583 ], [ 107.777138778134841, -7.005371117543494 ], [ 107.777179282013535, -7.005399223610516 ], [ 107.777239233085496, -7.005402135165895 ], [ 107.777270049801487, -7.005415210134767 ], [ 107.777239278711193, -7.00558405758629 ], [ 107.777207787877302, -7.005649191340798 ], [ 107.777091875996817, -7.005648474041871 ], [ 107.776942022607813, -7.005622776264777 ], [ 107.776891014669118, -7.005549601037665 ], [ 107.776890294925238, -7.005445887355831 ], [ 107.776904166642879, -7.005318673039051 ], [ 107.776909070942054, -7.005280141323642 ], [ 107.77691486499323, -7.005216390981141 ], [ 107.776888664090748, -7.005167050855822 ], [ 107.776835900940853, -7.005125893905761 ], [ 107.776650687882409, -7.005068129528587 ], [ 107.776520233111881, -7.005054075021294 ], [ 107.776354185209001, -7.005022627033213 ], [ 107.776285039980294, -7.005048885325577 ], [ 107.776248236765369, -7.005090712956659 ], [ 107.776225784372755, -7.005168106449992 ], [ 107.776236215572794, -7.005268432387648 ], [ 107.776226118485909, -7.005347762388567 ], [ 107.776225180163308, -7.00540981881364 ], [ 107.77618717553203, -7.005434989218535 ], [ 107.7761195081398, -7.005438018370877 ], [ 107.776039550693, -7.005145579824146 ], [ 107.775946542600465, -7.004902083692453 ], [ 107.775927315178635, -7.004851675675394 ], [ 107.775903811375528, -7.004790056359484 ], [ 107.775847249304221, -7.004815202691844 ], [ 107.775787778064014, -7.004881433683151 ], [ 107.775735152745597, -7.004989372874935 ], [ 107.77570616609421, -7.005066934026154 ], [ 107.77565864135309, -7.005166901335329 ], [ 107.775635106755445, -7.005260665683175 ], [ 107.775635586585068, -7.005329808166748 ], [ 107.775605884976429, -7.00538611545974 ], [ 107.775487364271058, -7.005497608575546 ], [ 107.775194426162685, -7.005637270661704 ], [ 107.774057298058807, -7.005950828576167 ], [ 107.774145910045789, -7.006454936713479 ], [ 107.774350306090199, -7.006471354162657 ], [ 107.774358920238711, -7.006807331402392 ], [ 107.774031664311337, -7.006863013051378 ], [ 107.773900416935248, -7.006800501753487 ], [ 107.773894194576684, -7.006539512253177 ], [ 107.773830543180111, -7.006459624021947 ], [ 107.77375018525629, -7.006343622289466 ], [ 107.773775058379286, -7.006223453051909 ], [ 107.772962703103801, -7.006359954637699 ], [ 107.773176060993421, -7.006660234103268 ], [ 107.773224249753554, -7.006692210520864 ], [ 107.773309059884141, -7.006715811631325 ], [ 107.773371316269916, -7.006742455232515 ], [ 107.77336851755129, -7.00683287408012 ], [ 107.773278951700135, -7.006886479324219 ], [ 107.773148687036567, -7.006917692031384 ], [ 107.773009353478827, -7.006917511045349 ], [ 107.772893663969469, -7.006868426262784 ], [ 107.771971988182813, -7.00676853469068 ], [ 107.771769531457522, -7.006874182149367 ], [ 107.771758647282098, -7.006975254123881 ], [ 107.771653470720111, -7.007096132869038 ], [ 107.771456201232951, -7.007140555940704 ], [ 107.771239619774306, -7.007199847022952 ], [ 107.77114468442069, -7.007261423696461 ], [ 107.771005846785584, -7.007291561450405 ], [ 107.770800049919686, -7.007300336372333 ], [ 107.770656341423916, -7.00728231737231 ], [ 107.770583020842821, -7.00720828852841 ], [ 107.770197302550287, -7.007108056519201 ], [ 107.770025797563022, -7.007121131158816 ], [ 107.768014153657319, -7.007852796755791 ], [ 107.767752013186595, -7.009247503247028 ], [ 107.768611177548848, -7.009976502734213 ], [ 107.768948810974223, -7.011873647073349 ], [ 107.768601230949045, -7.013152085323807 ], [ 107.768667129461534, -7.0133555476261 ], [ 107.768776617029133, -7.013793844869854 ], [ 107.76894192271088, -7.014393469043208 ], [ 107.770109321211137, -7.014998391210182 ], [ 107.770633833997877, -7.016016115477236 ], [ 107.771383797448649, -7.016172143979409 ], [ 107.771452139760399, -7.01682847103666 ], [ 107.772522307124689, -7.017425382188571 ], [ 107.772439851288993, -7.018505988779423 ], [ 107.771712597738315, -7.018549773724272 ], [ 107.771227092779966, -7.019492018264998 ], [ 107.771087879520181, -7.019821933663602 ], [ 107.771031265343495, -7.020113959467766 ], [ 107.770962765840309, -7.020346599919718 ], [ 107.771015244502465, -7.020468969725389 ], [ 107.771265052448427, -7.020645028540908 ], [ 107.771266961374479, -7.021011935610521 ], [ 107.77122968939922, -7.021151999554378 ], [ 107.77067809134121, -7.021208277929763 ], [ 107.770327239118444, -7.021164287362303 ], [ 107.770145421837881, -7.021141490739598 ], [ 107.770042475209891, -7.02118647794366 ], [ 107.769920389917516, -7.021229065497556 ], [ 107.770002027500325, -7.021314442647825 ], [ 107.770226855886634, -7.02138122863832 ], [ 107.770243373234749, -7.021556984088555 ], [ 107.77026532219287, -7.021766447059147 ], [ 107.770224525345469, -7.021857823175107 ], [ 107.769994861408762, -7.021829027483843 ], [ 107.769824624151738, -7.022097156638531 ], [ 107.7696607366412, -7.022086257253687 ], [ 107.769604326004966, -7.022223921235141 ], [ 107.769563529136832, -7.022315297259307 ], [ 107.76955123672127, -7.022564633063479 ], [ 107.769231822145343, -7.022553531675977 ], [ 107.769268088773984, -7.02226860531254 ], [ 107.768568318744485, -7.022190516040444 ], [ 107.76860690137903, -7.021963774605834 ], [ 107.76873634176782, -7.021787021503194 ], [ 107.768887236823346, -7.021670853163299 ], [ 107.768957950571973, -7.021573578912358 ], [ 107.768995426087784, -7.021279154380375 ], [ 107.768909403880116, -7.02119117560455 ], [ 107.768471323143288, -7.021117988339702 ], [ 107.768453906210539, -7.020950730598201 ], [ 107.768529964359033, -7.020429563490662 ], [ 107.768472051879158, -7.019891598242593 ], [ 107.768664972962512, -7.019750777205969 ], [ 107.768666894241179, -7.019201014913672 ], [ 107.768802175528791, -7.019131134165138 ], [ 107.768867048378596, -7.018926985957172 ], [ 107.768861207481564, -7.018820112506585 ], [ 107.768668611979649, -7.018805613559629 ], [ 107.768664387050876, -7.018380519159114 ], [ 107.768739562466834, -7.018324572613451 ], [ 107.768714989988169, -7.01790657574867 ], [ 107.769021310340648, -7.017867789397675 ], [ 107.769239699562618, -7.017374113966574 ], [ 107.76920152403062, -7.017292133620872 ], [ 107.768672894838161, -7.017167957100938 ], [ 107.768608632608178, -7.01690901973942 ], [ 107.768324072233284, -7.016776848314431 ], [ 107.768259606462621, -7.016672273030586 ], [ 107.768312593978024, -7.01640873807178 ], [ 107.768224255766441, -7.016262572518335 ], [ 107.768105898904153, -7.016199486306087 ], [ 107.7680881726709, -7.016033226508894 ], [ 107.768080015768149, -7.015868166487837 ], [ 107.768011923336161, -7.01579208404162 ], [ 107.767587246123327, -7.015767784294836 ], [ 107.76730852664771, -7.015742486718983 ], [ 107.767087121384066, -7.015801569452515 ], [ 107.766828749456039, -7.015769173877643 ], [ 107.766647033944494, -7.015669195696868 ], [ 107.766640085928898, -7.015494637860431 ], [ 107.766922432070118, -7.015491442381847 ], [ 107.767187955552515, -7.015544033184337 ], [ 107.767365039056699, -7.015527639502453 ], [ 107.767446632793238, -7.015344884768752 ], [ 107.767430115447127, -7.015169126973519 ], [ 107.767250817709126, -7.015050153272086 ], [ 107.766991338662322, -7.01495007392803 ], [ 107.766689955630454, -7.014873688307324 ], [ 107.766481746360512, -7.014905477894581 ], [ 107.766486393863161, -7.01495872674298 ], [ 107.76637263332357, -7.014952779628591 ], [ 107.766162331504816, -7.014915322397262 ], [ 107.766027995561245, -7.01487352904016 ], [ 107.766011503704121, -7.014608101969621 ], [ 107.765545215759474, -7.014423480207268 ], [ 107.765588976702944, -7.01407966921404 ], [ 107.764102812267993, -7.012552596777 ], [ 107.764089997096676, -7.012608085040736 ], [ 107.764208370973975, -7.013234953479393 ], [ 107.764257712015322, -7.013931989111268 ], [ 107.764278869910598, -7.013991736888372 ], [ 107.764393483849048, -7.014040364584702 ], [ 107.76443305887824, -7.014091002581227 ], [ 107.764618834143903, -7.014394060732227 ], [ 107.764154535555207, -7.014335845176213 ], [ 107.764184691257199, -7.014550877187705 ], [ 107.764166256711775, -7.014966880493164 ], [ 107.762010416999658, -7.014904352689162 ], [ 107.760724505248973, -7.014798540221121 ], [ 107.760454882172425, -7.01817853394466 ], [ 107.760794581689041, -7.018216958533904 ], [ 107.761118349412627, -7.018152593219861 ], [ 107.761128786009991, -7.018415350465913 ], [ 107.762575385130233, -7.018279353233002 ], [ 107.762608192595764, -7.018077467552178 ], [ 107.762260203234646, -7.018056457528308 ], [ 107.762292882678523, -7.017262544586042 ], [ 107.762469870323173, -7.017244178130813 ], [ 107.762556145524542, -7.016492298660562 ], [ 107.762767395166478, -7.016567051074529 ], [ 107.763144294008043, -7.016495654335245 ], [ 107.763208088675711, -7.016352808195247 ], [ 107.763073955380719, -7.016297464865962 ], [ 107.763096821378412, -7.016130245349125 ], [ 107.763154365097847, -7.016132640915988 ], [ 107.763308734100846, -7.016139067320583 ], [ 107.763386212577743, -7.016092560467145 ], [ 107.763703956774776, -7.016075322994355 ], [ 107.763964078741907, -7.016148520775085 ], [ 107.76397367731073, -7.016154771188459 ], [ 107.763978694008244, -7.016334056624075 ], [ 107.764285717526334, -7.016453826776176 ], [ 107.764251063006839, -7.016707937635426 ], [ 107.764431579656176, -7.0167286182476 ], [ 107.764501913687255, -7.016740865335112 ], [ 107.764465156238188, -7.017075249344171 ], [ 107.764532484676295, -7.017229395371844 ], [ 107.764306717348049, -7.017500549828187 ], [ 107.764024371764549, -7.017514946085328 ], [ 107.763907857549029, -7.017852147834839 ], [ 107.763689954969266, -7.017838382684372 ], [ 107.763669456591359, -7.018137677314837 ], [ 107.763737070091864, -7.018254731492438 ], [ 107.763877878779155, -7.018254052703734 ], [ 107.763885011315864, -7.01815607651201 ], [ 107.764082722671176, -7.018176413256264 ], [ 107.763977597075765, -7.018408443211488 ], [ 107.764056947266212, -7.018444353804854 ], [ 107.764054688726702, -7.018494559043122 ], [ 107.76404818558116, -7.018662504689847 ], [ 107.7641530718073, -7.018884022969493 ], [ 107.764218484230383, -7.019025711789882 ], [ 107.763971780422054, -7.019095024280219 ], [ 107.763869651090261, -7.019347138063037 ], [ 107.763855354550572, -7.01957054601563 ], [ 107.763849672127677, -7.019628663860084 ], [ 107.763709909162898, -7.01963368150432 ], [ 107.763700827605874, -7.019741075272332 ], [ 107.76360845005614, -7.019741889426838 ], [ 107.763594969864542, -7.019839776589749 ], [ 107.763320840489797, -7.019824228922326 ], [ 107.763309372104189, -7.020029398781943 ], [ 107.76316933392927, -7.020011621586962 ], [ 107.763160074786498, -7.019892112786937 ], [ 107.762998958385097, -7.01986341310355 ], [ 107.76298958510796, -7.019738376460122 ], [ 107.762889946491484, -7.019728113592105 ], [ 107.762846704804488, -7.019606328282748 ], [ 107.762765371242907, -7.019601479279621 ], [ 107.762781285838997, -7.019282028527076 ], [ 107.76228861825274, -7.019310372899401 ], [ 107.762200316008304, -7.019528428981626 ], [ 107.762096926334166, -7.019510245331064 ], [ 107.762153441042372, -7.019302488583969 ], [ 107.761657024923124, -7.019289698029866 ], [ 107.760476964598993, -7.019309598429007 ], [ 107.760440497942056, -7.019657547003319 ], [ 107.760529601161963, -7.019698828797851 ], [ 107.760509921443784, -7.019913797581668 ], [ 107.760385284267414, -7.019953302911943 ], [ 107.760302100790256, -7.020869947017016 ], [ 107.760236597474744, -7.02141639026876 ], [ 107.760158949858081, -7.02146273406038 ], [ 107.760116771576477, -7.02152534929703 ], [ 107.760085704353699, -7.021930411102075 ], [ 107.760130743184405, -7.021922577660859 ], [ 107.760044978151626, -7.022395514226781 ], [ 107.759999923614757, -7.022541603544936 ], [ 107.760061365890479, -7.022553123557238 ], [ 107.760330438631811, -7.02258686034507 ], [ 107.760183156092936, -7.023230387889688 ], [ 107.759872727780206, -7.023193298263902 ], [ 107.759807279203486, -7.023375267890084 ], [ 107.759775368403538, -7.023469892253343 ], [ 107.759542362060415, -7.02368100077317 ], [ 107.759419295139395, -7.023780681387169 ], [ 107.759441785215827, -7.024064347872831 ], [ 107.759135344372424, -7.025155434368027 ], [ 107.759518032437668, -7.025447108553165 ], [ 107.759593334651427, -7.025485490216704 ], [ 107.759734344243171, -7.025559851760468 ], [ 107.759655691793981, -7.026087299124526 ], [ 107.759292326543502, -7.026251852267303 ], [ 107.758921395019755, -7.02645601777825 ], [ 107.758810988222734, -7.026570733748911 ], [ 107.758703439549521, -7.026681183322165 ], [ 107.758454542624648, -7.027282715025942 ], [ 107.758391001524899, -7.027421037162298 ], [ 107.758458489798429, -7.027481203754999 ], [ 107.758323318452412, -7.027734014798639 ], [ 107.75816040266271, -7.027675557980576 ], [ 107.758067301740383, -7.027742692343241 ], [ 107.757945700620041, -7.027827288768395 ], [ 107.757907814655837, -7.027867332462389 ], [ 107.755589198592546, -7.026758651986969 ], [ 107.755011050214733, -7.02646578263457 ], [ 107.755004963072025, -7.026513605457466 ], [ 107.754986848053207, -7.026546038491367 ], [ 107.754947647653367, -7.026579298255664 ], [ 107.754892325418339, -7.026601860577774 ], [ 107.754849719856068, -7.026606929958333 ], [ 107.754814633868477, -7.026565438602639 ], [ 107.754808638232092, -7.02654386428446 ], [ 107.754815359268505, -7.026504797019633 ], [ 107.75482423598244, -7.026462529599283 ], [ 107.754845611970865, -7.026404477186852 ], [ 107.754805724993446, -7.026305774471041 ], [ 107.754742852371919, -7.026269022982059 ], [ 107.754667785744715, -7.026254405430457 ], [ 107.754553626536406, -7.026243231347964 ], [ 107.754427368236591, -7.02621872491533 ], [ 107.754380270521963, -7.026204143689254 ], [ 107.754361141719883, -7.026189598791223 ], [ 107.75412971647873, -7.025957043560053 ], [ 107.754049940302195, -7.025924483335991 ], [ 107.753897452280171, -7.025886276888956 ], [ 107.753619112166348, -7.025729293467902 ], [ 107.753181141848813, -7.025641961174689 ], [ 107.752777570309675, -7.02546796346667 ], [ 107.752626329763373, -7.025402273955248 ], [ 107.752346851902715, -7.025299783013621 ], [ 107.752255868324951, -7.025273256464244 ], [ 107.752220682250282, -7.025267486802821 ], [ 107.75253517051722, -7.020149906451127 ], [ 107.752474515453926, -7.017485572874921 ], [ 107.752294724188545, -7.016539921952955 ], [ 107.752303891538219, -7.016306292807248 ], [ 107.752422179650125, -7.015861774446019 ], [ 107.752640313515442, -7.01552164474419 ], [ 107.752816352628088, -7.015431431522273 ], [ 107.753246751289751, -7.015362903012828 ], [ 107.753675655768916, -7.015467719528659 ], [ 107.753972958293687, -7.01555603529932 ], [ 107.754054051775029, -7.015484540815565 ], [ 107.754109998677691, -7.015287399899211 ], [ 107.754092632927097, -7.015019819922119 ], [ 107.754105705733664, -7.014728679568655 ], [ 107.754190501374595, -7.014466492524753 ], [ 107.754365369287669, -7.014304677578399 ], [ 107.754570499221657, -7.01422831945357 ], [ 107.754535337076661, -7.014019754391219 ], [ 107.754547492793094, -7.013439432591746 ], [ 107.755544792197398, -7.013441984147327 ], [ 107.75556824233901, -7.012934532662801 ], [ 107.754897812167258, -7.012545593442082 ], [ 107.754917425727314, -7.012068283513588 ], [ 107.752585135563251, -7.01196979982218 ], [ 107.752337170318981, -7.011897877365767 ], [ 107.752135984629575, -7.01186244392651 ], [ 107.752013334698418, -7.011775610461741 ], [ 107.751927448755865, -7.011642347276489 ], [ 107.751894981820683, -7.011604415730583 ], [ 107.752569053447729, -7.011566200801642 ], [ 107.75253853713167, -7.011123829113683 ], [ 107.752064712663312, -7.011131801723343 ], [ 107.752029488528677, -7.011370445088084 ], [ 107.751623116601323, -7.011362809874832 ], [ 107.75160965020666, -7.011510487760165 ], [ 107.751445579348058, -7.011485102727707 ], [ 107.75142515521739, -7.011044601848438 ], [ 107.75117155858149, -7.011004353258443 ], [ 107.75115155058792, -7.010595698133192 ], [ 107.750530912684368, -7.010545584837364 ], [ 107.750513085656848, -7.010486525701109 ], [ 107.750355484003862, -7.010495149223185 ], [ 107.750353760794297, -7.010526693754747 ], [ 107.749932741502022, -7.010522800257617 ], [ 107.749928033204284, -7.010444292576407 ], [ 107.74966429769016, -7.010469264792746 ], [ 107.749692167156851, -7.010936545642759 ], [ 107.749578540889132, -7.010937306328646 ], [ 107.749549784631029, -7.010834961743154 ], [ 107.749543266877453, -7.010809387080243 ], [ 107.749311712634338, -7.010815476700913 ], [ 107.749309147649555, -7.010940205099181 ], [ 107.748962786995335, -7.010943040912102 ], [ 107.748998264067609, -7.011386453973492 ], [ 107.748879976075912, -7.011409143245451 ], [ 107.748838750847682, -7.010560225354543 ], [ 107.748817098261725, -7.009997729424217 ], [ 107.748723802354746, -7.007733558414202 ], [ 107.748618373111071, -7.005776975958981 ], [ 107.748579654332445, -7.004423489378732 ], [ 107.748531391698137, -7.004006983963722 ], [ 107.748527459051559, -7.00383895854148 ], [ 107.747998211966816, -7.003774357073384 ], [ 107.748062756706986, -7.002869397812161 ], [ 107.747653613824596, -7.002834849895144 ], [ 107.747628438447705, -7.00223695172393 ], [ 107.748073957678798, -7.002250930872448 ], [ 107.748035210825392, -7.001582176749729 ], [ 107.748434036189749, -7.001565171126078 ], [ 107.748379466584339, -7.000622310617876 ], [ 107.748265069709944, -6.999306582880315 ], [ 107.748191886010943, -6.998886948093382 ], [ 107.748046639441597, -6.998418903664657 ], [ 107.747865039680008, -6.997874266428941 ], [ 107.747768413446721, -6.997522340054052 ], [ 107.747564696390455, -6.996927471155233 ], [ 107.747522376899695, -6.996729499676992 ], [ 107.747363494074719, -6.996717954322899 ], [ 107.747062799227493, -6.996840663684638 ], [ 107.74587547059825, -6.997303815646969 ], [ 107.745294586804008, -6.997557672111459 ], [ 107.745041090136922, -6.997626407329662 ], [ 107.741525541822682, -6.997721835768926 ], [ 107.74016296249313, -6.996550544353344 ], [ 107.735283314130413, -6.995512307319318 ], [ 107.7353285317608, -6.997969679991359 ], [ 107.736042158021533, -6.997988096697508 ], [ 107.73617569895147, -6.996938885052956 ], [ 107.736602984436047, -6.9969569298531 ], [ 107.73705547915462, -6.99790196429533 ], [ 107.7372357366649, -6.998173289263048 ], [ 107.737953069485357, -7.003817360935264 ], [ 107.738531655867916, -7.006021785999791 ], [ 107.738935560317842, -7.007067302976758 ], [ 107.739393630614032, -7.007124738501737 ], [ 107.739407902386546, -7.007356863989433 ], [ 107.738767284083409, -7.007515503738803 ], [ 107.738895834814855, -7.008542623028727 ], [ 107.740318572991399, -7.008572517976356 ], [ 107.740361649415334, -7.008743355416249 ], [ 107.740412301293645, -7.009218442234077 ], [ 107.740718744619642, -7.009284438386338 ], [ 107.740859876095115, -7.009412424880617 ], [ 107.740874166358253, -7.009809424761602 ], [ 107.741003405314501, -7.00992672908979 ], [ 107.741992634355213, -7.009949663964196 ], [ 107.741975265723411, -7.010158876372573 ], [ 107.741903306204108, -7.010287716836763 ], [ 107.741325435848694, -7.010389887145792 ], [ 107.740912532818427, -7.010420311966353 ], [ 107.740979777851905, -7.011274302733086 ], [ 107.74440126026721, -7.010926550442195 ], [ 107.744502381919645, -7.011150619287542 ], [ 107.744531498762015, -7.011470971460021 ], [ 107.744736612703605, -7.011312312044805 ], [ 107.745967949968716, -7.011317394549965 ], [ 107.746115166693087, -7.012200072804506 ], [ 107.746111227679265, -7.012594784645312 ], [ 107.746110198946454, -7.012837679490381 ], [ 107.743121829829946, -7.013123461059769 ], [ 107.743072705370494, -7.013218400601651 ], [ 107.743205679785774, -7.013483225413133 ], [ 107.743341814878036, -7.014101284624878 ], [ 107.743402929567665, -7.014261603131586 ], [ 107.743338933239414, -7.014400631708431 ], [ 107.742968590521357, -7.014400150664273 ], [ 107.742901527589837, -7.014272261749419 ], [ 107.74286305695172, -7.014065240637835 ], [ 107.742188390397658, -7.014079255682486 ], [ 107.742293596956202, -7.016312002618614 ], [ 107.74223621518766, -7.016318323339814 ], [ 107.742048610001575, -7.013512649936867 ], [ 107.741771772293262, -7.013523422138019 ], [ 107.741715200298984, -7.013274542019006 ], [ 107.741285610038375, -7.013292585985323 ], [ 107.741283591533133, -7.013243325884769 ], [ 107.740876409129754, -7.01326677308768 ], [ 107.740834024246325, -7.013059794638998 ], [ 107.740101928804037, -7.013160223989267 ], [ 107.739737200933774, -7.013160697388428 ], [ 107.739735325799103, -7.013019409289707 ], [ 107.739308549940475, -7.013021788648028 ], [ 107.739318378132637, -7.013134909149755 ], [ 107.739217295862758, -7.013129750415376 ], [ 107.739223107960129, -7.013042222369654 ], [ 107.738794522187987, -7.013038256163529 ], [ 107.738405908059136, -7.013078044716591 ], [ 107.738389910282663, -7.01323481265117 ], [ 107.738225423282273, -7.013248119155354 ], [ 107.738211804153664, -7.013162836109876 ], [ 107.738212124243958, -7.013045604571555 ], [ 107.737918961113436, -7.012891588871065 ], [ 107.737882406591226, -7.012595376592626 ], [ 107.737768931497214, -7.012533960373808 ], [ 107.737716766228715, -7.012468907978999 ], [ 107.737671805799707, -7.012379284684129 ], [ 107.737649817253399, -7.012258571282254 ], [ 107.737529930891029, -7.012090665441457 ], [ 107.736605785176209, -7.01184420135541 ], [ 107.736489853919906, -7.011870989141592 ], [ 107.736519901527046, -7.012104391764081 ], [ 107.734760203971689, -7.011848972935876 ], [ 107.734696844729726, -7.011659300227054 ], [ 107.734685867772171, -7.011503088251947 ], [ 107.734649125618247, -7.011467975975353 ], [ 107.733593927167504, -7.011392918601111 ], [ 107.730493755995738, -7.011183915975256 ], [ 107.730047151115699, -7.011192916311033 ], [ 107.729691743649383, -7.011236111890565 ], [ 107.729659921175625, -7.011076803079184 ], [ 107.729677154805799, -7.011040174358928 ], [ 107.729698473400063, -7.011021865123077 ], [ 107.729705120651332, -7.010984783133093 ], [ 107.729680576260435, -7.010935094011415 ], [ 107.729546516230101, -7.010786379785969 ], [ 107.729515750118281, -7.010720722877081 ], [ 107.72957123716165, -7.010525042744144 ], [ 107.729701938827105, -7.01027145635341 ], [ 107.729712858950037, -7.010163650882909 ], [ 107.729718424684606, -7.010096652812964 ], [ 107.729698356472909, -7.010053375469872 ], [ 107.72970775337771, -7.009968542382408 ], [ 107.729726147617356, -7.009890853466572 ], [ 107.729809312170389, -7.009902090330001 ], [ 107.729861375010941, -7.009538850878678 ], [ 107.729885685640667, -7.009278473907856 ], [ 107.730106903213951, -7.009286976842617 ], [ 107.730125239852256, -7.009218204092082 ], [ 107.730352997525529, -7.009275820820486 ], [ 107.730413897763782, -7.009041181832949 ], [ 107.7306895309232, -7.009041782565711 ], [ 107.73081206554302, -7.008846484832653 ], [ 107.730986650277899, -7.008577776285808 ], [ 107.731091140613316, -7.008300278923985 ], [ 107.731130391351769, -7.008208974198472 ], [ 107.731250792947975, -7.008164177564161 ], [ 107.731342912821987, -7.007968582823805 ], [ 107.731313561641912, -7.007656258296606 ], [ 107.731223931391668, -7.007433422955786 ], [ 107.728734266860911, -7.007371171693768 ], [ 107.727008310237849, -7.007456312289605 ], [ 107.725152676842725, -7.007792073474716 ], [ 107.72373624194212, -6.997109242509369 ], [ 107.72062161489778, -6.987430076219995 ], [ 107.721510137904659, -6.987941834813801 ], [ 107.722766077732956, -6.988302200064431 ], [ 107.726545501732588, -6.987201809142048 ], [ 107.728527458409232, -6.986317617630265 ], [ 107.7302218742349, -6.985348004772614 ], [ 107.730676549203395, -6.985259068452712 ], [ 107.731017429304941, -6.98480348764045 ], [ 107.731373106644597, -6.984552309954344 ], [ 107.731895631806481, -6.982429465658178 ], [ 107.733536078904791, -6.982783793708226 ], [ 107.73441583393695, -6.98109826836457 ], [ 107.734675444724047, -6.981238940065229 ], [ 107.734900176416019, -6.981685767585541 ], [ 107.735241524069721, -6.981553051100629 ], [ 107.735563160828974, -6.981262563359769 ], [ 107.735954643979326, -6.981389301769383 ], [ 107.7360871639153, -6.981789077066811 ], [ 107.737821175206435, -6.981711971202988 ], [ 107.738446725607204, -6.981967219815409 ], [ 107.738907926331009, -6.981890651877191 ], [ 107.740518016922238, -6.982727832505339 ], [ 107.740941846964972, -6.98310055117091 ], [ 107.741266918788511, -6.983082117610728 ], [ 107.742004306946527, -6.982675169010235 ], [ 107.742320907505047, -6.982656905498311 ], [ 107.742495429404613, -6.982520318766124 ], [ 107.742788896042867, -6.982474182737308 ], [ 107.743171500375624, -6.982620662090635 ], [ 107.74354417314639, -6.982596582040257 ], [ 107.743633725736387, -6.982207565943582 ], [ 107.743648278813851, -6.982133505120601 ], [ 107.743728298785598, -6.982029411268558 ], [ 107.743915817467254, -6.982119779641748 ], [ 107.744151440227938, -6.982097730015215 ], [ 107.744403369189996, -6.981944136211336 ], [ 107.744681547219713, -6.981864672227169 ], [ 107.745013023235543, -6.981580143114565 ], [ 107.745498116864255, -6.98135029574193 ], [ 107.74583457003466, -6.981408747498083 ], [ 107.746182115958121, -6.981380042115142 ], [ 107.746453319992867, -6.980969861824166 ], [ 107.746533377825514, -6.98065968055881 ], [ 107.74670827627024, -6.980483912461614 ], [ 107.746944547051939, -6.98038667862418 ], [ 107.747203891107503, -6.980772321848868 ], [ 107.747487639218676, -6.980966219097469 ], [ 107.747840702290389, -6.98168793218167 ], [ 107.747966393422104, -6.982051271095211 ], [ 107.747993001907162, -6.982563223718865 ], [ 107.748012219001083, -6.982852879853025 ], [ 107.748321576611346, -6.982895564293499 ], [ 107.748604461598092, -6.98281985547458 ], [ 107.749576684074327, -6.983506296565973 ], [ 107.748296065391798, -6.988735001903382 ], [ 107.747940831926371, -6.992744959630094 ], [ 107.747814933581054, -6.995393302941431 ], [ 107.748086708275466, -6.996796730799999 ], [ 107.749927412953596, -7.000343520533097 ], [ 107.749980204011024, -7.000801826771851 ], [ 107.750084752503966, -7.001642162883988 ], [ 107.750518514682653, -7.002285697701687 ], [ 107.75215039146569, -7.003998163827659 ], [ 107.754907562822964, -7.005410876306138 ], [ 107.766274925195731, -7.006914421298422 ], [ 107.76725529783667, -7.007210332488054 ], [ 107.769102121610487, -7.006734712370208 ], [ 107.769530079521772, -7.006223203327865 ], [ 107.773461089324982, -7.004629289271895 ], [ 107.77365440152461, -7.004480460116675 ], [ 107.773644168984731, -7.004104196441577 ], [ 107.774012725097762, -7.003948495681281 ], [ 107.774141904112099, -7.003618556648491 ], [ 107.774489082497567, -7.003402485804973 ], [ 107.774604111098839, -7.002955393130654 ], [ 107.775026263640058, -7.002835257038056 ], [ 107.775295535916271, -7.002387339442702 ], [ 107.775496576263677, -7.002473382085938 ], [ 107.775584157491096, -7.00318283942336 ], [ 107.775937591248621, -7.003413762268501 ], [ 107.776114313496521, -7.003640494813935 ], [ 107.776342374598698, -7.003736101578328 ], [ 107.776849750211383, -7.003508389701064 ], [ 107.77724643570555, -7.00315216288989 ], [ 107.777469720538591, -7.003254266156106 ], [ 107.777927109889902, -7.003704585960603 ], [ 107.778242931880769, -7.003584459084343 ], [ 107.778892136954482, -7.00370291388476 ], [ 107.779223621525844, -7.00353980017756 ], [ 107.78021406950009, -7.003625423176888 ], [ 107.780651045974693, -7.003563276870164 ], [ 107.781085472090112, -7.003605133821853 ], [ 107.781340937636088, -7.003555771186344 ], [ 107.781451765467253, -7.003471376099494 ], [ 107.78154015048446, -7.00321550466648 ], [ 107.781613944631019, -7.003017589545452 ], [ 107.781718333625861, -7.002932826513733 ], [ 107.781864347096402, -7.002879281535019 ], [ 107.782214502291893, -7.002852869060473 ], [ 107.782727160399986, -7.002818941256022 ], [ 107.783245142473632, -7.002697222001276 ], [ 107.78339188633089, -7.002610824471042 ], [ 107.783424093389655, -7.002528073400876 ], [ 107.78329605942649, -7.002394111442917 ], [ 107.783011259378924, -7.002156151940434 ], [ 107.782900931024628, -7.001966680053878 ], [ 107.782910507366154, -7.001817011809887 ], [ 107.783002054638956, -7.001695738029751 ], [ 107.783285308470752, -7.001538778182508 ], [ 107.783730592252539, -7.001297759319319 ], [ 107.78396825282725, -7.001145343425997 ], [ 107.784563077873869, -7.00084653815741 ], [ 107.784868698839986, -6.999861317337984 ], [ 107.78496351717169, -6.999663175310627 ], [ 107.785061839831542, -6.999497198419453 ], [ 107.785101239174892, -6.999461741135691 ], [ 107.785180639128171, -6.999477467995931 ], [ 107.785232477796015, -6.999504166680867 ], [ 107.785330395685946, -6.999641399378189 ], [ 107.78544199180493, -6.999929517777288 ], [ 107.785633575131286, -7.000205296108432 ], [ 107.785727944879909, -7.000263297390578 ], [ 107.786082443992441, -7.000287548499105 ], [ 107.786425526970078, -7.000070841516695 ], [ 107.786568093689667, -6.999932898940457 ], [ 107.786715481585361, -6.999665711854103 ], [ 107.786940198455412, -6.999049788200602 ], [ 107.786992820980458, -6.999024645523086 ], [ 107.787072913490249, -6.999057772460223 ], [ 107.787240179434946, -6.999155701144695 ], [ 107.787295653622792, -6.999226685083535 ], [ 107.787435130737322, -6.999556310893582 ], [ 107.787524358033096, -6.999615519979194 ], [ 107.787604228792546, -6.999621533045909 ], [ 107.787664299401186, -6.999593049371534 ], [ 107.78812047281437, -6.999049984325803 ], [ 107.788465853193259, -6.998890138728289 ], [ 107.788927310515504, -6.99893120900326 ], [ 107.789417355962442, -6.999244858583988 ], [ 107.789633157412553, -6.999259912207461 ], [ 107.790354285566821, -6.999020522174559 ], [ 107.790603676430266, -6.998771669498179 ], [ 107.79071583849732, -6.998745715656213 ], [ 107.791129758738549, -6.998719841074376 ], [ 107.791710416888932, -6.998732622211777 ], [ 107.79179615247736, -6.998681577341019 ], [ 107.791937835059699, -6.998457779950605 ], [ 107.792212149844147, -6.997903415920541 ], [ 107.79232070266454, -6.997450754093961 ], [ 107.792587236329766, -6.997090931638023 ], [ 107.792762085198092, -6.99696046673354 ], [ 107.793341889399088, -6.997309342091647 ], [ 107.793927658841042, -6.997571896779445 ], [ 107.793747549663124, -6.998115507983774 ], [ 107.794478200685944, -6.998392094883183 ], [ 107.795343066757098, -6.998619471593023 ], [ 107.796210634586672, -6.996654645058893 ], [ 107.795803828761336, -6.996497159024761 ], [ 107.795851491994952, -6.996340778687121 ], [ 107.796066904167844, -6.996402860838937 ], [ 107.796272517720482, -6.995787221766285 ], [ 107.795944431191629, -6.995670085755552 ], [ 107.796100730547607, -6.995438040601089 ], [ 107.796559031188636, -6.995559380154234 ], [ 107.796687954326927, -6.995340683211153 ], [ 107.796911701378917, -6.99535692975602 ], [ 107.79697867550685, -6.995080033092272 ], [ 107.797003924222793, -6.994872108713164 ], [ 107.796962406153511, -6.994718989626122 ], [ 107.797046769385517, -6.994601521797721 ], [ 107.797179802431629, -6.994603075345697 ], [ 107.797201837510087, -6.994842752959456 ], [ 107.7971530642819, -6.994990020047858 ], [ 107.797496753424554, -6.995046940400341 ], [ 107.797756096464568, -6.995051446465164 ], [ 107.79796737231483, -6.994930174977179 ], [ 107.798104199961628, -6.994989815226273 ], [ 107.798149742785995, -6.994785816214377 ], [ 107.798444448844535, -6.994745408581848 ], [ 107.798737606293827, -6.994810260329738 ], [ 107.798684719574894, -6.99492632188195 ], [ 107.799025081623384, -6.994918983400468 ], [ 107.799067620117995, -6.994671151514256 ], [ 107.799294422844696, -6.99463112346303 ], [ 107.79935965233534, -6.993548309537109 ], [ 107.799508894864417, -6.993221667032557 ], [ 107.800189614192789, -6.993060229086692 ], [ 107.800956544849228, -6.992581982867939 ], [ 107.80115015547878, -6.992172992663078 ], [ 107.801321360758578, -6.991762412553109 ] ] ] ] } },
{ "type": "Feature", "properties": { "layer": "Pemukiman" }, "geometry": { "type": "MultiPolygon", "coordinates": [ [ [ [ 107.768925906560327, -7.021221572135025 ], [ 107.768914742522568, -7.021219956938471 ], [ 107.768859011762657, -7.021201856199622 ], [ 107.76883136525376, -7.021197277866542 ], [ 107.768760353413654, -7.021193732794528 ], [ 107.768709371260883, -7.021178395886344 ], [ 107.768458287019783, -7.021152924411417 ], [ 107.768370618760486, -7.021143935712017 ], [ 107.768298456576233, -7.021135360130061 ], [ 107.768228159963684, -7.021136105865142 ], [ 107.768157714788856, -7.021141096739134 ], [ 107.76815421799121, -7.021157699485335 ], [ 107.768144752159657, -7.021396081777239 ], [ 107.768145891375767, -7.021423697437776 ], [ 107.768129997326369, -7.021421704610471 ], [ 107.768118515372691, -7.021464338142785 ], [ 107.768126900980789, -7.021509462705367 ], [ 107.768131291948208, -7.02157011300821 ], [ 107.768131859005635, -7.021600124592351 ], [ 107.767877128042812, -7.021614875628082 ], [ 107.767859726640154, -7.022324327723563 ], [ 107.767366806475081, -7.022326934935822 ], [ 107.767375566763135, -7.02232393209536 ], [ 107.767549795367088, -7.022264210198107 ], [ 107.767745745112819, -7.021443313990646 ], [ 107.767776412817923, -7.021316922436852 ], [ 107.767786603433024, -7.021276307066789 ], [ 107.767796228195508, -7.021256700342525 ], [ 107.767851291463799, -7.021225015613837 ], [ 107.767881831981185, -7.021195079755153 ], [ 107.767924029554152, -7.021169017272193 ], [ 107.767966503851028, -7.021159872032222 ], [ 107.768154135507928, -7.021117707681093 ], [ 107.768189790942074, -7.021119247907299 ], [ 107.768337324287813, -7.021125620952036 ], [ 107.768403500462639, -7.021128479569836 ], [ 107.76842684608539, -7.021129488030387 ], [ 107.768453906210539, -7.020950730598201 ], [ 107.768471323143288, -7.021117988339702 ], [ 107.768909403880116, -7.02119117560455 ], [ 107.76894622675735, -7.021228836022775 ], [ 107.768925906560327, -7.021221572135025 ] ] ] ] } },
{ "type": "Feature", "properties": { "layer": "Pemukiman" }, "geometry": { "type": "MultiPolygon", "coordinates": [ [ [ [ 107.748086708275466, -6.996796730799999 ], [ 107.747814933581054, -6.995393302941431 ], [ 107.747917553915642, -6.992718157172181 ], [ 107.748249411829605, -6.989080716537938 ], [ 107.748339316712205, -6.988535023661513 ], [ 107.748879761113997, -6.986291537681259 ], [ 107.749581116636094, -6.983511262396807 ], [ 107.749651303301576, -6.983543342832871 ], [ 107.749841694475961, -6.983613775544099 ], [ 107.749986483226309, -6.98361253127046 ], [ 107.750151967776105, -6.983602242300076 ], [ 107.750276546784619, -6.983606223741666 ], [ 107.75032223104445, -6.98361583211711 ], [ 107.750837555581327, -6.983740522593669 ], [ 107.750891388126959, -6.983696043361197 ], [ 107.750980042765889, -6.983372817624764 ], [ 107.751206821907374, -6.983384631584974 ], [ 107.751215385851197, -6.983363085991448 ], [ 107.751388866845303, -6.983012684658395 ], [ 107.751533577431303, -6.982612156103861 ], [ 107.751845002818214, -6.982039042468363 ], [ 107.752814960624633, -6.982335115722685 ], [ 107.754388534354788, -6.982730613183451 ], [ 107.754698352376423, -6.981769294800919 ], [ 107.755287853973712, -6.981924622978787 ], [ 107.755502006018105, -6.98134672299701 ], [ 107.756064605360862, -6.979633182609462 ], [ 107.756262011853224, -6.978656449042408 ], [ 107.756844680231666, -6.978837129922085 ], [ 107.756791296806114, -6.979197821651909 ], [ 107.756720369934058, -6.979255725259748 ], [ 107.756715256206235, -6.979295904639267 ], [ 107.759371831744488, -6.979643367463148 ], [ 107.75965592089689, -6.97866041158166 ], [ 107.760066684486162, -6.9787262648429 ], [ 107.762438567773984, -6.968058097793667 ], [ 107.763691714130303, -6.964117343553909 ], [ 107.764863568303269, -6.960810718996315 ], [ 107.765601392051138, -6.958667679125139 ], [ 107.763618021832031, -6.959009963933472 ], [ 107.763615857316282, -6.958990874885317 ], [ 107.763618258250489, -6.958153716638916 ], [ 107.763352136921142, -6.958308504555272 ], [ 107.763286470926587, -6.95857623688749 ], [ 107.763107691811854, -6.957945436647339 ], [ 107.762932634616561, -6.958030108280319 ], [ 107.762862643395707, -6.958629712898436 ], [ 107.762370337879304, -6.958724777595418 ], [ 107.762336892590525, -6.958143562148488 ], [ 107.762138140889448, -6.957917935602993 ], [ 107.761948552720483, -6.957818897672645 ], [ 107.761980432083703, -6.957469109078549 ], [ 107.762060306370586, -6.957040086090461 ], [ 107.762004238978875, -6.956502801474739 ], [ 107.76225681343567, -6.956007626063177 ], [ 107.762247683101691, -6.955666756255618 ], [ 107.76200867157587, -6.955310639688335 ], [ 107.761817445915383, -6.955274116016248 ], [ 107.761810747689253, -6.95351536262908 ], [ 107.76281904519989, -6.954231374348482 ], [ 107.763595252452049, -6.954441738313392 ], [ 107.763959557481556, -6.954393452054921 ], [ 107.764120025589207, -6.953579394559631 ], [ 107.763562550530565, -6.95233370317085 ], [ 107.763593150318243, -6.952306830789057 ], [ 107.763996190055607, -6.95152052264177 ], [ 107.765793215602088, -6.953236507374287 ], [ 107.770439874675688, -6.954888377146456 ], [ 107.76900762632539, -6.957763207381904 ], [ 107.771407060705158, -6.958843041291766 ], [ 107.772270710682619, -6.95909517326871 ], [ 107.772041514526521, -6.960819862860746 ], [ 107.770566753201336, -6.964230970625565 ], [ 107.771749218091671, -6.96487611452287 ], [ 107.769966633975187, -6.968801408931397 ], [ 107.769083846702557, -6.970769680074604 ], [ 107.768847326147295, -6.970661569934206 ], [ 107.768180075357591, -6.970211792334752 ], [ 107.767730536197149, -6.970560215057313 ], [ 107.767670294247353, -6.970782551521122 ], [ 107.767570664502344, -6.971063366859433 ], [ 107.767528297541986, -6.971145254012634 ], [ 107.767420064701568, -6.971242663622252 ], [ 107.767107228313364, -6.972588437197283 ], [ 107.766181972709234, -6.975591381389072 ], [ 107.764165392581802, -6.982720285267353 ], [ 107.764185912333303, -6.982810055894991 ], [ 107.764176974838989, -6.982880278689946 ], [ 107.764160009303168, -6.983076327632337 ], [ 107.764093349104158, -6.983365518712775 ], [ 107.764220941440684, -6.983492496410978 ], [ 107.764157887526636, -6.983611422616418 ], [ 107.76374605097655, -6.984400047222177 ], [ 107.763178649353137, -6.985406974301334 ], [ 107.762776492551041, -6.98630778760122 ], [ 107.762681744479892, -6.986612986715053 ], [ 107.762612481435838, -6.986968943135872 ], [ 107.762479580798995, -6.987448223467851 ], [ 107.762154232252442, -6.987181000111097 ], [ 107.761932309846628, -6.987042195250469 ], [ 107.76172602551992, -6.98696876710516 ], [ 107.760696257638045, -6.98771332356551 ], [ 107.760046388482024, -6.9879824570186 ], [ 107.759966411315077, -6.988009708445029 ], [ 107.759939932669283, -6.988000379195035 ], [ 107.759460147870129, -6.988975317425532 ], [ 107.759255517470734, -6.989503315323535 ], [ 107.759012424917515, -6.990268608309506 ], [ 107.758866498424723, -6.991206358015711 ], [ 107.758240470300876, -6.992187024006406 ], [ 107.757344408745567, -6.992748679170878 ], [ 107.756842247826242, -6.993405490906195 ], [ 107.756766395602895, -6.993461930584075 ], [ 107.756765075347758, -6.993446797387818 ], [ 107.75674685357815, -6.993415050154408 ], [ 107.75671037119703, -6.993381013229854 ], [ 107.756650130603191, -6.993358728480811 ], [ 107.756426389573448, -6.99336750172339 ], [ 107.756256468794689, -6.9934198514828 ], [ 107.756081379431691, -6.993512810403375 ], [ 107.755873177139634, -6.993724877309202 ], [ 107.755783486525274, -6.993875674210813 ], [ 107.75560345443985, -6.993978315231143 ], [ 107.755112069233704, -6.994049281461749 ], [ 107.755003264079647, -6.994012961221554 ], [ 107.75492576329556, -6.993922221898624 ], [ 107.754902621814281, -6.993812519047754 ], [ 107.754917769352687, -6.993751810805251 ], [ 107.754948025592, -6.993659851824703 ], [ 107.755007076277167, -6.993545723741983 ], [ 107.755225091376374, -6.993377872059503 ], [ 107.755332042179603, -6.993295529701646 ], [ 107.755715230549072, -6.992918766011413 ], [ 107.755815270867686, -6.99280374324536 ], [ 107.756110803867287, -6.992652715508798 ], [ 107.756131115813687, -6.992624729868368 ], [ 107.75623473372697, -6.992509845575899 ], [ 107.75625313935258, -6.992337266580233 ], [ 107.756249451679949, -6.992310306166439 ], [ 107.756178361634866, -6.992158878594361 ], [ 107.756027050350113, -6.992020783731825 ], [ 107.755898597157454, -6.99193931517704 ], [ 107.755693162586425, -6.991864092739567 ], [ 107.755527588207585, -6.991864529814947 ], [ 107.755450692432376, -6.991881385901361 ], [ 107.755298855368906, -6.991927708898971 ], [ 107.75511527850648, -6.99193492290768 ], [ 107.754828704287519, -6.992201572630854 ], [ 107.754711165068059, -6.992314024907682 ], [ 107.7544978917539, -6.992451466949553 ], [ 107.754383709379226, -6.99250957753648 ], [ 107.754337682340761, -6.992535603824154 ], [ 107.7543153327384, -6.992543400615762 ], [ 107.754152973837009, -6.992582925722461 ], [ 107.753811412751361, -6.992670087757048 ], [ 107.753647675092736, -6.992771994316137 ], [ 107.753451419037503, -6.99301139701396 ], [ 107.753442161464378, -6.993056166036199 ], [ 107.753442046765059, -6.993085958527138 ], [ 107.75344182837614, -6.993142684314379 ], [ 107.753454901774006, -6.993193786457874 ], [ 107.753473654595908, -6.993256199921264 ], [ 107.753719366454462, -6.993774655852035 ], [ 107.753816616955078, -6.993958271501461 ], [ 107.753832497351382, -6.993978395698153 ], [ 107.753885365516524, -6.994037104270889 ], [ 107.754034348528236, -6.99417297237402 ], [ 107.754251654927728, -6.994377073951428 ], [ 107.754289499232542, -6.994456641909986 ], [ 107.754321306793045, -6.994637483816374 ], [ 107.754322759999084, -6.994814519547329 ], [ 107.754287292781342, -6.994850884683885 ], [ 107.754213319793365, -6.994853288768143 ], [ 107.754135068774389, -6.994843476941446 ], [ 107.753967432616378, -6.994825178159295 ], [ 107.753276478626972, -6.994714051292971 ], [ 107.752957624835005, -6.994662719358016 ], [ 107.752859491706104, -6.994636809670493 ], [ 107.752769141333502, -6.994592829054059 ], [ 107.752491974694024, -6.994134007087173 ], [ 107.75232505170311, -6.993914323467456 ], [ 107.752285969238145, -6.993876771234797 ], [ 107.752229702976265, -6.993823459453182 ], [ 107.752199709377351, -6.993800651741374 ], [ 107.752163296525637, -6.993785202051067 ], [ 107.75206652690423, -6.993748579378761 ], [ 107.752008157993103, -6.993754865416512 ], [ 107.751965638073216, -6.993765859726285 ], [ 107.751903548222131, -6.993779842125651 ], [ 107.75185560298479, -6.993811923966138 ], [ 107.751824870237812, -6.993838001141605 ], [ 107.751800215867505, -6.993859398526557 ], [ 107.751553579938971, -6.994044825573297 ], [ 107.751400938839666, -6.994167176672766 ], [ 107.751189160989682, -6.994366462788895 ], [ 107.750653739769632, -6.994674999020688 ], [ 107.750519634648043, -6.994750334128272 ], [ 107.750370986515307, -6.994846491226672 ], [ 107.750323093363818, -6.994879514353509 ], [ 107.750266440773018, -6.994929869219169 ], [ 107.750172483733891, -6.995035272579374 ], [ 107.750089813026761, -6.995144159987354 ], [ 107.75001266783255, -6.995269361266071 ], [ 107.750003365128705, -6.995290961360331 ], [ 107.749971292460486, -6.995354155325141 ], [ 107.749914075633868, -6.995465680821467 ], [ 107.749854264975767, -6.995566593317399 ], [ 107.749811145890376, -6.995617980374456 ], [ 107.749760096185412, -6.995673127937573 ], [ 107.749661865193119, -6.995758381703162 ], [ 107.749584366927607, -6.995818047981151 ], [ 107.749561631262353, -6.995833627225157 ], [ 107.74953473103416, -6.9958476001583 ], [ 107.749219275868057, -6.996007664860943 ], [ 107.749121871234081, -6.996055014152527 ], [ 107.748816025533372, -6.996187636307906 ], [ 107.748715271964855, -6.996229150870784 ], [ 107.748665050492789, -6.996259403510822 ], [ 107.748643543072902, -6.996278365890447 ], [ 107.74863093816964, -6.996291676055074 ], [ 107.748609737220363, -6.996318865562213 ], [ 107.748607732283858, -6.996383640959366 ], [ 107.748624151772177, -6.996450726563817 ], [ 107.748646292154405, -6.996546398107429 ], [ 107.748661409855345, -6.996651000090563 ], [ 107.748646519348085, -6.996708877260426 ], [ 107.748595823028381, -6.996765444572161 ], [ 107.748515563273685, -6.996783249513255 ], [ 107.748205233098204, -6.99680074550258 ], [ 107.74809988450113, -6.996775315219866 ], [ 107.748086708275466, -6.996796730799999 ] ] ] ] } },
{ "type": "Feature", "properties": { "layer": "Pemukiman" }, "geometry": { "type": "MultiPolygon", "coordinates": [ [ [ [ 107.759695061327548, -6.997721544514179 ], [ 107.759040625551819, -6.99705182180071 ], [ 107.758127585116029, -6.996011051029533 ], [ 107.757559801841111, -6.995346171530762 ], [ 107.757298071059694, -6.995044701088002 ], [ 107.756348644213361, -6.994819668103724 ], [ 107.754748778008263, -6.995141673936105 ], [ 107.753738499587556, -6.995005281893332 ], [ 107.75189506732363, -6.994758191193762 ], [ 107.752683984968385, -6.995947551671142 ], [ 107.753941378896755, -6.997018527907757 ], [ 107.754061436499413, -6.997066850682131 ], [ 107.754909469059797, -6.997465121165183 ], [ 107.757626294668071, -6.998663220904735 ], [ 107.759763837124481, -6.999450452845618 ], [ 107.764689002264561, -7.001625631888015 ], [ 107.767329377649972, -7.003485473720642 ], [ 107.768118565227269, -7.004363233910845 ], [ 107.768807483046842, -7.005343798409173 ], [ 107.769530079521772, -7.006223203327865 ], [ 107.769172121053558, -7.006659603692378 ], [ 107.769102121610487, -7.006734712370208 ], [ 107.766750620388748, -7.00400971215926 ], [ 107.765876338174536, -7.003278264599157 ], [ 107.765583377222271, -7.003081102233554 ], [ 107.764866292760132, -7.002615166734076 ], [ 107.761555173979716, -7.001220281424142 ], [ 107.756903125782685, -6.999251594720502 ], [ 107.754492789625203, -6.998183031793053 ], [ 107.753134652553015, -6.997435431874168 ], [ 107.751787827782238, -6.995957399210455 ], [ 107.750909180092208, -6.994747750319946 ], [ 107.75079498761859, -6.994577987091992 ], [ 107.751085432129571, -6.994421615865963 ], [ 107.751179013032996, -6.994340397640461 ], [ 107.75154359582821, -6.994043112573189 ], [ 107.751724324608162, -6.993903968101455 ], [ 107.751872134600347, -6.993805450773455 ], [ 107.751925537416085, -6.993767392069413 ], [ 107.752071549633882, -6.993737502921045 ], [ 107.752222581934802, -6.993797752941079 ], [ 107.752521406302563, -6.994141653358739 ], [ 107.752723654413728, -6.994514723467021 ], [ 107.75277734328661, -6.994583423627389 ], [ 107.754287292781342, -6.994850884683885 ], [ 107.754322759999084, -6.994814519547329 ], [ 107.754321306793045, -6.994637483816374 ], [ 107.754289499232542, -6.994456641909986 ], [ 107.754251654927728, -6.994377073951428 ], [ 107.754034348528236, -6.99417297237402 ], [ 107.753901548154275, -6.994055074618097 ], [ 107.753832497351382, -6.993978395698153 ], [ 107.753701248761956, -6.993744272250583 ], [ 107.753473654595908, -6.993256199921264 ], [ 107.753454901774006, -6.993193786457874 ], [ 107.75344182837614, -6.993142684314379 ], [ 107.753442161464378, -6.993056166036199 ], [ 107.753451419037503, -6.99301139701396 ], [ 107.753647675092736, -6.992771994316137 ], [ 107.753811412751361, -6.992670087757048 ], [ 107.754038769884403, -6.992606767806271 ], [ 107.754337682340761, -6.992535603824154 ], [ 107.754711165068059, -6.992314024907682 ], [ 107.754831256537813, -6.992199197831118 ], [ 107.75511527850648, -6.99193492290768 ], [ 107.755308472844902, -6.991909274283885 ], [ 107.755500824701272, -6.991851768071007 ], [ 107.755726041476819, -6.991852838806717 ], [ 107.755865954979882, -6.991911195147652 ], [ 107.756012151952476, -6.992000948806179 ], [ 107.756134278042637, -6.992118293636867 ], [ 107.756178361634866, -6.992158878594361 ], [ 107.756249451679949, -6.992310306166439 ], [ 107.75625313935258, -6.992337266580233 ], [ 107.75623473372697, -6.992509845575899 ], [ 107.756110803867287, -6.992652715508798 ], [ 107.755815270867686, -6.992803743245342 ], [ 107.7556911176721, -6.992944623679814 ], [ 107.755467344103153, -6.993168241854206 ], [ 107.755313455768103, -6.993315256970734 ], [ 107.755028121345177, -6.993537957961584 ], [ 107.754948025592, -6.993659851824703 ], [ 107.754902621814281, -6.993812519047754 ], [ 107.754926864068523, -6.993902776414032 ], [ 107.754979051342374, -6.993977340840645 ], [ 107.755091983195513, -6.994032313704922 ], [ 107.755250962323828, -6.994021638683283 ], [ 107.755592565395801, -6.993976045175777 ], [ 107.755786019690404, -6.993870717421237 ], [ 107.755873177139634, -6.993724877309202 ], [ 107.755957108176759, -6.99363029031772 ], [ 107.756099403119848, -6.993481481761228 ], [ 107.756244111018901, -6.993421402727831 ], [ 107.756394712185354, -6.993368864720993 ], [ 107.756602138628935, -6.993346392707688 ], [ 107.756697000472471, -6.993354886349361 ], [ 107.756760584080155, -6.993420676728758 ], [ 107.756765075347758, -6.993446797387818 ], [ 107.756147843599351, -6.993935193752649 ], [ 107.756018516067456, -6.994393503836782 ], [ 107.757318421948952, -6.994532510653282 ], [ 107.758042588597036, -6.995156049498114 ], [ 107.758567627571949, -6.995868509776693 ], [ 107.758785027052056, -6.996092135827516 ], [ 107.759110969476595, -6.996437734952845 ], [ 107.75921900094184, -6.996599098495999 ], [ 107.759053842676124, -6.996693779784691 ], [ 107.758994217477309, -6.996824375349734 ], [ 107.759152389587328, -6.996984520176581 ], [ 107.759294520121799, -6.997091803377047 ], [ 107.759695061327548, -6.997721544514179 ] ] ] ] } },
{ "type": "Feature", "properties": { "layer": "Pemukiman" }, "geometry": { "type": "MultiPolygon", "coordinates": [ [ [ [ 107.767135927183872, -7.007174261414265 ], [ 107.766274925195731, -7.006914421298422 ], [ 107.755344764015263, -7.005473616167202 ], [ 107.754909723530886, -7.005417086032483 ], [ 107.75267571653535, -7.004289821652121 ], [ 107.752154591871644, -7.004018240388708 ], [ 107.750516761204963, -7.002291002625562 ], [ 107.750706933631676, -7.002148744818856 ], [ 107.750934836837857, -7.00204108991815 ], [ 107.751061347591715, -7.00198513342349 ], [ 107.751046725785869, -7.00195432471868 ], [ 107.751672520130697, -7.001672639385927 ], [ 107.751692594654799, -7.001328699965607 ], [ 107.751988891300172, -7.001327897400759 ], [ 107.75211384112572, -7.001089784708985 ], [ 107.752544416528607, -7.001071647724481 ], [ 107.752599591519697, -7.001229051948926 ], [ 107.75273416683865, -7.001268578292335 ], [ 107.752744789589556, -7.001032900351606 ], [ 107.753006615186806, -7.001100366734677 ], [ 107.753036191453816, -7.001361081571778 ], [ 107.753693636233734, -7.001436144736087 ], [ 107.754099036700509, -7.001535636063063 ], [ 107.754228103875079, -7.001793817953109 ], [ 107.754192836068427, -7.001916591119872 ], [ 107.75399926991463, -7.001949309735274 ], [ 107.753987950340317, -7.002174198607905 ], [ 107.754538485501314, -7.002214789224464 ], [ 107.754575816436756, -7.002453208984894 ], [ 107.754779166302839, -7.002455164146955 ], [ 107.754788156884018, -7.002650387348902 ], [ 107.754367081821101, -7.002655814275252 ], [ 107.754300127282221, -7.00276882858324 ], [ 107.754206225562285, -7.003471452566981 ], [ 107.754607931384982, -7.003672841622968 ], [ 107.75461870731786, -7.00396980517457 ], [ 107.754947425909791, -7.004175283042943 ], [ 107.755274337594443, -7.004150294162307 ], [ 107.75540729811938, -7.004553015168141 ], [ 107.755357321311465, -7.005019553297499 ], [ 107.755533584561206, -7.005149335998149 ], [ 107.755823636513028, -7.005005215242475 ], [ 107.755891101553061, -7.004408838125591 ], [ 107.756256534880208, -7.004364837050374 ], [ 107.756525368427916, -7.004385713520816 ], [ 107.756503751283049, -7.004894129868735 ], [ 107.757060055040483, -7.004969298917072 ], [ 107.757042603047367, -7.00453083514283 ], [ 107.757205662457579, -7.004536310348834 ], [ 107.757259674700336, -7.004637281590019 ], [ 107.758174775933981, -7.004792678381919 ], [ 107.759649075140842, -7.004601346501492 ], [ 107.761179045152147, -7.003540591222279 ], [ 107.761030666834884, -7.003187744208706 ], [ 107.761368303248261, -7.00311223321675 ], [ 107.762106705842569, -7.003075222150629 ], [ 107.762635077700182, -7.003222434036519 ], [ 107.762836520905452, -7.003866001758262 ], [ 107.762756953541, -7.004068439572144 ], [ 107.762565447217838, -7.004050645211114 ], [ 107.762565083509188, -7.004399476319074 ], [ 107.762831061834248, -7.004439730856163 ], [ 107.762865814796996, -7.004289649599957 ], [ 107.762911832972094, -7.00429517500753 ], [ 107.762902011324911, -7.00445823256742 ], [ 107.763263893376049, -7.004502813756661 ], [ 107.763258995437639, -7.004630533212961 ], [ 107.763652342423327, -7.004676388092653 ], [ 107.7636986253939, -7.004542210075728 ], [ 107.763505550254493, -7.004504629567335 ], [ 107.763540990770096, -7.004177033971252 ], [ 107.763688163646734, -7.00419912047069 ], [ 107.763721078696861, -7.004366214576289 ], [ 107.763931920913109, -7.004377129211414 ], [ 107.764111534047331, -7.004386336042338 ], [ 107.764205212626379, -7.004316940042457 ], [ 107.764265678696844, -7.004305057303437 ], [ 107.764454062935314, -7.004295650741052 ], [ 107.764646939932248, -7.00428601976519 ], [ 107.764819863687237, -7.004235719695647 ], [ 107.764829937256991, -7.00390416104445 ], [ 107.7652843380463, -7.003793830119577 ], [ 107.76535431048724, -7.003663778684144 ], [ 107.765514588939396, -7.003522981750344 ], [ 107.765717181857454, -7.003522731961618 ], [ 107.765789869792698, -7.00369512925687 ], [ 107.765872773886727, -7.003891756427565 ], [ 107.766137864957201, -7.004171210021939 ], [ 107.766523674373332, -7.004200976229674 ], [ 107.766389518918061, -7.005346217575288 ], [ 107.766381378575346, -7.006374847908282 ], [ 107.766855030819272, -7.006393875382951 ], [ 107.767016645089129, -7.006558861873897 ], [ 107.767242879844005, -7.006374634757159 ], [ 107.767436585595107, -7.006700220041563 ], [ 107.767084295927035, -7.007032011141423 ], [ 107.767135927183872, -7.007174261414265 ] ], [ [ 107.753034691840028, -7.002947155389457 ], [ 107.753122040024337, -7.002334581189646 ], [ 107.753129264066331, -7.0021824147286 ], [ 107.752732483540413, -7.002094094112271 ], [ 107.752724103902167, -7.002102685763295 ], [ 107.752664867859281, -7.002148291249299 ], [ 107.752477397227608, -7.002209155392996 ], [ 107.752429236458681, -7.002015090820058 ], [ 107.752210040158616, -7.001977582052464 ], [ 107.751945897029671, -7.001934819528051 ], [ 107.751654258518329, -7.001999750122968 ], [ 107.751659651666273, -7.002179227684779 ], [ 107.751677769754281, -7.002239851810377 ], [ 107.75170387865677, -7.002333144173073 ], [ 107.751762982766266, -7.002694796895534 ], [ 107.752420933310319, -7.003149002461103 ], [ 107.752438872258892, -7.003167758189856 ], [ 107.752283045182082, -7.003390313621882 ], [ 107.75270334137366, -7.003770902075901 ], [ 107.752943970540073, -7.003385567567401 ], [ 107.752953821111888, -7.003364505071814 ], [ 107.752950943826249, -7.003360823375615 ], [ 107.752834565974652, -7.003250050833218 ], [ 107.752841572773505, -7.00324452884207 ], [ 107.753034691840028, -7.002947155389457 ] ] ] ] } },
{ "type": "Feature", "properties": { "layer": "Pemukiman" }, "geometry": { "type": "MultiPolygon", "coordinates": [ [ [ [ 107.750801491085909, -6.99458127735395 ], [ 107.750917429335757, -6.994764231155677 ], [ 107.750299867248557, -6.99506996158938 ], [ 107.749999309677492, -6.995832100129014 ], [ 107.749006758484882, -6.996415276148831 ], [ 107.749517176713141, -6.996916841244761 ], [ 107.749664942506342, -6.996918095992412 ], [ 107.749747344671107, -6.996954338370601 ], [ 107.749820100036231, -6.996998007844432 ], [ 107.749919358566331, -6.997243644440608 ], [ 107.750037819610228, -6.997543508796346 ], [ 107.750369865508219, -6.997464229897083 ], [ 107.75056320587818, -6.997415060699598 ], [ 107.750595751059919, -6.997501190015105 ], [ 107.75064069355507, -6.997524098654719 ], [ 107.750759473404059, -6.997582175694959 ], [ 107.749780335084608, -6.997720633878834 ], [ 107.749937613030909, -6.998912499332713 ], [ 107.750417540656983, -6.999398830639781 ], [ 107.750672301014916, -6.99929682807152 ], [ 107.750720130154903, -6.999756387598043 ], [ 107.750432360882527, -6.99980249305614 ], [ 107.750262053833012, -7.00012955210032 ], [ 107.750296312991082, -7.000649661688108 ], [ 107.750443050113816, -7.000651727155179 ], [ 107.750475026441293, -7.000917960861217 ], [ 107.750569592574493, -7.00094098399021 ], [ 107.750595816153464, -7.001064673419136 ], [ 107.751055272104637, -7.001971186677757 ], [ 107.751061347591715, -7.00198513342349 ], [ 107.751018038875316, -7.002005204265584 ], [ 107.750716407748428, -7.002147940983476 ], [ 107.750519334273577, -7.002290849008354 ], [ 107.750082235133505, -7.001639243481437 ], [ 107.74995384804248, -7.00060412730598 ], [ 107.749923710042097, -7.000340118376603 ], [ 107.748086708275466, -6.996796730799999 ], [ 107.74809988450113, -6.996775315219866 ], [ 107.748125599819801, -6.996775470207915 ], [ 107.748205233098204, -6.99680074550258 ], [ 107.748355548870961, -6.996791639598475 ], [ 107.748515563273685, -6.996783249513255 ], [ 107.748588733680435, -6.996764045726979 ], [ 107.748646519348085, -6.996708877260426 ], [ 107.748661409855345, -6.996651000090563 ], [ 107.748600699202612, -6.996353825470435 ], [ 107.748615589709814, -6.996295948257719 ], [ 107.748650826674407, -6.996255558334023 ], [ 107.748717355422968, -6.996217598438509 ], [ 107.748786472286213, -6.99618295027663 ], [ 107.749065888271744, -6.996069746499338 ], [ 107.749421840798732, -6.995897805675986 ], [ 107.749622923966356, -6.995772164712115 ], [ 107.749790411364472, -6.995622754260787 ], [ 107.749896527999525, -6.995474750195188 ], [ 107.749937752671826, -6.995387315449145 ], [ 107.750058666700468, -6.99516862447476 ], [ 107.750154399362387, -6.995031267124068 ], [ 107.75027888959967, -6.99489772185556 ], [ 107.750389183880955, -6.994811479516876 ], [ 107.750461278845989, -6.994765255770041 ], [ 107.750686114579992, -6.994637240318753 ], [ 107.750801491085909, -6.99458127735395 ] ] ] ] } },
{ "type": "Feature", "properties": { "layer": "Pemukiman" }, "geometry": { "type": "MultiPolygon", "coordinates": [ [ [ [ 107.720641323993405, -6.987383068261281 ], [ 107.720835961630769, -6.988067888160875 ], [ 107.721385279649269, -6.989766819325036 ], [ 107.722738260343093, -6.993901699722852 ], [ 107.723775953317968, -6.997128372462252 ], [ 107.724686994880003, -7.004217218049223 ], [ 107.723034904614849, -7.004385098548989 ], [ 107.723499720958401, -7.006358004909472 ], [ 107.722153403711971, -7.006623439331144 ], [ 107.722248178702472, -7.007128781173023 ], [ 107.721770764772515, -7.007286041784707 ], [ 107.721758279830013, -7.007334808209269 ], [ 107.722004991833927, -7.007751198246385 ], [ 107.722089925495339, -7.007946196049132 ], [ 107.722143907201783, -7.008078887793775 ], [ 107.722102965499872, -7.008400553357195 ], [ 107.722000302059442, -7.00893314799043 ], [ 107.721930148432207, -7.008953679831085 ], [ 107.72160606149049, -7.008913044080659 ], [ 107.72144349312623, -7.008896850115787 ], [ 107.721227390977575, -7.008903271877946 ], [ 107.721119842702436, -7.008919114979627 ], [ 107.721022228699923, -7.009015657633611 ], [ 107.720949798744542, -7.009186734105511 ], [ 107.720923642440894, -7.009325905051741 ], [ 107.720933875184713, -7.009444500281139 ], [ 107.720962827344891, -7.009548683739331 ], [ 107.721111267769587, -7.009642710913806 ], [ 107.721255641610156, -7.009669192685801 ], [ 107.721414055013611, -7.00968486565298 ], [ 107.721591153740022, -7.010250199937682 ], [ 107.720960561111497, -7.010229789080492 ], [ 107.720873218559021, -7.010285873050418 ], [ 107.720832586174438, -7.010372952040935 ], [ 107.720828342837379, -7.010439455383169 ], [ 107.720811976177998, -7.010966021692052 ], [ 107.720812893401742, -7.011058310242867 ], [ 107.720835154509885, -7.011115567624285 ], [ 107.720904694868196, -7.01116618397799 ], [ 107.720994004431276, -7.011194140853916 ], [ 107.721161296836968, -7.011173219716924 ], [ 107.721301604093071, -7.011132156231264 ], [ 107.721617867182005, -7.010803116594604 ], [ 107.721910530854714, -7.011217491055478 ], [ 107.722085779677869, -7.011465708571461 ], [ 107.722136468053492, -7.011631272782778 ], [ 107.722140319897463, -7.011639880897985 ], [ 107.7217091172392, -7.011826307055975 ], [ 107.721587476812161, -7.011880220804712 ], [ 107.721401865706298, -7.012011407123141 ], [ 107.721343996522606, -7.012095693863636 ], [ 107.721278865165971, -7.012140418697045 ], [ 107.721207171847141, -7.012188389319253 ], [ 107.721036706710493, -7.012376080155069 ], [ 107.720964332032636, -7.012558227731591 ], [ 107.720594086650181, -7.01292061525329 ], [ 107.720623378128735, -7.013033399306336 ], [ 107.720614280828556, -7.013104873083588 ], [ 107.720607883073285, -7.013205357357252 ], [ 107.720607148406771, -7.013226179936346 ], [ 107.720634755127563, -7.013385550935942 ], [ 107.720661422897564, -7.013550415819727 ], [ 107.720664276096329, -7.013560535407614 ], [ 107.72069639112469, -7.01361826643459 ], [ 107.720719265465519, -7.013662237003323 ], [ 107.720733628335054, -7.013687671806592 ], [ 107.720734480117372, -7.013689113732145 ], [ 107.720628031896808, -7.013729079288613 ], [ 107.720492232688855, -7.013746076204519 ], [ 107.720379368288263, -7.013822874506801 ], [ 107.720264217214108, -7.01407400568402 ], [ 107.720480415031318, -7.014577142437875 ], [ 107.720509439942475, -7.014614281051311 ], [ 107.720423652552711, -7.014644207071243 ], [ 107.720210115523756, -7.014298341729749 ], [ 107.720067257026187, -7.014291896760722 ], [ 107.719865956417394, -7.014304786697521 ], [ 107.719729591489596, -7.014349901475252 ], [ 107.719619200833122, -7.014324121602648 ], [ 107.719352964543376, -7.014343456506945 ], [ 107.719229586749989, -7.014317676635124 ], [ 107.719099933408117, -7.014310036728491 ], [ 107.719103399113152, -7.014196089267288 ], [ 107.719030446819559, -7.014179191024055 ], [ 107.718896199909977, -7.014143747845638 ], [ 107.718750879068025, -7.014106916172575 ], [ 107.718804113416596, -7.013983315464646 ], [ 107.718867567272071, -7.01384163442519 ], [ 107.718882681677272, -7.013690140564616 ], [ 107.71890412488969, -7.013474997166077 ], [ 107.718880665943303, -7.013341626716451 ], [ 107.718891468028232, -7.013326470576508 ], [ 107.719040181030635, -7.013120835164912 ], [ 107.719015696175362, -7.012910275924735 ], [ 107.71900994805867, -7.012719724770768 ], [ 107.719013447850344, -7.012515444411178 ], [ 107.719000478883885, -7.011851271955896 ], [ 107.71899543738607, -7.01112481552004 ], [ 107.719001425810475, -7.010783125800841 ], [ 107.718980575620108, -7.009767150624283 ], [ 107.71851227318173, -7.009306338904302 ], [ 107.718548140644515, -7.009054004745281 ], [ 107.71840200969811, -7.008581573999281 ], [ 107.717816828623839, -7.00789783951207 ], [ 107.717143939359687, -7.00652558406105 ], [ 107.716703948757811, -7.006474137618952 ], [ 107.716787380967162, -7.005848099500573 ], [ 107.717103395507053, -7.005928667775364 ], [ 107.716730656341127, -7.005468764759108 ], [ 107.716080907062747, -7.005446850705077 ], [ 107.716031456840938, -7.004450537627575 ], [ 107.715708447482555, -7.004424925529311 ], [ 107.715801589153472, -7.004135103335265 ], [ 107.716131048488904, -7.004168968659949 ], [ 107.716024083745111, -7.003742388503236 ], [ 107.715698329932209, -7.003391652766559 ], [ 107.715271963865817, -7.003353081038751 ], [ 107.715311723690107, -7.002598728649778 ], [ 107.717125798852379, -7.002465132188004 ], [ 107.717148766354313, -7.0021962878382 ], [ 107.71761161846986, -7.00221337879342 ], [ 107.717639371029918, -7.002863466755588 ], [ 107.718040285725877, -7.002954680918213 ], [ 107.718230461413455, -7.001873018722937 ], [ 107.718243135361803, -7.001360936723493 ], [ 107.718243640939207, -7.001327499804776 ], [ 107.718398361950278, -7.001585124245854 ], [ 107.718446697545431, -7.001676796772506 ], [ 107.718583742379408, -7.001690258197877 ], [ 107.718997279583974, -7.001765441117533 ], [ 107.719305840557539, -7.00248071791221 ], [ 107.71973971460443, -7.002488458957502 ], [ 107.719766758350104, -7.001721940285156 ], [ 107.718897686801228, -7.000516429383446 ], [ 107.718582700805342, -7.000504122584628 ], [ 107.718478585798096, -7.000491067853818 ], [ 107.718179639619592, -7.000161950154629 ], [ 107.717147888153661, -6.998387764099339 ], [ 107.716827635814198, -6.997764338324274 ], [ 107.715929380105777, -6.997242492344726 ], [ 107.715396144400572, -6.996907325980277 ], [ 107.714488214736349, -6.996653496780887 ], [ 107.714167224220446, -6.996589917346047 ], [ 107.713794114685143, -6.996566464513806 ], [ 107.713783638684049, -6.996833455883005 ], [ 107.712844773107534, -6.997007368543685 ], [ 107.712684892997316, -6.99650903873662 ], [ 107.711542181680343, -6.996622395281007 ], [ 107.710882048456781, -6.997099562666642 ], [ 107.711335767240172, -6.997413092977141 ], [ 107.711106585254129, -6.997920964995139 ], [ 107.710741752123582, -6.998201850353446 ], [ 107.711178710046823, -6.99844473477511 ], [ 107.711728731114775, -6.998063652004349 ], [ 107.711749440446027, -6.998386738118176 ], [ 107.712120434596983, -6.99849462667449 ], [ 107.71210344442261, -6.999126655380527 ], [ 107.712634866388228, -6.999589463941736 ], [ 107.709789602134279, -6.999218386354095 ], [ 107.708330183401429, -6.998755817323167 ], [ 107.706644596737021, -6.998333078265587 ], [ 107.705339422569978, -6.998223976207855 ], [ 107.704944445868207, -6.997710763698707 ], [ 107.704760158270545, -6.997701294043114 ], [ 107.704633313311291, -6.997726302748579 ], [ 107.704357484472027, -6.997896284919435 ], [ 107.703383653098186, -6.99754141304893 ], [ 107.703214224579384, -6.998127378798878 ], [ 107.70264285566607, -6.998028460145231 ], [ 107.702647846141133, -6.997449476787445 ], [ 107.703253169826439, -6.997443550150521 ], [ 107.703468354723867, -6.997102309233488 ], [ 107.702684032819207, -6.996301523098857 ], [ 107.702765970149201, -6.995711729000353 ], [ 107.703221248672278, -6.995373316051373 ], [ 107.703370692833005, -6.994826305540269 ], [ 107.703118571245213, -6.994600487524346 ], [ 107.703364577889545, -6.994334572463558 ], [ 107.703455552531807, -6.993943659702333 ], [ 107.703804195671523, -6.993918973401468 ], [ 107.703584010562551, -6.993410673107096 ], [ 107.703331915437786, -6.993403686108374 ], [ 107.703137258331182, -6.993382632923669 ], [ 107.702778887744742, -6.993604184637449 ], [ 107.702862561024176, -6.994613655947096 ], [ 107.702344513754696, -6.994524828018504 ], [ 107.702366055164433, -6.994257734538023 ], [ 107.702385727790855, -6.994115293412041 ], [ 107.702419605025298, -6.993751767347272 ], [ 107.702560883725724, -6.993313411543649 ], [ 107.70267874687552, -6.992964774822483 ], [ 107.703049374914713, -6.99288847510994 ], [ 107.703094313994839, -6.992512271269048 ], [ 107.7031079362892, -6.992419169572681 ], [ 107.702962960704227, -6.992133039050876 ], [ 107.702972300765865, -6.991854736259287 ], [ 107.702968603369627, -6.991788923474482 ], [ 107.702473187332203, -6.99148336195204 ], [ 107.702327709780675, -6.991208069181504 ], [ 107.701855145808324, -6.990906669727141 ], [ 107.701988896145195, -6.990518298717578 ], [ 107.702054704417037, -6.990327211056754 ], [ 107.701846796400119, -6.989818340976889 ], [ 107.701439853384542, -6.99028328074014 ], [ 107.70099352870551, -6.989977249651716 ], [ 107.70107840364274, -6.989472852830713 ], [ 107.700327472601018, -6.989307123886744 ], [ 107.699761363693796, -6.989254256939377 ], [ 107.699871859430175, -6.988486917501549 ], [ 107.699537584164787, -6.98876332336046 ], [ 107.699429511672321, -6.988849249473538 ], [ 107.699221163313354, -6.989386252389512 ], [ 107.69854905364403, -6.98963350164989 ], [ 107.698141047097366, -6.989592012431796 ], [ 107.697768146005572, -6.989274700127956 ], [ 107.697687282860414, -6.98898423103576 ], [ 107.697733358325152, -6.98862495949432 ], [ 107.697537644070977, -6.988626069190746 ], [ 107.697266654105192, -6.988795873458907 ], [ 107.696627540127764, -6.988597605915544 ], [ 107.696234966442788, -6.989215964497062 ], [ 107.695906497900467, -6.989043048718662 ], [ 107.695377101102082, -6.989892608305339 ], [ 107.69513250159217, -6.990447071253124 ], [ 107.694465418980599, -6.990294577659345 ], [ 107.694032695267083, -6.990710004442898 ], [ 107.694095279764397, -6.991260202546745 ], [ 107.695113612872092, -6.991382625768298 ], [ 107.695014684531273, -6.991830493255592 ], [ 107.694233108110808, -6.991883137923776 ], [ 107.692897662461334, -6.991966209791336 ], [ 107.692770031292739, -6.993058723118522 ], [ 107.692482375306327, -6.992904060124247 ], [ 107.692506193659113, -6.991775497482585 ], [ 107.691393806915727, -6.991016244525685 ], [ 107.69095052770092, -6.990742789799191 ], [ 107.690410702540902, -6.990406788090575 ], [ 107.689514486469804, -6.990715027938506 ], [ 107.689520429886173, -6.991636500510835 ], [ 107.689447405926785, -6.991700763509146 ], [ 107.688858958567977, -6.992178278241107 ], [ 107.688831160475573, -6.992184283712834 ], [ 107.688444077031448, -6.992181575095623 ], [ 107.686696672796373, -6.992185969247799 ], [ 107.686927568465237, -6.990865530341631 ], [ 107.685117118563255, -6.99131053411015 ], [ 107.683776187522994, -6.991772530886403 ], [ 107.683116334643231, -6.992510243661219 ], [ 107.682469124469762, -6.992881320977309 ], [ 107.682321232514497, -6.992810879986662 ], [ 107.682894835673807, -6.992152041022338 ], [ 107.683401214227231, -6.991208110327142 ], [ 107.683857453734745, -6.990703541262051 ], [ 107.685096256496323, -6.990118778482587 ], [ 107.686638928911194, -6.989816984979681 ], [ 107.687723218689229, -6.989528237432373 ], [ 107.688834619198673, -6.989740496869776 ], [ 107.689828832769876, -6.989719361136374 ], [ 107.690168232260788, -6.98936096663209 ], [ 107.691496547681936, -6.988976808428914 ], [ 107.69697738575276, -6.987233889882715 ], [ 107.697935917762393, -6.987145147434058 ], [ 107.698967508440617, -6.987309322108245 ], [ 107.700844943823213, -6.987718847245403 ], [ 107.70195831792195, -6.988067387915581 ], [ 107.702453745798195, -6.987912536233895 ], [ 107.703177054842129, -6.98771163015869 ], [ 107.704026596147358, -6.9878043974142 ], [ 107.7053220734946, -6.987563302927065 ], [ 107.707667355200854, -6.986763557033514 ], [ 107.7097534501724, -6.986084931249271 ], [ 107.710388109135948, -6.9860600448713 ], [ 107.710798127981107, -6.98614628013477 ], [ 107.711235303487129, -6.984559159537438 ], [ 107.711648994794942, -6.981860046718913 ], [ 107.711705705693745, -6.98141446234705 ], [ 107.713617672842886, -6.98182832267381 ], [ 107.713851772206993, -6.981091576657314 ], [ 107.716283432600179, -6.981669161980662 ], [ 107.717750481892296, -6.982270991546795 ], [ 107.720041931249938, -6.983011016405301 ], [ 107.721431559496764, -6.9833942007005 ], [ 107.721528877612243, -6.983434080989629 ], [ 107.721167287516892, -6.984670152138205 ], [ 107.720804699764898, -6.985978257505866 ], [ 107.720641323993405, -6.987383068261281 ] ] ] ] } },
{ "type": "Feature", "properties": { "layer": "Pemukiman" }, "geometry": { "type": "MultiPolygon", "coordinates": [ [ [ [ 107.672956881661221, -6.995907718464719 ], [ 107.674249755613587, -6.993428712305447 ], [ 107.67430148188248, -6.993354563472617 ], [ 107.674542700993271, -6.992997240245005 ], [ 107.67470934842369, -6.992628642225014 ], [ 107.674979191167168, -6.991981230290255 ], [ 107.674917916918233, -6.991978402343098 ], [ 107.674843020446701, -6.991898124810101 ], [ 107.674888305241069, -6.991773184391354 ], [ 107.674949693384264, -6.991598325325441 ], [ 107.674954342225021, -6.991528627414092 ], [ 107.675136432403249, -6.991481544413914 ], [ 107.675184792600874, -6.991508971305503 ], [ 107.675355481258478, -6.991114442678162 ], [ 107.675408674572481, -6.99090589568512 ], [ 107.67542639906425, -6.990867763423015 ], [ 107.675452119167289, -6.990844293388768 ], [ 107.675392135903607, -6.990834036496187 ], [ 107.675315579013827, -6.990881254767183 ], [ 107.675187406916294, -6.990950492218068 ], [ 107.675158478766676, -6.991033314622263 ], [ 107.675086314834061, -6.991032917481763 ], [ 107.675090795794432, -6.99101697817375 ], [ 107.675098356041261, -6.990990085477156 ], [ 107.675090914753298, -6.990948168671444 ], [ 107.675085060963411, -6.990927767269922 ], [ 107.675077632374624, -6.990924473144565 ], [ 107.675036062383811, -6.990917808854979 ], [ 107.675010056490137, -6.9909152738814 ], [ 107.674990778949748, -6.990916162733633 ], [ 107.675163107894392, -6.990200490072094 ], [ 107.675157727451577, -6.989505626790486 ], [ 107.67526628052596, -6.98952382015753 ], [ 107.675216411510419, -6.989781313322351 ], [ 107.675580420926451, -6.989979015231391 ], [ 107.675605821015097, -6.98997816187204 ], [ 107.675660474773011, -6.990008953891717 ], [ 107.675732942068478, -6.990035139852586 ], [ 107.675804768915327, -6.989903932332142 ], [ 107.675888464165297, -6.98967947489968 ], [ 107.675691803590908, -6.989531868112837 ], [ 107.67569727868063, -6.989507664628782 ], [ 107.675303687581362, -6.989308921615835 ], [ 107.675323835370889, -6.989048207074652 ], [ 107.675155644123791, -6.989001919057584 ], [ 107.675139479046791, -6.986107769005192 ], [ 107.675785374624652, -6.986215115612866 ], [ 107.67578719580672, -6.98618749000949 ], [ 107.675873905725354, -6.98553536369524 ], [ 107.676160725516766, -6.985576958134779 ], [ 107.676259440232982, -6.985606409480176 ], [ 107.676340932569275, -6.985601146396689 ], [ 107.676418560852781, -6.985615102568522 ], [ 107.676615630559411, -6.985627153542019 ], [ 107.676697299209252, -6.985620505154492 ], [ 107.676770740499833, -6.985633936312304 ], [ 107.676833489247514, -6.985656633214012 ], [ 107.676901730191403, -6.98564407886835 ], [ 107.676905432773836, -6.985614987478475 ], [ 107.676925677334125, -6.985611896326897 ], [ 107.676938121375557, -6.985569826914308 ], [ 107.676995872569663, -6.985572846191351 ], [ 107.677005011182089, -6.985523325239028 ], [ 107.677002073226021, -6.985501845650917 ], [ 107.676977348417353, -6.985462152630358 ], [ 107.676938314332361, -6.985423480169131 ], [ 107.676917952832468, -6.985382926850635 ], [ 107.676911939492939, -6.985339080900408 ], [ 107.67691740520992, -6.985296136439598 ], [ 107.676940515314783, -6.985237108057603 ], [ 107.676966270120232, -6.985157300083162 ], [ 107.676974405499507, -6.984957875263697 ], [ 107.676979856375013, -6.984926188223611 ], [ 107.676994445863087, -6.98484498015731 ], [ 107.676997731007091, -6.984793880096311 ], [ 107.676973490610962, -6.98478380347334 ], [ 107.676929740592087, -6.984748761862212 ], [ 107.676920691036358, -6.984730738139608 ], [ 107.676921103033877, -6.984682937682812 ], [ 107.676934046329308, -6.984659227189715 ], [ 107.676971391493012, -6.984655465476713 ], [ 107.677022708147121, -6.984642196351042 ], [ 107.677039819055096, -6.984624470485883 ], [ 107.677061425592854, -6.984227735670354 ], [ 107.677042865329085, -6.984204611882991 ], [ 107.676974472832697, -6.984204792425159 ], [ 107.676893992140677, -6.98421330816867 ], [ 107.676883352697601, -6.9841705862242 ], [ 107.676904546027359, -6.983912430887136 ], [ 107.677125394282214, -6.983840729847259 ], [ 107.67712678061136, -6.98379501569142 ], [ 107.676863060862402, -6.983866524989207 ], [ 107.675765699613365, -6.984122302332426 ], [ 107.675645179060353, -6.984144730602869 ], [ 107.675658442565791, -6.984282652118439 ], [ 107.675665596856078, -6.984347507214571 ], [ 107.675678933669204, -6.984429822231885 ], [ 107.675674474827602, -6.984486867817912 ], [ 107.675636155445574, -6.984571170245492 ], [ 107.675600970156395, -6.984627114604669 ], [ 107.675506881375952, -6.984672740704549 ], [ 107.675126295978913, -6.984759659363159 ], [ 107.675138659478506, -6.983523414323777 ], [ 107.675103491710956, -6.981373280157085 ], [ 107.675388508623499, -6.968082073416215 ], [ 107.675448365507592, -6.967785916528752 ], [ 107.676066312978222, -6.967813152706259 ], [ 107.676069088738942, -6.967783184823361 ], [ 107.676485204906285, -6.967787852428335 ], [ 107.67647814382309, -6.967887580319739 ], [ 107.678168276224483, -6.968061523667734 ], [ 107.679292443550395, -6.968162467133647 ], [ 107.679652302701243, -6.968175549506945 ], [ 107.679660549819872, -6.968213767123133 ], [ 107.682192160608295, -6.968485314639632 ], [ 107.683191227991657, -6.968563277200805 ], [ 107.683283205405118, -6.968503144359899 ], [ 107.684477772790274, -6.968605621866837 ], [ 107.68446591804134, -6.96869876864244 ], [ 107.68502023331753, -6.968713074871667 ], [ 107.686022924581636, -6.968854580679497 ], [ 107.686908643548193, -6.968886785310733 ], [ 107.689967251468445, -6.969262436509793 ], [ 107.691330300451909, -6.969362382486204 ], [ 107.692595956763299, -6.969473774079767 ], [ 107.69352089478042, -6.969468659739118 ], [ 107.69374767478314, -6.969497097027192 ], [ 107.695237675877252, -6.969463126410067 ], [ 107.697867755984376, -6.969181852173561 ], [ 107.697984652006426, -6.969180419992462 ], [ 107.698075615926257, -6.969178954124402 ], [ 107.699342428858714, -6.968918454028296 ], [ 107.699484620404661, -6.968794688019703 ], [ 107.699518513340038, -6.96880859235401 ], [ 107.699782472498669, -6.968850064928445 ], [ 107.700178375141505, -6.968745240896875 ], [ 107.700206492592656, -6.968600734191826 ], [ 107.700293409399507, -6.968594919541637 ], [ 107.700340873083235, -6.968604089404719 ], [ 107.700406677229992, -6.968621995287412 ], [ 107.700450915854972, -6.968656505527999 ], [ 107.700481214536396, -6.968673177258779 ], [ 107.70053129179577, -6.968677122385907 ], [ 107.700752649085715, -6.968642085123156 ], [ 107.700843851177254, -6.968635580195948 ], [ 107.701035245424762, -6.968551932377238 ], [ 107.704651568619113, -6.967238697117177 ], [ 107.704588156456012, -6.969225624204936 ], [ 107.704742859141575, -6.969738502320953 ], [ 107.704995058082957, -6.969820040145264 ], [ 107.705177324647323, -6.969964619298052 ], [ 107.70563807622176, -6.97011092188978 ], [ 107.70575877981868, -6.970126057608231 ], [ 107.706037148130804, -6.970216292724044 ], [ 107.706511645198432, -6.970342187304579 ], [ 107.70915548176535, -6.971237818958097 ], [ 107.709815043767449, -6.973375295122814 ], [ 107.709779007652756, -6.974445327620851 ], [ 107.709676630879699, -6.974599666418768 ], [ 107.708786919301318, -6.975179998714568 ], [ 107.708758560618278, -6.975248106766444 ], [ 107.708730098875279, -6.975394380847997 ], [ 107.708727921119319, -6.975514633644738 ], [ 107.708706259129954, -6.975710622111274 ], [ 107.708721933332257, -6.975767964286893 ], [ 107.70879080786446, -6.975885214708579 ], [ 107.709018450775318, -6.975978908863691 ], [ 107.709068127916154, -6.975975365730424 ], [ 107.709225557013198, -6.976027680945366 ], [ 107.709319163980936, -6.976091537942296 ], [ 107.709612871313325, -6.976310784366714 ], [ 107.709804497962082, -6.976599740932384 ], [ 107.710094328417838, -6.977184079927147 ], [ 107.710161582692095, -6.977326068385777 ], [ 107.710171883296042, -6.97747720237616 ], [ 107.710147979014394, -6.977536096322752 ], [ 107.710100204804547, -6.97762782897446 ], [ 107.709980641795582, -6.977628936298034 ], [ 107.70937263992046, -6.977625031973258 ], [ 107.709117754832832, -6.977582737359509 ], [ 107.708841080858576, -6.97754804417254 ], [ 107.708648864422258, -6.977585943128076 ], [ 107.70805421402936, -6.976777690268612 ], [ 107.707625017836534, -6.976796207088629 ], [ 107.707512662651482, -6.97759720460962 ], [ 107.707669927038495, -6.977833930447124 ], [ 107.707859118519949, -6.978146994847272 ], [ 107.707442431613046, -6.978394419407461 ], [ 107.707293901928566, -6.978334460351282 ], [ 107.706951002686054, -6.978002122100659 ], [ 107.706656367427527, -6.977821948970843 ], [ 107.706417438741866, -6.978083572050543 ], [ 107.706285324877229, -6.979583235734981 ], [ 107.706243472841294, -6.979782373224698 ], [ 107.700807466820692, -6.979364409866142 ], [ 107.698458089982381, -6.979128130217243 ], [ 107.697294821060737, -6.978574048232952 ], [ 107.695357973295089, -6.977090153733616 ], [ 107.694853354004323, -6.975977174710546 ], [ 107.694057474886975, -6.973690487136003 ], [ 107.693676126437438, -6.972301370943831 ], [ 107.692686349093805, -6.971131200679801 ], [ 107.692105329644903, -6.970387691703852 ], [ 107.691545304152669, -6.970171672912191 ], [ 107.690229849928045, -6.969890085250067 ], [ 107.687475670634626, -6.969603040262392 ], [ 107.685538401743202, -6.96936011464531 ], [ 107.678079736559326, -6.968715830548782 ], [ 107.677856820530977, -6.973847498930157 ], [ 107.68353757889146, -6.974284953563282 ], [ 107.683857453734745, -6.990703541262069 ], [ 107.683648032331192, -6.990940474273446 ], [ 107.683374143500785, -6.991273117685886 ], [ 107.682990143644759, -6.992019421592794 ], [ 107.682894835673807, -6.992152041022338 ], [ 107.682614523557234, -6.992476464314168 ], [ 107.682321232514497, -6.992810879986662 ], [ 107.682469124469762, -6.992881320977309 ], [ 107.681098479266851, -6.993686526308494 ], [ 107.681113364008922, -6.994047341129071 ], [ 107.681140162818807, -6.99457257985581 ], [ 107.681108558974756, -6.994554584978033 ], [ 107.681067003089723, -6.994352908275348 ], [ 107.680652067861331, -6.994273686363028 ], [ 107.680571385840679, -6.994467449595821 ], [ 107.680459863278585, -6.994698121630701 ], [ 107.680389940442083, -6.994748664533743 ], [ 107.68025106264578, -6.994812802650433 ], [ 107.680103982187902, -6.994824015589663 ], [ 107.679968897710083, -6.994799663656057 ], [ 107.679775113971488, -6.994678985769752 ], [ 107.679439764023414, -6.99452961703887 ], [ 107.679263856969754, -6.99444454278609 ], [ 107.679072277902165, -6.994394572485469 ], [ 107.67888276489083, -6.994371621985772 ], [ 107.678823019562756, -6.99437154437804 ], [ 107.67874709873702, -6.994439869766725 ], [ 107.678740093776327, -6.994524250263138 ], [ 107.678759349839538, -6.995443652271565 ], [ 107.678745687023962, -6.995697715039815 ], [ 107.678705983958196, -6.995833598765426 ], [ 107.678636022025586, -6.995913791804533 ], [ 107.678486116127388, -6.995976546960379 ], [ 107.678315625388407, -6.995966290010276 ], [ 107.678030947769244, -6.995767491222334 ], [ 107.677891414854713, -6.995631374653562 ], [ 107.677554756975908, -6.995212383201816 ], [ 107.677294574803, -6.994909155382117 ], [ 107.677078773956524, -6.994756061592714 ], [ 107.676964430698433, -6.994686120622712 ], [ 107.676805935938091, -6.994640298762424 ], [ 107.676631730068905, -6.994659231186196 ], [ 107.676391741788976, -6.994725518775132 ], [ 107.676119188892642, -6.994828022024993 ], [ 107.675922848630108, -6.994903489479494 ], [ 107.675708089101434, -6.995006302563059 ], [ 107.675353483901418, -6.995210201336963 ], [ 107.675140544410766, -6.995289321030512 ], [ 107.674377058564303, -6.99538000282582 ], [ 107.673788057203069, -6.995593128195555 ], [ 107.673505271497916, -6.995702238987755 ], [ 107.672956881661221, -6.995907718464719 ] ] ] ] } },
{ "type": "Feature", "properties": { "layer": "Pemukiman" }, "geometry": { "type": "MultiPolygon", "coordinates": [ [ [ [ 107.787623600419622, -6.990807969944647 ], [ 107.787249819788642, -6.990744375528457 ], [ 107.787087528092158, -6.990716763384242 ], [ 107.787196654515256, -6.990461035318625 ], [ 107.787449956543071, -6.990474603691727 ], [ 107.787499972520564, -6.990249815149681 ], [ 107.78783928070176, -6.990278165952717 ], [ 107.788434273969628, -6.99036325608583 ], [ 107.788443044774496, -6.990554032188808 ], [ 107.788651643248542, -6.990526006143902 ], [ 107.788556196473849, -6.990907369657731 ], [ 107.788491195978892, -6.991161663520337 ], [ 107.78821079689132, -6.991114997161446 ], [ 107.788176125322337, -6.991196685933605 ], [ 107.787832960422577, -6.991172639569413 ], [ 107.787704381489732, -6.991442407470392 ], [ 107.787473813533524, -6.991424687515437 ], [ 107.787623600419622, -6.990807969944647 ] ] ] ] } },
{ "type": "Feature", "properties": { "layer": "Pemukiman" }, "geometry": { "type": "MultiPolygon", "coordinates": [ [ [ [ 107.80242731939957, -6.988958901833815 ], [ 107.802557301509495, -6.988993188690714 ], [ 107.802720443022636, -6.98903702061205 ], [ 107.802773221216881, -6.989018514308641 ], [ 107.802934407036247, -6.989066045741253 ], [ 107.802916354012325, -6.989130041021582 ], [ 107.802999595465934, -6.989191289837566 ], [ 107.803181659178904, -6.989272112949676 ], [ 107.803165080428826, -6.989430356706574 ], [ 107.803150482709086, -6.989514171967747 ], [ 107.803131461514823, -6.98957588385282 ], [ 107.803095121501244, -6.989577864565136 ], [ 107.803012211692774, -6.989542590932625 ], [ 107.8028966708372, -6.989680480866924 ], [ 107.802847196148377, -6.989779279052697 ], [ 107.802861737253679, -6.989817095289663 ], [ 107.802890632603223, -6.989825221062913 ], [ 107.802887650960997, -6.98985573834649 ], [ 107.802847690958657, -6.989846538648736 ], [ 107.802830609185847, -6.989857002514552 ], [ 107.802819557593168, -6.989803304210871 ], [ 107.802749606309405, -6.989718209594648 ], [ 107.802724397849346, -6.989699869955991 ], [ 107.802545940630921, -6.989592848953007 ], [ 107.802422116246603, -6.989468032143774 ], [ 107.802411297718848, -6.989385229853502 ], [ 107.802405273937907, -6.989213936369981 ], [ 107.802375954345806, -6.989079076847534 ], [ 107.80242731939957, -6.988958901833815 ] ] ] ] } },
{ "type": "Feature", "properties": { "layer": "Pemukiman" }, "geometry": { "type": "MultiPolygon", "coordinates": [ [ [ [ 107.80262425100517, -6.992186710617608 ], [ 107.802991063772666, -6.992159699976286 ], [ 107.803166156212001, -6.992174627748344 ], [ 107.803257042951827, -6.991961158621192 ], [ 107.803422822374046, -6.991771134283191 ], [ 107.803437565558056, -6.991822172266088 ], [ 107.803417194042822, -6.992075326340286 ], [ 107.803444845651541, -6.992247442590071 ], [ 107.803430464021687, -6.992582937134758 ], [ 107.803334221225157, -6.992894112833883 ], [ 107.803342505699334, -6.993218394953133 ], [ 107.802954763313551, -6.993261127449308 ], [ 107.802955059752833, -6.993036299736864 ], [ 107.802787816121906, -6.993015329123133 ], [ 107.802638911082568, -6.992961522826782 ], [ 107.80262425100517, -6.992186710617608 ] ] ] ] } },
{ "type": "Feature", "properties": { "layer": "Pemukiman" }, "geometry": { "type": "MultiPolygon", "coordinates": [ [ [ [ 107.809161171847464, -6.992717636774129 ], [ 107.809341371609207, -6.992663950320536 ], [ 107.80937262807015, -6.992811562878932 ], [ 107.809450496531269, -6.992803586866612 ], [ 107.809507437014702, -6.992988125715607 ], [ 107.80923155444431, -6.993049328395479 ], [ 107.809161171847464, -6.992717636774129 ] ] ] ] } },
{ "type": "Feature", "properties": { "layer": "Pemukiman" }, "geometry": { "type": "MultiPolygon", "coordinates": [ [ [ [ 107.810121730685239, -6.993312297665549 ], [ 107.810327440329274, -6.993215080078982 ], [ 107.810410748194045, -6.993417423815758 ], [ 107.810210816698387, -6.993527667015752 ], [ 107.810121730685239, -6.993312297665549 ] ] ] ] } },
{ "type": "Feature", "properties": { "layer": "Pemukiman" }, "geometry": { "type": "MultiPolygon", "coordinates": [ [ [ [ 107.713055851891227, -6.999458907643914 ], [ 107.713267528290999, -6.999504495587042 ], [ 107.713231473135536, -6.999687263154489 ], [ 107.713018603691125, -6.999651048776358 ], [ 107.713055851891227, -6.999458907643914 ] ] ] ] } },
{ "type": "Feature", "properties": { "layer": "Pemukiman" }, "geometry": { "type": "MultiPolygon", "coordinates": [ [ [ [ 107.715892676507281, -7.001044045222018 ], [ 107.715998826752596, -7.000927047668918 ], [ 107.716072976202383, -7.000908861315741 ], [ 107.71625689970773, -7.000925964543983 ], [ 107.716375335360112, -7.000912831731433 ], [ 107.716498008575527, -7.000949013869144 ], [ 107.716592909841808, -7.000898169490611 ], [ 107.716721717642997, -7.000811450997981 ], [ 107.717002612072861, -7.000679834186114 ], [ 107.717423890878138, -7.000530068894166 ], [ 107.717613849001168, -7.000452593054525 ], [ 107.717689981544993, -7.000420429737212 ], [ 107.71775336121982, -7.000535629484618 ], [ 107.717640219269697, -7.000622737104969 ], [ 107.717165013563829, -7.00077169908721 ], [ 107.716916586864272, -7.00093122083503 ], [ 107.716671208894468, -7.001019623075487 ], [ 107.716450087459691, -7.001200443902208 ], [ 107.71633607335508, -7.001388736091318 ], [ 107.716400757446877, -7.001635185509432 ], [ 107.71648410334565, -7.001735013062957 ], [ 107.716737566827206, -7.001677417125624 ], [ 107.716985184214138, -7.001571420393231 ], [ 107.717132349680355, -7.001452828237354 ], [ 107.71732915173834, -7.001227248842146 ], [ 107.717532546363998, -7.001044205305948 ], [ 107.717814996545826, -7.000853198826417 ], [ 107.718002778093535, -7.000745657718928 ], [ 107.71805004958685, -7.000751584974866 ], [ 107.71807424328, -7.000891663606565 ], [ 107.717928570757749, -7.000998526146202 ], [ 107.717765171428653, -7.001103165941763 ], [ 107.717622359112966, -7.001281888763846 ], [ 107.717525388186175, -7.001430608614491 ], [ 107.717328711811845, -7.001560868149036 ], [ 107.717189694699073, -7.001662606569507 ], [ 107.716948436128504, -7.001848350269546 ], [ 107.716701457149242, -7.001890373482824 ], [ 107.716308247700013, -7.001902144323264 ], [ 107.716145675301689, -7.001799830909262 ], [ 107.716092557716081, -7.001745502896829 ], [ 107.715912178048768, -7.001842054939892 ], [ 107.715650754739215, -7.001773524983166 ], [ 107.715591541606059, -7.001719922177883 ], [ 107.715579725647657, -7.001576926874235 ], [ 107.715606847161837, -7.001387422011359 ], [ 107.715704875912493, -7.001206808018991 ], [ 107.715810836487918, -7.001232053977495 ], [ 107.715902406108555, -7.001096201831384 ], [ 107.715892676507281, -7.001044045222018 ] ] ] ] } },
{ "type": "Feature", "properties": { "layer": "Pemukiman" }, "geometry": { "type": "MultiPolygon", "coordinates": [ [ [ [ 107.693172622984619, -7.001901035703131 ], [ 107.692624985696185, -7.001931342180063 ], [ 107.692451575897152, -7.001887949249419 ], [ 107.692414370121725, -7.002070547772203 ], [ 107.692093512697397, -7.002142277040511 ], [ 107.692016460723437, -7.002073115857181 ], [ 107.69183604932546, -7.002165942429617 ], [ 107.691737516355829, -7.001921998627688 ], [ 107.691970649811793, -7.00182696079986 ], [ 107.692106527880696, -7.00168914823342 ], [ 107.692230499956153, -7.001578704748022 ], [ 107.692533873593732, -7.001511142707365 ], [ 107.692615642521332, -7.001060024524562 ], [ 107.692766572422116, -7.000872413030714 ], [ 107.693015866140939, -7.000772355321764 ], [ 107.693051708816256, -7.000574179676772 ], [ 107.692831113532463, -7.000260179903198 ], [ 107.692599692708768, -7.000162667257348 ], [ 107.692591980621572, -6.999926789462629 ], [ 107.693086047075226, -6.999872828757496 ], [ 107.693229018199943, -6.999127604836607 ], [ 107.693256338470931, -6.998912954157218 ], [ 107.694005149878549, -6.998747880433415 ], [ 107.694795930473163, -6.998792515776953 ], [ 107.696155668470581, -6.999194832263427 ], [ 107.69657359270856, -6.9993905206684 ], [ 107.696940758711833, -6.999742939479439 ], [ 107.697323535513661, -6.999920590920989 ], [ 107.697456188459441, -7.000063327932275 ], [ 107.697517973390248, -7.000278726304311 ], [ 107.697792130909079, -7.000340361741552 ], [ 107.6977732044747, -7.000596953419502 ], [ 107.69751639309591, -7.000564752461054 ], [ 107.697473705171888, -7.000900142916684 ], [ 107.697378982516241, -7.001130279922466 ], [ 107.697097239716371, -7.001322990503275 ], [ 107.696848105029758, -7.001176072981854 ], [ 107.696520152926723, -7.001271248969865 ], [ 107.696402064212691, -7.001120145069862 ], [ 107.696187337245931, -7.001028393223026 ], [ 107.69584134971268, -7.000886281959546 ], [ 107.695711308379444, -7.000829087252812 ], [ 107.695620252441529, -7.000681372783325 ], [ 107.695502307474896, -7.000421248900331 ], [ 107.695387490046016, -7.00035233329667 ], [ 107.695360169775043, -7.000566983313966 ], [ 107.694990248484956, -7.000452451139447 ], [ 107.694961651938655, -7.00035345738208 ], [ 107.695037915211728, -7.00018583332587 ], [ 107.694850393290992, -7.000148690647785 ], [ 107.694703564283202, -7.000007612445737 ], [ 107.694407911255226, -6.999956911438844 ], [ 107.694309881502136, -6.999971879193049 ], [ 107.69454653341576, -7.000201659051108 ], [ 107.69459613446304, -7.000743777224653 ], [ 107.694602245795082, -7.001235213144607 ], [ 107.694665837714538, -7.001706596498998 ], [ 107.694667257737365, -7.001911219872881 ], [ 107.694631543628432, -7.002083927655234 ], [ 107.694520141234776, -7.001988181133035 ], [ 107.694381562316153, -7.0019980644751 ], [ 107.694307006559271, -7.002152272303365 ], [ 107.694146517416016, -7.002118519346513 ], [ 107.694175545203223, -7.001890454458586 ], [ 107.693678710119016, -7.001909935797282 ], [ 107.693517229052816, -7.001879104507019 ], [ 107.693504784338757, -7.002106120437504 ], [ 107.693508702985071, -7.002204573039182 ], [ 107.693562131746944, -7.002366377593429 ], [ 107.693428511571312, -7.002382277083005 ], [ 107.693404052626022, -7.002509825170624 ], [ 107.693219813529879, -7.002535704559865 ], [ 107.693172622984619, -7.001901035703131 ] ] ] ] } },
{ "type": "Feature", "properties": { "layer": "Pemukiman" }, "geometry": { "type": "MultiPolygon", "coordinates": [ [ [ [ 107.700001286971599, -6.994578194646559 ], [ 107.700220571880891, -6.994607068171363 ], [ 107.700184659202023, -6.994475847033338 ], [ 107.70021197585632, -6.994413205130985 ], [ 107.700283528619465, -6.994370469653976 ], [ 107.700282567621628, -6.994306192484536 ], [ 107.700709235946135, -6.994330751066767 ], [ 107.700712481808807, -6.994255975658195 ], [ 107.700837200092849, -6.994265389370616 ], [ 107.700823472139234, -6.994323975658189 ], [ 107.7009579974345, -6.994337609644656 ], [ 107.700928024821678, -6.995415721424274 ], [ 107.701012537270515, -6.995522804202653 ], [ 107.701144506295464, -6.995531728523841 ], [ 107.701197066083239, -6.996009537434509 ], [ 107.700883566572998, -6.995984294319007 ], [ 107.700852450036194, -6.996190004792654 ], [ 107.700855579298945, -6.996456900646272 ], [ 107.700537741404204, -6.996391780370468 ], [ 107.700390052110009, -6.996392287896466 ], [ 107.700281124557733, -6.996413403136623 ], [ 107.700197738160867, -6.996581525628972 ], [ 107.700117886465648, -6.996574352038714 ], [ 107.700048685115519, -6.996492522728437 ], [ 107.700054270585895, -6.996436680743694 ], [ 107.700014038299514, -6.996391725699973 ], [ 107.699927145304912, -6.996352322890703 ], [ 107.69984710256, -6.996376495325739 ], [ 107.699748962939111, -6.996372494680841 ], [ 107.699688084882979, -6.996331789255199 ], [ 107.699651943487481, -6.996272038979336 ], [ 107.699346288620177, -6.996177192995394 ], [ 107.699308824312197, -6.996135665981852 ], [ 107.699313261927387, -6.996071709802101 ], [ 107.699306915498198, -6.995961136231331 ], [ 107.699351630458992, -6.995909563276236 ], [ 107.699548374472613, -6.995894322367768 ], [ 107.699604933531191, -6.995724668093943 ], [ 107.699701272874506, -6.995691755435693 ], [ 107.699863080177806, -6.995729698247727 ], [ 107.699914506941354, -6.994989224465376 ], [ 107.699920581875688, -6.994670702157987 ], [ 107.700001286971599, -6.994578194646559 ] ] ] ] } },
{ "type": "Feature", "properties": { "layer": "Pemukiman" }, "geometry": { "type": "MultiPolygon", "coordinates": [ [ [ [ 107.699053750076189, -6.997161420197819 ], [ 107.69933995052827, -6.997179765223287 ], [ 107.699343844755575, -6.997417848090664 ], [ 107.699056027355255, -6.997428999643248 ], [ 107.699053750076189, -6.997161420197819 ] ] ] ] } },
{ "type": "Feature", "properties": { "layer": "Pemukiman" }, "geometry": { "type": "MultiPolygon", "coordinates": [ [ [ [ 107.696344587538306, -7.00141416012479 ], [ 107.696417053731636, -7.001405537340788 ], [ 107.696502238297128, -7.001409134757254 ], [ 107.696503200439167, -7.00134550253155 ], [ 107.696624396243351, -7.001346531650745 ], [ 107.696631122169492, -7.00157405181535 ], [ 107.696531888082347, -7.001568692767668 ], [ 107.696513476101416, -7.001545133191436 ], [ 107.696343957049294, -7.001559295897464 ], [ 107.696344587538306, -7.00141416012479 ] ] ] ] } },
{ "type": "Feature", "properties": { "layer": "Pemukiman" }, "geometry": { "type": "MultiPolygon", "coordinates": [ [ [ [ 107.68455099642496, -7.001966724150497 ], [ 107.684838435313111, -7.002123684023852 ], [ 107.684897797670047, -7.001984390206867 ], [ 107.685100226314944, -7.002017095399832 ], [ 107.685138527487439, -7.001890079670878 ], [ 107.685625105643524, -7.00195109034888 ], [ 107.685553699054111, -7.002396177150168 ], [ 107.685450036636951, -7.002514997286587 ], [ 107.685447052581594, -7.002712350153932 ], [ 107.684674722913897, -7.002670266529587 ], [ 107.68462687435715, -7.002260748793882 ], [ 107.68455099642496, -7.001966724150497 ] ] ] ] } },
{ "type": "Feature", "properties": { "layer": "Pemukiman" }, "geometry": { "type": "MultiPolygon", "coordinates": [ [ [ [ 107.693872565610206, -6.99570927533118 ], [ 107.694205443770556, -6.995702517033734 ], [ 107.694198995362569, -6.996417217012675 ], [ 107.693847232252836, -6.996407651658142 ], [ 107.693871295859367, -6.995788916769846 ], [ 107.693115073847707, -6.995832262190367 ], [ 107.693107291297395, -6.99616683521952 ], [ 107.692831350810991, -6.996186515305928 ], [ 107.69281677451005, -6.996105734950097 ], [ 107.692742136205823, -6.996106245225694 ], [ 107.692706697638073, -6.996072194379487 ], [ 107.69270201234508, -6.995913701540543 ], [ 107.692697841154484, -6.995829291279182 ], [ 107.69266667786178, -6.995800711027528 ], [ 107.69276279661949, -6.995748614170066 ], [ 107.693106627371776, -6.995742381273551 ], [ 107.693113294673864, -6.995779289662887 ], [ 107.693520061036764, -6.995760637588063 ], [ 107.693859008785253, -6.995755356660443 ], [ 107.693872565610206, -6.99570927533118 ] ] ] ] } },
{ "type": "Feature", "properties": { "layer": "Pemukiman" }, "geometry": { "type": "MultiPolygon", "coordinates": [ [ [ [ 107.708704836549373, -7.00099702938389 ], [ 107.709089239460027, -7.001023588695449 ], [ 107.709123877825391, -7.001196615365252 ], [ 107.708716391424502, -7.001180120153133 ], [ 107.708704836549373, -7.00099702938389 ] ] ] ] } },
{ "type": "Feature", "properties": { "layer": "Pemukiman" }, "geometry": { "type": "MultiPolygon", "coordinates": [ [ [ [ 107.708653446365815, -7.001996876369312 ], [ 107.709041360785818, -7.002024793309108 ], [ 107.709013992376924, -7.002321838705096 ], [ 107.708630566506599, -7.002299665226449 ], [ 107.708653446365815, -7.001996876369312 ] ] ] ] } },
{ "type": "Feature", "properties": { "layer": "Pemukiman" }, "geometry": { "type": "MultiPolygon", "coordinates": [ [ [ [ 107.708658682634294, -7.002742624085172 ], [ 107.709012830676727, -7.002773464688083 ], [ 107.709011922008585, -7.002952408346892 ], [ 107.708882213475192, -7.00298362197217 ], [ 107.708776776195577, -7.002974471004654 ], [ 107.708594675468888, -7.002944855452435 ], [ 107.70837510702934, -7.002887481506128 ], [ 107.708403981003698, -7.002800216628252 ], [ 107.708647947721602, -7.002848441339217 ], [ 107.708658682634294, -7.002742624085172 ] ] ] ] } },
{ "type": "Feature", "properties": { "layer": "Pemukiman" }, "geometry": { "type": "MultiPolygon", "coordinates": [ [ [ [ 107.708027306255531, -7.010532980907597 ], [ 107.708032338373656, -7.010381766681999 ], [ 107.707690391931749, -7.010298273982232 ], [ 107.70773667612923, -7.010157228454329 ], [ 107.707802528079682, -7.010159236411872 ], [ 107.707787101347733, -7.010107311015011 ], [ 107.707667433073397, -7.010082933073456 ], [ 107.707708532902387, -7.009964903359932 ], [ 107.707760425002803, -7.009977658745178 ], [ 107.707790042255752, -7.009843896674121 ], [ 107.708225303011744, -7.009960960797267 ], [ 107.70825263755853, -7.009795668033174 ], [ 107.708886306855064, -7.009953231859232 ], [ 107.7088372496424, -7.010140796424668 ], [ 107.708229254208632, -7.009995825111949 ], [ 107.708124754346727, -7.010550855287839 ], [ 107.708027306255531, -7.010532980907597 ] ] ] ] } },
{ "type": "Feature", "properties": { "layer": "Pemukiman" }, "geometry": { "type": "MultiPolygon", "coordinates": [ [ [ [ 107.690193926033032, -6.995146042400529 ], [ 107.690556576855045, -6.995191514837445 ], [ 107.690545458692384, -6.995310679811148 ], [ 107.690556783621105, -6.995412565699248 ], [ 107.690558627869962, -6.995525318693304 ], [ 107.690105828383594, -6.995456486739978 ], [ 107.690110905210986, -6.995384787903438 ], [ 107.690131965117587, -6.995282944075526 ], [ 107.690162945575324, -6.995214493238027 ], [ 107.690193926033032, -6.995146042400529 ] ] ] ] } },
{ "type": "Feature", "properties": { "layer": "Pemukiman" }, "geometry": { "type": "MultiPolygon", "coordinates": [ [ [ [ 107.68706324043643, -6.993087424083635 ], [ 107.687484254256404, -6.993182773537415 ], [ 107.687552029821646, -6.992852667022146 ], [ 107.687544660179654, -6.99281361259781 ], [ 107.687498146798731, -6.992792899802331 ], [ 107.687516414911059, -6.992665787224426 ], [ 107.687526363751459, -6.992550512341593 ], [ 107.687633382619225, -6.992552169949568 ], [ 107.687639631597648, -6.99246479963949 ], [ 107.687729124372652, -6.992465545641115 ], [ 107.68773326157725, -6.992724841587416 ], [ 107.688010530500947, -6.992737045806362 ], [ 107.687984766344655, -6.992544106702943 ], [ 107.688249724377442, -6.99235124483146 ], [ 107.68840303902563, -6.992492588711593 ], [ 107.688441489124585, -6.992607853942581 ], [ 107.688496119765603, -6.992595989658919 ], [ 107.688509357035514, -6.992710272313203 ], [ 107.688577397880238, -6.992694670866102 ], [ 107.688601092235459, -6.992856836785123 ], [ 107.688451849921748, -6.992883620219121 ], [ 107.688436320451558, -6.99294236495489 ], [ 107.688349826651375, -6.992954135363436 ], [ 107.688364222982784, -6.993297122870263 ], [ 107.688532240198867, -6.993300454118615 ], [ 107.688532613320618, -6.993688604076529 ], [ 107.688757195236846, -6.993698399247764 ], [ 107.688756803578968, -6.993822425897154 ], [ 107.688771930763806, -6.994004443158873 ], [ 107.689018084712757, -6.99399510036783 ], [ 107.689013980511206, -6.994117724733031 ], [ 107.68913153630487, -6.994126446003218 ], [ 107.689126781435803, -6.994344894782895 ], [ 107.688741313402403, -6.994323735211326 ], [ 107.688721461511818, -6.993835586887478 ], [ 107.688581578696272, -6.993826809897256 ], [ 107.688569623959324, -6.99391918644685 ], [ 107.688488185277706, -6.993969061297801 ], [ 107.688505128774693, -6.994225559719068 ], [ 107.688415168333535, -6.994225371803863 ], [ 107.688425778108822, -6.994600293495242 ], [ 107.68839456103251, -6.994608427008134 ], [ 107.688390711637339, -6.994829484533987 ], [ 107.688381485380887, -6.995149197114719 ], [ 107.688781480750663, -6.995195846570825 ], [ 107.688784708392461, -6.995283976179723 ], [ 107.688732701776303, -6.995324633156278 ], [ 107.688727343468372, -6.9955532203469 ], [ 107.688476906096724, -6.995527143723064 ], [ 107.688439145981349, -6.99526827505396 ], [ 107.688238111657881, -6.995249109260592 ], [ 107.687584206921002, -6.995185150756355 ], [ 107.687589497598381, -6.99535714163494 ], [ 107.687430200688027, -6.995353913622236 ], [ 107.68741950655928, -6.995129716766719 ], [ 107.686824999740679, -6.995087375627553 ], [ 107.686880623704553, -6.994562111265545 ], [ 107.686924837889549, -6.994567655246857 ], [ 107.686933023720258, -6.99437522445623 ], [ 107.686583440617369, -6.99434253687131 ], [ 107.686636620902163, -6.993836471351834 ], [ 107.686779155728516, -6.99368714780191 ], [ 107.686836518043663, -6.993677620836269 ], [ 107.686846351535294, -6.993556243481404 ], [ 107.686970035128013, -6.993555032503038 ], [ 107.68706324043643, -6.993087424083635 ] ] ] ] } },
{ "type": "Feature", "properties": { "layer": "Pemukiman" }, "geometry": { "type": "MultiPolygon", "coordinates": [ [ [ [ 107.773009083901357, -6.996196739569735 ], [ 107.773034416063823, -6.996137987308314 ], [ 107.773476104862468, -6.996268197689879 ], [ 107.773678492870644, -6.996267924502892 ], [ 107.773839798461736, -6.996211652543198 ], [ 107.773892161839285, -6.996059758431142 ], [ 107.773958669924482, -6.995969743355668 ], [ 107.774261602493453, -6.995882052567096 ], [ 107.774429011264175, -6.995821081694632 ], [ 107.774639826837884, -6.995721840431036 ], [ 107.774863418052817, -6.995695234890966 ], [ 107.77516218580854, -6.995683519806164 ], [ 107.775303812786433, -6.995652100997767 ], [ 107.775369636336578, -6.99556746415172 ], [ 107.775468029396279, -6.995443198007971 ], [ 107.775538529432552, -6.995408324792404 ], [ 107.775636691982015, -6.995458882290889 ], [ 107.775783564723909, -6.99555926063684 ], [ 107.775936655902683, -6.995567528292728 ], [ 107.776029871478784, -6.995496716445792 ], [ 107.776058052637893, -6.995188793860422 ], [ 107.776066439932961, -6.994993136253735 ], [ 107.776149946118665, -6.994856075006737 ], [ 107.776295680302724, -6.994792386242443 ], [ 107.776452136527098, -6.994817468302249 ], [ 107.776706070763794, -6.994898486239027 ], [ 107.776826650062631, -6.99490267727248 ], [ 107.77692019375354, -6.994859765141812 ], [ 107.777288094940786, -6.99436731530115 ], [ 107.777618652057185, -6.99401108301206 ], [ 107.777743474239401, -6.993777341302904 ], [ 107.777797232262884, -6.993568390572483 ], [ 107.778076635677806, -6.993347291148331 ], [ 107.778255562663006, -6.993275361668538 ], [ 107.778389664748602, -6.993608973589261 ], [ 107.778852777298326, -6.99349179370365 ], [ 107.778924472606903, -6.993622109994138 ], [ 107.779148287001135, -6.993731058235851 ], [ 107.780359840278848, -6.993488980412513 ], [ 107.780750128762008, -6.993463774529997 ], [ 107.781386186351995, -6.993375020464097 ], [ 107.782181962716379, -6.993205188014681 ], [ 107.782283212445577, -6.993103297481785 ], [ 107.783285309711346, -6.991098990400971 ], [ 107.783365031249275, -6.990846111260152 ], [ 107.783362009034093, -6.990603077927302 ], [ 107.783361448968606, -6.990394055218614 ], [ 107.783444405980973, -6.990222466281402 ], [ 107.783536438265472, -6.990139640542604 ], [ 107.783764253658774, -6.989899121259166 ], [ 107.783762439919258, -6.988739541655135 ], [ 107.783994769518927, -6.988728231072693 ], [ 107.784032688345633, -6.989123930409197 ], [ 107.784062447398696, -6.989370317060557 ], [ 107.784053576757643, -6.989760148899018 ], [ 107.783936914328137, -6.990143204780559 ], [ 107.783539648659726, -6.991023566926984 ], [ 107.782801185508745, -6.99272985703395 ], [ 107.782587566517705, -6.99312771458385 ], [ 107.782471188456626, -6.993295111803216 ], [ 107.782177701269703, -6.9934747478185 ], [ 107.781448264577435, -6.993632094781317 ], [ 107.781407732799224, -6.993950549571993 ], [ 107.781138675588195, -6.993930293364815 ], [ 107.781172452069995, -6.993664914376156 ], [ 107.778963302837369, -6.994029649052871 ], [ 107.777823582343515, -6.994579481759574 ], [ 107.777955841759521, -6.994642463906512 ], [ 107.777872601147891, -6.995032894790513 ], [ 107.777641178405219, -6.994985968685768 ], [ 107.777572714204283, -6.995261730205204 ], [ 107.777339001156307, -6.995228732313334 ], [ 107.777381824801054, -6.994885349901263 ], [ 107.777226773655897, -6.994907144517681 ], [ 107.77716651861742, -6.995003563590747 ], [ 107.777191615669778, -6.99516411353762 ], [ 107.777214106818604, -6.995307992877398 ], [ 107.777092612517578, -6.995335335291858 ], [ 107.777101539430205, -6.995554697450715 ], [ 107.776997431456138, -6.995579742909001 ], [ 107.776871570861971, -6.995526546931406 ], [ 107.776880363074426, -6.9951106699847 ], [ 107.776791293144754, -6.995146669260111 ], [ 107.776770951685151, -6.995545698939651 ], [ 107.77641169824463, -6.995541717627678 ], [ 107.776432712236954, -6.99535345839052 ], [ 107.776075692840905, -6.995511151208801 ], [ 107.776148879199539, -6.995536861247773 ], [ 107.776119997256671, -6.995694070383451 ], [ 107.77586301969805, -6.995646422128988 ], [ 107.775160325182, -6.995900363032039 ], [ 107.775210964941706, -6.996145246005474 ], [ 107.774840406182236, -6.996247913936718 ], [ 107.774811776680238, -6.995998207259881 ], [ 107.77375279083067, -6.996364543053087 ], [ 107.773580477195964, -6.996349269687117 ], [ 107.773369115723384, -6.996302546385174 ], [ 107.773009083901357, -6.996196739569735 ] ] ] ] } },
{ "type": "Feature", "properties": { "layer": "Pemukiman" }, "geometry": { "type": "MultiPolygon", "coordinates": [ [ [ [ 107.794441786658737, -7.005681518707482 ], [ 107.794441764751596, -7.005332692162034 ], [ 107.794484910283074, -7.005275321185296 ], [ 107.794547818764883, -7.005191130488321 ], [ 107.794804721643644, -7.005160561750243 ], [ 107.794871415938715, -7.005150090048295 ], [ 107.795042576850904, -7.005014599133596 ], [ 107.79509923967197, -7.005331422747211 ], [ 107.795243725160503, -7.005355817322197 ], [ 107.795356110452545, -7.005354006393357 ], [ 107.795356872698548, -7.005309678295743 ], [ 107.795386238177471, -7.005210990333174 ], [ 107.795447685288437, -7.005072628271356 ], [ 107.795953553718178, -7.005108087067922 ], [ 107.79595108428903, -7.005433206405685 ], [ 107.796235401991467, -7.005431055261846 ], [ 107.796331007756081, -7.005277951101463 ], [ 107.796647378951562, -7.005295234386463 ], [ 107.796761593631189, -7.004973775232322 ], [ 107.79702932983713, -7.005040923730865 ], [ 107.796999064079614, -7.005367312550751 ], [ 107.797202947439317, -7.005448840047887 ], [ 107.797423830916117, -7.005529700945723 ], [ 107.797529920231298, -7.005582177398193 ], [ 107.797302405731202, -7.00553126489502 ], [ 107.797128958035017, -7.005520709599034 ], [ 107.796922561770216, -7.005503224840122 ], [ 107.796703630755928, -7.005498159230106 ], [ 107.796378934779455, -7.005479832139352 ], [ 107.795930739798465, -7.00545721263202 ], [ 107.79573126609381, -7.005451788527992 ], [ 107.795331647082946, -7.005424067118252 ], [ 107.795188723583593, -7.005417339135588 ], [ 107.795100568005353, -7.005445459957621 ], [ 107.79492875503712, -7.005510660104587 ], [ 107.794599033248289, -7.005620418441215 ], [ 107.794441786658737, -7.005681518707482 ] ] ] ] } },
{ "type": "Feature", "properties": { "layer": "Pemukiman" }, "geometry": { "type": "MultiPolygon", "coordinates": [ [ [ [ 107.747520069637289, -7.017169064527697 ], [ 107.749013956250735, -7.017336320007435 ], [ 107.750594264073214, -7.01735568037943 ], [ 107.750708365102355, -7.01759763567757 ], [ 107.751043240829972, -7.017652270520279 ], [ 107.750949795588511, -7.018090822175036 ], [ 107.750904913034233, -7.018457280120625 ], [ 107.750516431053626, -7.018428835364777 ], [ 107.750532345172843, -7.018929603324578 ], [ 107.750873505613683, -7.01904114808062 ], [ 107.750871667115035, -7.019302639527135 ], [ 107.750854768255692, -7.019862589760987 ], [ 107.749453453964065, -7.019893852932038 ], [ 107.749466332837088, -7.021525694691216 ], [ 107.749353128860434, -7.024212338761647 ], [ 107.747581275590804, -7.023370025464336 ], [ 107.746881130847868, -7.023076402514277 ], [ 107.74658012879388, -7.023013818217894 ], [ 107.745738175671264, -7.02267492399412 ], [ 107.74576138484673, -7.022052977012302 ], [ 107.745819407786485, -7.021903248910868 ], [ 107.745819407786499, -7.020901221145988 ], [ 107.745587316025023, -7.020924256290658 ], [ 107.745598920614015, -7.019450004694594 ], [ 107.74609353821576, -7.019553663162932 ], [ 107.746788326253494, -7.019485253788363 ], [ 107.746813022682971, -7.01961495594291 ], [ 107.747355112029595, -7.019623362599821 ], [ 107.747304291153256, -7.019261876204813 ], [ 107.747770149185442, -7.019278689532046 ], [ 107.747778060264977, -7.018944892162954 ], [ 107.747930522894094, -7.01893648549381 ], [ 107.747972873623851, -7.018852418791341 ], [ 107.747981343770391, -7.018684285340758 ], [ 107.74764253792921, -7.018574998565229 ], [ 107.747574776759649, -7.018490931797404 ], [ 107.747520069637289, -7.017169064527697 ] ] ] ] } },
{ "type": "Feature", "properties": { "layer": "Pemukiman" }, "geometry": { "type": "MultiPolygon", "coordinates": [ [ [ [ 107.764524298323366, -7.02316893351075 ], [ 107.764566226755122, -7.023229081136708 ], [ 107.764587941096579, -7.023313193178682 ], [ 107.764542650400358, -7.02348922123151 ], [ 107.764528244949076, -7.023557447813129 ], [ 107.764520893710269, -7.023615202191575 ], [ 107.764500436892376, -7.02371450446091 ], [ 107.764498393035538, -7.023730561836167 ], [ 107.764485303809863, -7.024044317585766 ], [ 107.764472754486917, -7.024151519272573 ], [ 107.764486762998274, -7.024243314006726 ], [ 107.764516319256771, -7.024352461325091 ], [ 107.764592984950184, -7.024502591460004 ], [ 107.764708307761069, -7.024676166331131 ], [ 107.764774231982145, -7.024714395295919 ], [ 107.764831300635592, -7.024764945764069 ], [ 107.76485581665392, -7.024825879787592 ], [ 107.764842165148423, -7.025021375585033 ], [ 107.76485169817245, -7.025094017554003 ], [ 107.764995922159144, -7.025251887501148 ], [ 107.765033368862987, -7.025299130357874 ], [ 107.765050638391543, -7.025332326136045 ], [ 107.765028184468932, -7.025401268888551 ], [ 107.764987003137833, -7.025448469508509 ], [ 107.764844690830401, -7.025599354586277 ], [ 107.764813894798522, -7.025692127198433 ], [ 107.764797327246413, -7.02582171390803 ], [ 107.76472448172855, -7.025991496918914 ], [ 107.764558946749176, -7.026062083547602 ], [ 107.76447558380238, -7.026150506286601 ], [ 107.764482415371845, -7.026193737768869 ], [ 107.764488224845479, -7.026215182792373 ], [ 107.764492520480758, -7.026233613013217 ], [ 107.76450358927184, -7.026251009126332 ], [ 107.764513036176595, -7.026258785239508 ], [ 107.76456590381413, -7.026275772130832 ], [ 107.764617719587832, -7.026293568803459 ], [ 107.764674666771612, -7.026315775520492 ], [ 107.764710350665339, -7.026348499527526 ], [ 107.764736901858683, -7.0264007950884 ], [ 107.764740243742736, -7.026434172350502 ], [ 107.764742764476011, -7.026460926666938 ], [ 107.764677057501174, -7.026570272821615 ], [ 107.764651018762564, -7.026639207160548 ], [ 107.764689826573843, -7.026765878148831 ], [ 107.764878563339394, -7.026919656547614 ], [ 107.765053364632038, -7.027134396885963 ], [ 107.764977035264948, -7.027284624090172 ], [ 107.764821258584632, -7.027411132897728 ], [ 107.764805962238995, -7.027518756165322 ], [ 107.764912246791212, -7.027674693997316 ], [ 107.764757415237042, -7.027875057966481 ], [ 107.764697492229118, -7.027925071275535 ], [ 107.764667604637069, -7.028000897554128 ], [ 107.7645491154844, -7.028259037779227 ], [ 107.764198543432443, -7.028117973031413 ], [ 107.763977229874413, -7.027873252760154 ], [ 107.763602483028876, -7.027870363386056 ], [ 107.763355690901975, -7.02810842829277 ], [ 107.763320284059915, -7.02833042983984 ], [ 107.763207471383311, -7.028453390236734 ], [ 107.763204739103699, -7.028867642507042 ], [ 107.763063849422892, -7.029053995045956 ], [ 107.763070069274903, -7.02922473786313 ], [ 107.763202508750155, -7.029313773641873 ], [ 107.763099927610014, -7.029508647303675 ], [ 107.76311843937944, -7.029579371598994 ], [ 107.763556426136802, -7.029566840913634 ], [ 107.763746239631999, -7.029739230223671 ], [ 107.764099711398657, -7.029699605639984 ], [ 107.764350220882832, -7.02968954227022 ], [ 107.764467892085278, -7.029598231075197 ], [ 107.764548541730804, -7.029644381840168 ], [ 107.764801476758791, -7.029684425346916 ], [ 107.764832089349454, -7.029818384360324 ], [ 107.764934854025668, -7.029896797203589 ], [ 107.764929182493901, -7.030266195960166 ], [ 107.764799105134827, -7.030376808603763 ], [ 107.764825973138713, -7.030579282355815 ], [ 107.764923510962149, -7.030635594716726 ], [ 107.764931498008721, -7.030811962173775 ], [ 107.765072459591792, -7.030966246441316 ], [ 107.765394300715556, -7.03137024910417 ], [ 107.765495184216576, -7.031470580819167 ], [ 107.765653789386832, -7.031526475755335 ], [ 107.765697094312046, -7.031642678983132 ], [ 107.765825104384419, -7.032061134663936 ], [ 107.765833387932219, -7.0324923497614 ], [ 107.764127035387205, -7.031402424052479 ], [ 107.763256399413763, -7.030784475824932 ], [ 107.762420682842162, -7.03031249834355 ], [ 107.761337893627569, -7.029645936139147 ], [ 107.760198299528739, -7.029063701423437 ], [ 107.757907814655837, -7.027867332462389 ], [ 107.757942355840669, -7.02783146574266 ], [ 107.75815884534191, -7.027964316018786 ], [ 107.758244458455536, -7.027908031609262 ], [ 107.758307566523413, -7.027795043578215 ], [ 107.758474721745074, -7.02789821390516 ], [ 107.758352797827811, -7.028052187763356 ], [ 107.759162017665048, -7.028437868109686 ], [ 107.759310253828872, -7.028325543298918 ], [ 107.759468858660185, -7.028437778916106 ], [ 107.759376622066824, -7.028574443643453 ], [ 107.759529469800242, -7.028683089225995 ], [ 107.759618851718429, -7.028582610875867 ], [ 107.759749126726661, -7.028470495800547 ], [ 107.759930383699782, -7.02857711539173 ], [ 107.759818038045765, -7.028822943692321 ], [ 107.760042579502752, -7.028943372139072 ], [ 107.760209951517268, -7.028725508993523 ], [ 107.760415703770818, -7.028825383616152 ], [ 107.760995057835231, -7.02885002387062 ], [ 107.761319746092354, -7.029033848040679 ], [ 107.761482090220895, -7.029125760125741 ], [ 107.761638725151357, -7.029151506698807 ], [ 107.761754987699206, -7.02914362158926 ], [ 107.761848117609148, -7.029095436282116 ], [ 107.761929681201835, -7.029027100879168 ], [ 107.762051800868804, -7.028973200353454 ], [ 107.761973781782373, -7.028858254274112 ], [ 107.762068212313977, -7.028739217531893 ], [ 107.761935083615796, -7.028601046456261 ], [ 107.762035069059991, -7.028389253616901 ], [ 107.761874780203669, -7.028297933339395 ], [ 107.761895701991548, -7.028152196014926 ], [ 107.761956443346804, -7.028012047206157 ], [ 107.762151631076719, -7.028082879307967 ], [ 107.762262111933467, -7.027849102981047 ], [ 107.762413427705411, -7.027682948368812 ], [ 107.762359256424588, -7.02762829901215 ], [ 107.762439692673681, -7.027543886563138 ], [ 107.762494506140001, -7.027570971278549 ], [ 107.76253206867861, -7.027524041895935 ], [ 107.762711626302618, -7.027306562251223 ], [ 107.762558603691545, -7.027239525820947 ], [ 107.762720735024274, -7.026982086422911 ], [ 107.762843327223123, -7.027035021396101 ], [ 107.762854730843301, -7.02694568962618 ], [ 107.762569174758426, -7.026760208523889 ], [ 107.762862852859925, -7.026317378596663 ], [ 107.763332441058381, -7.026535534920353 ], [ 107.763483363155999, -7.026496747668668 ], [ 107.76338612928015, -7.025959231530034 ], [ 107.762497189285284, -7.025396475903415 ], [ 107.762248629308942, -7.025231850649883 ], [ 107.76213540354442, -7.025366618223837 ], [ 107.762068501604489, -7.025298331817686 ], [ 107.762124031515057, -7.025150474449014 ], [ 107.762006317151958, -7.025079715852304 ], [ 107.761930713344412, -7.025173767314345 ], [ 107.761776431503819, -7.025134972458864 ], [ 107.761787752900688, -7.025077109701614 ], [ 107.761741424093344, -7.025017759237888 ], [ 107.761742642082524, -7.024956752811443 ], [ 107.761620785363988, -7.024920410659822 ], [ 107.761545448084803, -7.025133769205615 ], [ 107.761550216095685, -7.025254525124533 ], [ 107.761387127207811, -7.025504471082614 ], [ 107.761458622293901, -7.025563529267198 ], [ 107.761576752907061, -7.025620758925921 ], [ 107.761617645889359, -7.025686013298939 ], [ 107.76155977414021, -7.025790120509646 ], [ 107.761463489101473, -7.025877930380832 ], [ 107.761376425472761, -7.025895158689372 ], [ 107.761275159366818, -7.025887644181398 ], [ 107.761278787213314, -7.025725249479996 ], [ 107.761238988740601, -7.025594014830924 ], [ 107.761284698064458, -7.025411873873663 ], [ 107.761047847102404, -7.025328570620181 ], [ 107.761082482487538, -7.025197555337814 ], [ 107.761323359537585, -7.025259066346803 ], [ 107.761386741545081, -7.025068890070678 ], [ 107.761275897134325, -7.025024056766536 ], [ 107.76131042123292, -7.024915698619886 ], [ 107.76153938912806, -7.024892939827031 ], [ 107.761584460119309, -7.024682188466665 ], [ 107.761760132016249, -7.024416467300694 ], [ 107.761583305935147, -7.024197138128663 ], [ 107.761895986090408, -7.02409697848581 ], [ 107.762062404282347, -7.024147354566955 ], [ 107.762441550181322, -7.023998653490798 ], [ 107.762754131066558, -7.023610427687015 ], [ 107.763173952682493, -7.023409031940074 ], [ 107.763177474073487, -7.023137969795497 ], [ 107.763271493346807, -7.023070903632052 ], [ 107.76329612698359, -7.023168235544619 ], [ 107.763292000538783, -7.023339021158534 ], [ 107.76339718665524, -7.023280040766555 ], [ 107.763414851968221, -7.023199986165618 ], [ 107.763594304123956, -7.022986266218504 ], [ 107.763547697282846, -7.022913548084471 ], [ 107.763683017814046, -7.022873903655 ], [ 107.763808856881099, -7.022786885262036 ], [ 107.763980336875562, -7.022828749832032 ], [ 107.763998002691878, -7.02273599258653 ], [ 107.764108224944394, -7.022693291798169 ], [ 107.764182204500855, -7.022702423309447 ], [ 107.764184672660988, -7.022858960067867 ], [ 107.76438883641795, -7.023015127364217 ], [ 107.764460095439702, -7.023213356256336 ], [ 107.764524298323366, -7.02316893351075 ] ] ] ] } },
{ "type": "Feature", "properties": { "layer": "Pemukiman" }, "geometry": { "type": "MultiPolygon", "coordinates": [ [ [ [ 107.810017984274069, -6.993872324122342 ], [ 107.809964455092654, -6.993617379494198 ], [ 107.810157153836769, -6.993552765004575 ], [ 107.810222772228954, -6.993871711856169 ], [ 107.810017984274069, -6.993872324122342 ] ] ] ] } },
{ "type": "Feature", "properties": { "layer": "Pemukiman" }, "geometry": { "type": "MultiPolygon", "coordinates": [ [ [ [ 107.811043111513669, -6.993743611502707 ], [ 107.811013282887984, -6.993575795536745 ], [ 107.811017825782528, -6.993499582591699 ], [ 107.811121327526678, -6.99345625339337 ], [ 107.811252080088494, -6.993441935354585 ], [ 107.811236318197317, -6.99336317638015 ], [ 107.811183740378908, -6.993290038743368 ], [ 107.811164184834084, -6.993200566374416 ], [ 107.811175032487043, -6.993155856975583 ], [ 107.811157454746436, -6.99301032529481 ], [ 107.811076876867673, -6.992995102821181 ], [ 107.810965092560821, -6.993062987734636 ], [ 107.810885743241556, -6.993078632372181 ], [ 107.810947994136995, -6.993035249550835 ], [ 107.810917806883552, -6.992826710578887 ], [ 107.810873511483493, -6.992607458565335 ], [ 107.810842628970889, -6.9924449018806 ], [ 107.811092753141068, -6.99238412558141 ], [ 107.811075067431261, -6.992320481756551 ], [ 107.811148699280068, -6.992309239032325 ], [ 107.811205819993006, -6.992306163683009 ], [ 107.811272451826255, -6.992309399784489 ], [ 107.811321823280892, -6.992407729784596 ], [ 107.811329943884786, -6.992506006180044 ], [ 107.81141308685585, -6.992501074907454 ], [ 107.811459413901446, -6.992501764994393 ], [ 107.811461604247782, -6.992462538258388 ], [ 107.811641607093875, -6.992425458566594 ], [ 107.811748887734282, -6.992389201953571 ], [ 107.81169951797574, -6.992206546239462 ], [ 107.81171217913095, -6.992185764980237 ], [ 107.811715915520779, -6.992156408364867 ], [ 107.811708937591106, -6.992073514311961 ], [ 107.811774208865543, -6.992051421271739 ], [ 107.811763468330881, -6.992017763961278 ], [ 107.811990949710321, -6.99196178328489 ], [ 107.811942772990292, -6.991809102143516 ], [ 107.81192072161987, -6.991706919961459 ], [ 107.811902744214024, -6.991553054569515 ], [ 107.811848549873375, -6.991290259773797 ], [ 107.811811477479083, -6.991129029057202 ], [ 107.811791553241235, -6.991049482347118 ], [ 107.81175253401301, -6.990962570434476 ], [ 107.811712243108175, -6.990905324251907 ], [ 107.811691955081187, -6.990867984262679 ], [ 107.811663517734203, -6.990753746227366 ], [ 107.811645385052429, -6.990692710237975 ], [ 107.811630933134623, -6.990602754600549 ], [ 107.811629439, -6.990527277991436 ], [ 107.811625203660412, -6.990458802944412 ], [ 107.811619127939025, -6.990404787713566 ], [ 107.811588228788722, -6.990356841480211 ], [ 107.811567546216736, -6.99033037587157 ], [ 107.811508787104998, -6.990276205672942 ], [ 107.811445971780586, -6.990260983938532 ], [ 107.811387009166097, -6.990259099569278 ], [ 107.811269774082348, -6.990249908394195 ], [ 107.811222217018965, -6.990231090924456 ], [ 107.811177611841245, -6.990218152566801 ], [ 107.811125511924175, -6.990191420165655 ], [ 107.811082977176227, -6.99016221449318 ], [ 107.811045024015201, -6.990111547404916 ], [ 107.810982746255448, -6.990033958025848 ], [ 107.810949086532972, -6.990007701512209 ], [ 107.810919509569786, -6.989992974890461 ], [ 107.810874846292975, -6.990024101055536 ], [ 107.810830815059546, -6.990093869302433 ], [ 107.810784042619673, -6.990170639117577 ], [ 107.810728203841123, -6.990216890893278 ], [ 107.810688754194487, -6.990265197703087 ], [ 107.81066458217488, -6.990295220607035 ], [ 107.810641310961685, -6.990332701762471 ], [ 107.810581619473183, -6.990365616159949 ], [ 107.810556125266331, -6.990362419432308 ], [ 107.810493387408272, -6.990288445036025 ], [ 107.810524824120705, -6.990274023650148 ], [ 107.810554420451169, -6.990274062095394 ], [ 107.810590860111773, -6.99026394068045 ], [ 107.810753220919082, -6.990063940167278 ], [ 107.810897102798705, -6.989892840029572 ], [ 107.810918993707901, -6.989866203723685 ], [ 107.810968544599021, -6.989812708779606 ], [ 107.810993348661952, -6.989821327952531 ], [ 107.811100289701088, -6.98986779121114 ], [ 107.811190592194421, -6.989928695084086 ], [ 107.811246544821472, -6.98996876487275 ], [ 107.811272019660919, -6.989986649780261 ], [ 107.811425444985488, -6.990002215204919 ], [ 107.811483717456056, -6.990009522015317 ], [ 107.811502542629682, -6.98989068500895 ], [ 107.811512606627844, -6.989855220414644 ], [ 107.811530184731112, -6.989818861689702 ], [ 107.811564190701006, -6.989755181636686 ], [ 107.811596864359672, -6.9896965412732 ], [ 107.811618774636017, -6.989655216768976 ], [ 107.811635892643551, -6.989622472991069 ], [ 107.811651150904609, -6.989618877250444 ], [ 107.811631463638335, -6.989700879695027 ], [ 107.811624830990198, -6.989723920270515 ], [ 107.811638285251561, -6.989879858725422 ], [ 107.811641370352902, -6.989957371257089 ], [ 107.811894575313332, -6.990126204542867 ], [ 107.811738011024886, -6.990771148718925 ], [ 107.811779875720859, -6.990934792938147 ], [ 107.811816160443243, -6.991075109610396 ], [ 107.811895883057801, -6.991348412863979 ], [ 107.812108490568789, -6.991824685887625 ], [ 107.8124003981534, -6.992509007904784 ], [ 107.812482867142151, -6.993249021111319 ], [ 107.812529981555201, -6.993545552306725 ], [ 107.811074740853329, -6.99374537980218 ], [ 107.811043111513669, -6.993743611502707 ] ] ] ] } },
{ "type": "Feature", "properties": { "layer": "Pemukiman" }, "geometry": { "type": "MultiPolygon", "coordinates": [ [ [ [ 107.832135378816659, -6.97824252865034 ], [ 107.832216143845883, -6.978102662061469 ], [ 107.832860682223554, -6.978183483050023 ], [ 107.832780312657462, -6.978023411191066 ], [ 107.832994158824192, -6.978025227129874 ], [ 107.833466301779495, -6.978074835488319 ], [ 107.833453443283986, -6.978618848225916 ], [ 107.834107947258488, -6.980785480252931 ], [ 107.834758078635133, -6.982321992296482 ], [ 107.834612334240234, -6.982359678117837 ], [ 107.834178753830841, -6.982333290931432 ], [ 107.833720931870772, -6.982275883498137 ], [ 107.833457484952532, -6.982130927049849 ], [ 107.833033110260374, -6.981699976027399 ], [ 107.832650503290878, -6.981162339565447 ], [ 107.831803654068409, -6.980174760627984 ], [ 107.831635568281982, -6.980055751493071 ], [ 107.831913557120018, -6.979864960609721 ], [ 107.831522668686461, -6.978703176958522 ], [ 107.832170206940418, -6.978859370907497 ], [ 107.832135378816659, -6.97824252865034 ] ] ] ] } },
{ "type": "Feature", "properties": { "layer": "Pemukiman" }, "geometry": { "type": "MultiPolygon", "coordinates": [ [ [ [ 107.79787988882947, -7.005474521662266 ], [ 107.798256309351771, -7.004581443546024 ], [ 107.79859755008124, -7.004738032284017 ], [ 107.798533873292286, -7.00487799031949 ], [ 107.798439070960058, -7.005082326594854 ], [ 107.798284456168517, -7.00517105157375 ], [ 107.798091051870756, -7.005301845842123 ], [ 107.79787988882947, -7.005474521662266 ] ] ] ] } },
{ "type": "Feature", "properties": { "layer": "Pemukiman" }, "geometry": { "type": "MultiPolygon", "coordinates": [ [ [ [ 107.720423652552711, -7.014644207071243 ], [ 107.720509439942475, -7.014614281051311 ], [ 107.720558748988722, -7.014627081999656 ], [ 107.720716518988681, -7.014553429999745 ], [ 107.72118574798867, -7.014597215999712 ], [ 107.721595575988687, -7.014711229999693 ], [ 107.721797690988652, -7.014252424999673 ], [ 107.721726942273122, -7.013927171460439 ], [ 107.722043655157194, -7.013822266831085 ], [ 107.722779965709492, -7.013578973982392 ], [ 107.722933673404327, -7.013260662409538 ], [ 107.723299880737386, -7.013019927992267 ], [ 107.723518405065946, -7.012978806594511 ], [ 107.724170629246373, -7.014195834966621 ], [ 107.724878824886972, -7.014766116979427 ], [ 107.725185044918319, -7.015285998431873 ], [ 107.724984819364323, -7.015701608828635 ], [ 107.725092386614733, -7.016286564010411 ], [ 107.725386543462008, -7.016751086336908 ], [ 107.72559067983596, -7.016742072172475 ], [ 107.725785263375286, -7.016601107935856 ], [ 107.726926433650775, -7.019059621696536 ], [ 107.726910202712503, -7.019609945477649 ], [ 107.72653726231988, -7.020485936884902 ], [ 107.726481228700365, -7.021221470720717 ], [ 107.726628815193436, -7.021594029851379 ], [ 107.727249322742963, -7.022110680756474 ], [ 107.72857747898847, -7.023135975999667 ], [ 107.728383149988474, -7.023358020999728 ], [ 107.72802331424144, -7.023113828955566 ], [ 107.727835649744904, -7.023259560002396 ], [ 107.727477209686342, -7.022989081240686 ], [ 107.727559245205981, -7.022773829989244 ], [ 107.727256498795597, -7.022543883321591 ], [ 107.726516368197466, -7.022234421799444 ], [ 107.726578984754411, -7.022064681355749 ], [ 107.726347950926638, -7.021858122498568 ], [ 107.726210431587674, -7.021601126226659 ], [ 107.726122993576922, -7.021437721751226 ], [ 107.725870879763036, -7.021589774608059 ], [ 107.725832820958559, -7.021818015977134 ], [ 107.725532739347102, -7.021592531802571 ], [ 107.725729297330432, -7.021169172605217 ], [ 107.725485119489235, -7.020887952759181 ], [ 107.725616497858113, -7.020709533508954 ], [ 107.725399227261818, -7.020367439630366 ], [ 107.725487696450458, -7.020136209055475 ], [ 107.725646586136321, -7.019720921206789 ], [ 107.725711193913668, -7.019552056616023 ], [ 107.725607155742424, -7.019411280472313 ], [ 107.725530781937721, -7.01930793744889 ], [ 107.725348155376437, -7.019060821243071 ], [ 107.725484891521873, -7.018844554704202 ], [ 107.725462052285081, -7.018695700448394 ], [ 107.725261557594095, -7.01864165908367 ], [ 107.725107300126822, -7.018600080432679 ], [ 107.724884392173919, -7.01860539124332 ], [ 107.724613049228125, -7.018611855881813 ], [ 107.724385775438947, -7.018469370737439 ], [ 107.724259719717807, -7.018390342307781 ], [ 107.723060252957595, -7.018260184256674 ], [ 107.723299310117696, -7.016886519882485 ], [ 107.723230327647201, -7.016647648639438 ], [ 107.722239615992294, -7.016212489439918 ], [ 107.721928324437116, -7.016033239875037 ], [ 107.72189459808223, -7.016096003270782 ], [ 107.72179341901915, -7.016045792554912 ], [ 107.721801850608358, -7.015962108016696 ], [ 107.721666945190478, -7.015886791919172 ], [ 107.721620571454395, -7.015819844267194 ], [ 107.721497885914346, -7.015666765822949 ], [ 107.721222037713531, -7.015349536296447 ], [ 107.720972133748248, -7.01506456191141 ], [ 107.720917127513886, -7.015001836261822 ], [ 107.720878591669589, -7.014957892391161 ], [ 107.720924965405715, -7.014899313079241 ], [ 107.720887023257163, -7.014899313079201 ], [ 107.720811193242071, -7.014993775195122 ], [ 107.720759186897581, -7.015058559934734 ], [ 107.720569476156143, -7.014882822014676 ], [ 107.720423652552711, -7.014644207071243 ] ] ] ] } },
{ "type": "Feature", "properties": { "layer": "Pemukiman" }, "geometry": { "type": "MultiPolygon", "coordinates": [ [ [ [ 107.825628772124801, -6.959554967472527 ], [ 107.82574566579774, -6.959550383554169 ], [ 107.825833033725374, -6.959625480088953 ], [ 107.826224353897345, -6.959546269631187 ], [ 107.826554617983234, -6.959337535392186 ], [ 107.826731366631606, -6.959167277129046 ], [ 107.827088407830445, -6.959154322921481 ], [ 107.827268438028739, -6.958907507122727 ], [ 107.827318921835129, -6.958612375801746 ], [ 107.827247555822126, -6.958462316680673 ], [ 107.827118077071034, -6.958362697042256 ], [ 107.827181814152482, -6.958268064168008 ], [ 107.827445059605466, -6.958230519868739 ], [ 107.827637471962305, -6.958241819988156 ], [ 107.82818986493038, -6.958067199347568 ], [ 107.828328317216815, -6.957994763813368 ], [ 107.828604283030771, -6.957958814613318 ], [ 107.829081402615103, -6.957928338660721 ], [ 107.829357300788217, -6.957943693733917 ], [ 107.829576160263812, -6.957797957914554 ], [ 107.829736568797387, -6.957959183090571 ], [ 107.829850316199568, -6.957928548239368 ], [ 107.829921216939411, -6.957828399496982 ], [ 107.829921419861776, -6.957674486606286 ], [ 107.830251886869746, -6.957311838525194 ], [ 107.83042662271879, -6.957462032299381 ], [ 107.830410553177288, -6.957588299159538 ], [ 107.830620303837193, -6.957717227279288 ], [ 107.830899280639073, -6.957809937581576 ], [ 107.831214008088324, -6.957926373245616 ], [ 107.831207783189953, -6.957822967118327 ], [ 107.831323069907242, -6.957831009866045 ], [ 107.831412484346544, -6.95783245595754 ], [ 107.831390350891809, -6.958063940148184 ], [ 107.831378095806585, -6.958312552936837 ], [ 107.831307930904543, -6.958457692465076 ], [ 107.831086728639903, -6.958571063854396 ], [ 107.830797171346902, -6.958663035421161 ], [ 107.830653965836419, -6.958722046634962 ], [ 107.830562377601268, -6.95883242916502 ], [ 107.830494623132253, -6.958958628555891 ], [ 107.830429279095057, -6.959065887939528 ], [ 107.830368020087406, -6.959090276535116 ], [ 107.830635671485112, -6.959178407345942 ], [ 107.831273431723076, -6.959142928231445 ], [ 107.83128574623926, -6.959452348114215 ], [ 107.831376725714918, -6.959803702598578 ], [ 107.831393229732583, -6.959828131561353 ], [ 107.83157103654834, -6.959746852686251 ], [ 107.831550174603692, -6.959562741887287 ], [ 107.831895122801313, -6.959565457613373 ], [ 107.831955010393372, -6.959707480370688 ], [ 107.831885919702529, -6.959783582512182 ], [ 107.831965760173048, -6.95987098943016 ], [ 107.831869683433993, -6.959969505876168 ], [ 107.831954716540693, -6.960103632359334 ], [ 107.832026961206353, -6.960061095060387 ], [ 107.832107418810722, -6.960026958601949 ], [ 107.832202013366739, -6.960013022275752 ], [ 107.832294068723968, -6.960019037660638 ], [ 107.832333806704824, -6.960027706217128 ], [ 107.832373005273055, -6.9600989602492 ], [ 107.832388430076676, -6.960181974960969 ], [ 107.832379118894679, -6.960313484448332 ], [ 107.83237423246787, -6.960381052969227 ], [ 107.832363395463204, -6.960464737835656 ], [ 107.832344352652541, -6.960526845674913 ], [ 107.83231111459358, -6.960612971751236 ], [ 107.832293668203377, -6.960677122495242 ], [ 107.832288128134465, -6.960720653436329 ], [ 107.832293184117205, -6.960759523421364 ], [ 107.832280611287402, -6.960838601663601 ], [ 107.832227805335165, -6.960892848849326 ], [ 107.83211668967671, -6.960902508230295 ], [ 107.831934344647948, -6.960899180173032 ], [ 107.831895097999407, -6.960925676596536 ], [ 107.831872630511057, -6.960978961090585 ], [ 107.831855819569441, -6.961080828521943 ], [ 107.831873292252681, -6.961173666724683 ], [ 107.831926896303344, -6.961235335569966 ], [ 107.832016587227486, -6.961830676198762 ], [ 107.831718655720991, -6.961867733465213 ], [ 107.831709413542285, -6.962173756373272 ], [ 107.831720819931689, -6.962236345952611 ], [ 107.831716128758899, -6.96229751233597 ], [ 107.831773330129082, -6.962337619240337 ], [ 107.831863815633099, -6.962338368843307 ], [ 107.831917571922332, -6.962372257860583 ], [ 107.831965485247864, -6.962472533176739 ], [ 107.831968354480821, -6.962484816625209 ], [ 107.831965534611996, -6.962517356839038 ], [ 107.832178771227362, -6.962664208165143 ], [ 107.832536626910056, -6.962913141027347 ], [ 107.832456180070665, -6.962925505451653 ], [ 107.832464638827247, -6.963819558317595 ], [ 107.83251817767696, -6.964524198941705 ], [ 107.832693081845974, -6.964559832611181 ], [ 107.832928907146893, -6.964767519596712 ], [ 107.833126123674788, -6.964627836023046 ], [ 107.833229953188862, -6.964462740762411 ], [ 107.833381117642389, -6.964467995199482 ], [ 107.833513257918995, -6.96473118623557 ], [ 107.834756122074523, -6.965393983278745 ], [ 107.834872959823031, -6.96566895604041 ], [ 107.834826618770435, -6.966033075546809 ], [ 107.834742951811464, -6.966365111991309 ], [ 107.834798723937027, -6.966577622322953 ], [ 107.835123076224946, -6.966631996135815 ], [ 107.835340599796467, -6.966549663998753 ], [ 107.83556341686284, -6.966317283371775 ], [ 107.835714725806213, -6.966212946958692 ], [ 107.836100143714617, -6.966329782715743 ], [ 107.836137325132441, -6.966471456290647 ], [ 107.835953694797979, -6.966612842978035 ], [ 107.8362591673975, -6.966815561488112 ], [ 107.836282618133353, -6.967065121911697 ], [ 107.836508000932909, -6.967463313543134 ], [ 107.836669174419853, -6.967606833858867 ], [ 107.836958061624557, -6.967506048476137 ], [ 107.837199324910102, -6.96745409553832 ], [ 107.837280082909103, -6.967781100386575 ], [ 107.837253820731235, -6.968284630988064 ], [ 107.837260479248087, -6.968529492010611 ], [ 107.836860380095629, -6.968404236165308 ], [ 107.836222805672435, -6.968361829219919 ], [ 107.835874043121521, -6.968130383277382 ], [ 107.835676147064135, -6.968199424078321 ], [ 107.835431815320945, -6.968187557035368 ], [ 107.834952557743748, -6.968089917423643 ], [ 107.8348755528406, -6.968249202507439 ], [ 107.835091468887995, -6.968632931019999 ], [ 107.835456097909187, -6.969185476901734 ], [ 107.835255652413437, -6.969423138648384 ], [ 107.835040900091002, -6.969921802788125 ], [ 107.834972905181914, -6.970307471038516 ], [ 107.834977014262194, -6.970720951638476 ], [ 107.834958004477315, -6.971018906096738 ], [ 107.83516706404852, -6.971307916980834 ], [ 107.83549936625127, -6.971668695059607 ], [ 107.83519396612003, -6.972046880244228 ], [ 107.83490374431274, -6.97228031651335 ], [ 107.834719494406684, -6.972482069606585 ], [ 107.834681511638806, -6.972665595504671 ], [ 107.834795578285679, -6.972837298768698 ], [ 107.834714364894992, -6.973119428924146 ], [ 107.834463104240754, -6.973402721518937 ], [ 107.834394566522704, -6.973585255355123 ], [ 107.834526823907439, -6.973703025183235 ], [ 107.834329898328818, -6.974004373574541 ], [ 107.83419306002213, -6.974189585460643 ], [ 107.834009981387524, -6.974560126703784 ], [ 107.833849437281145, -6.974753608593766 ], [ 107.833744636655553, -6.9749540803269 ], [ 107.833512224553388, -6.975449537890116 ], [ 107.833391400520497, -6.975520676197509 ], [ 107.832997065524765, -6.975755154584314 ], [ 107.832635963447871, -6.975833544991723 ], [ 107.832284141787696, -6.975216046705669 ], [ 107.832089336015613, -6.974966763312241 ], [ 107.831315469636905, -6.974214112753678 ], [ 107.830507841261579, -6.973618156326083 ], [ 107.829118186998329, -6.972432549435464 ], [ 107.827251906763109, -6.971344068685276 ], [ 107.826934465333309, -6.971079405273013 ], [ 107.826780266257643, -6.970689053931976 ], [ 107.826791770654509, -6.970420666915758 ], [ 107.826887186689802, -6.969937943651865 ], [ 107.827146793616549, -6.968610102610614 ], [ 107.826911158409999, -6.967613660322745 ], [ 107.826490680460452, -6.967268616513291 ], [ 107.825898746842157, -6.966935801454104 ], [ 107.815216189130496, -6.96648281968776 ], [ 107.815288865797712, -6.966378439641185 ], [ 107.815393122413425, -6.96628954489582 ], [ 107.815618916829408, -6.966245024359363 ], [ 107.815829101228729, -6.966169412594212 ], [ 107.815998333378957, -6.966108088058056 ], [ 107.816125396757712, -6.966070609467219 ], [ 107.816417383236228, -6.9660441004472 ], [ 107.816540239977954, -6.966001238721227 ], [ 107.816694470375239, -6.965904043563314 ], [ 107.817083811043574, -6.965640449700109 ], [ 107.817425747193639, -6.965510453634091 ], [ 107.818305582835379, -6.965292414045399 ], [ 107.818753340255071, -6.965270120327001 ], [ 107.818870498615624, -6.965294762197458 ], [ 107.819029513329014, -6.965384356071329 ], [ 107.819344065595871, -6.965393948318544 ], [ 107.81940794559064, -6.965128318307609 ], [ 107.81951959963267, -6.965117442994504 ], [ 107.819586176134663, -6.965145692617112 ], [ 107.819631771989066, -6.965181261888059 ], [ 107.819745243316405, -6.965195490859991 ], [ 107.819776143500263, -6.965149612848217 ], [ 107.82001175919234, -6.965149306683514 ], [ 107.820198039507616, -6.965142813994351 ], [ 107.820198249381065, -6.964983631300229 ], [ 107.820367288571191, -6.964955075503047 ], [ 107.82038759986655, -6.964519797396153 ], [ 107.820402452942375, -6.964481857630907 ], [ 107.820542335430929, -6.964484564569528 ], [ 107.820633732627769, -6.964464287483438 ], [ 107.820829085409528, -6.96440325074982 ], [ 107.820891845125985, -6.964384672274257 ], [ 107.821472348304908, -6.96438035955321 ], [ 107.821682386387735, -6.964290228291798 ], [ 107.821919637646488, -6.964199029881867 ], [ 107.822179660068855, -6.964106207301642 ], [ 107.822641722688417, -6.964092475181846 ], [ 107.822664777294065, -6.963875865860361 ], [ 107.822704288632693, -6.963813626488502 ], [ 107.822712622846552, -6.962856522249266 ], [ 107.822409786509084, -6.962841813506559 ], [ 107.82224097314861, -6.962902076519544 ], [ 107.821917159773463, -6.962937086317018 ], [ 107.821762765732302, -6.962999157467348 ], [ 107.821624309614506, -6.963005061622383 ], [ 107.821568120281114, -6.962963116269116 ], [ 107.821387863478051, -6.962952145601035 ], [ 107.821300012984693, -6.962859697540856 ], [ 107.821202448623268, -6.962751489965377 ], [ 107.822817573763643, -6.96276362419519 ], [ 107.822896412070534, -6.962581563829506 ], [ 107.823348480661821, -6.962620802524505 ], [ 107.823316934737932, -6.963029822429196 ], [ 107.823302423411889, -6.963097801415706 ], [ 107.823229655789717, -6.963324246972965 ], [ 107.823213717864135, -6.963380413920737 ], [ 107.823246287952955, -6.963561902935968 ], [ 107.823265623684932, -6.963663208925809 ], [ 107.823289756872512, -6.96368077653803 ], [ 107.823462485705377, -6.963658812182894 ], [ 107.82347269028395, -6.963302373927586 ], [ 107.823627720950412, -6.963304364737582 ], [ 107.823686031118712, -6.963651944918507 ], [ 107.8241996617989, -6.963759977015019 ], [ 107.824027862908352, -6.96274748679033 ], [ 107.824217135618667, -6.962756679757648 ], [ 107.82421352684419, -6.962485757112678 ], [ 107.824535487945582, -6.962488322662575 ], [ 107.824595224713477, -6.962847715457753 ], [ 107.82485700508127, -6.96286309242016 ], [ 107.824898778818408, -6.962626943510247 ], [ 107.825221134908034, -6.962603384062692 ], [ 107.825204199774333, -6.962322065380376 ], [ 107.825262609400255, -6.962047286324999 ], [ 107.824592218499106, -6.961881788712342 ], [ 107.824580989743438, -6.961647717761728 ], [ 107.824032728769623, -6.96160516538926 ], [ 107.823883281812186, -6.961743472517261 ], [ 107.823565297525661, -6.961732680788479 ], [ 107.823585396281615, -6.961528712761049 ], [ 107.823735054207091, -6.961503855259344 ], [ 107.823591979948532, -6.961107201035413 ], [ 107.823624737778346, -6.960872828954483 ], [ 107.82399135275945, -6.960915893528429 ], [ 107.824025191152629, -6.960719073890711 ], [ 107.824922039366697, -6.960936235558883 ], [ 107.825239264350216, -6.960976015001184 ], [ 107.825619519376986, -6.960000179068945 ], [ 107.825516248626471, -6.959844722496801 ], [ 107.825621493087013, -6.959573304063389 ], [ 107.825628772124801, -6.959554967472527 ] ] ] ] } },
{ "type": "Feature", "properties": { "layer": "Kawasan Pertanian" }, "geometry": { "type": "MultiPolygon", "coordinates": [ [ [ [ 107.810432750024191, -6.990329824414488 ], [ 107.810430125948017, -6.990329209804698 ], [ 107.809366731776919, -6.992641530462456 ], [ 107.809128692041327, -6.992726935633967 ], [ 107.809244694667953, -6.993060847197364 ], [ 107.809498801469545, -6.992978415073244 ], [ 107.809362017132784, -6.992651782293378 ], [ 107.809366731776919, -6.992641530462456 ], [ 107.80938843238215, -6.992633744596492 ], [ 107.810432750024191, -6.990329824414488 ], [ 107.810634099777559, -6.990376984397753 ], [ 107.810896782959816, -6.989995868942133 ], [ 107.811563257897703, -6.99031563403578 ], [ 107.811888940790411, -6.991509144151406 ], [ 107.811960147933306, -6.991945869964544 ], [ 107.811673866486444, -6.99206673923525 ], [ 107.811748027212758, -6.992382227556487 ], [ 107.811355816916375, -6.992516237719448 ], [ 107.811266065045089, -6.992287085806609 ], [ 107.81109959655106, -6.992367383946851 ], [ 107.810839068106404, -6.992436530778299 ], [ 107.810887708122138, -6.992643203034127 ], [ 107.810930808075369, -6.993017519772737 ], [ 107.810890572181236, -6.993083250988342 ], [ 107.811079587928774, -6.99300079916233 ], [ 107.811164423928673, -6.993035564465952 ], [ 107.811174647582689, -6.993271943956181 ], [ 107.811238724113821, -6.993436129185443 ], [ 107.811010482815036, -6.993486456879577 ], [ 107.811043111513669, -6.993743611502707 ], [ 107.810529339703365, -6.993812158301442 ], [ 107.810222772228954, -6.993871711856137 ], [ 107.810165690885469, -6.993552114468487 ], [ 107.810171397053281, -6.993548779371467 ], [ 107.810210726974546, -6.993532870217864 ], [ 107.810208351706564, -6.993527180398113 ], [ 107.810413415356805, -6.993407326290005 ], [ 107.810322202533428, -6.99321575886446 ], [ 107.810111213575638, -6.993294491319384 ], [ 107.810208351706564, -6.993527180398113 ], [ 107.810171397053281, -6.993548779371467 ], [ 107.809973345281676, -6.993628892265093 ], [ 107.810017984274083, -6.993872324122342 ], [ 107.805947671280393, -6.994398627065002 ], [ 107.806003937385313, -6.993481906870717 ], [ 107.804950407183, -6.993509069267115 ], [ 107.804913922926687, -6.993692116499637 ], [ 107.804519388102378, -6.993740374863783 ], [ 107.804487805662802, -6.994179441085731 ], [ 107.804341623422914, -6.994192853552923 ], [ 107.804338053105994, -6.994582357654394 ], [ 107.803921202101208, -6.99462518159878 ], [ 107.803942283934489, -6.994415265107762 ], [ 107.803854017221454, -6.994385551799488 ], [ 107.803883587927146, -6.994097953968666 ], [ 107.803662404811703, -6.994064626279888 ], [ 107.803725743310736, -6.993685211774419 ], [ 107.803219741972555, -6.993629873555344 ], [ 107.803160552282819, -6.994404415969752 ], [ 107.80309076925397, -6.994836965684959 ], [ 107.803539852908514, -6.994718007273484 ], [ 107.804056737326789, -6.994649447204323 ], [ 107.804010480773584, -6.994999714682882 ], [ 107.803090277742854, -6.994981101419784 ], [ 107.803106194142913, -6.995224812724468 ], [ 107.803453528887943, -6.995268585519023 ], [ 107.80345394566524, -6.99527148928139 ], [ 107.803410785048186, -6.995598562320061 ], [ 107.803080145044504, -6.995566595636312 ], [ 107.802935978826113, -6.995586005524197 ], [ 107.802868611836004, -6.995735449053111 ], [ 107.802461296011032, -6.995716573565764 ], [ 107.802502813917968, -6.995380837055741 ], [ 107.80267190527573, -6.995361744466881 ], [ 107.802686271889129, -6.99529083671871 ], [ 107.802730991139072, -6.99527523623689 ], [ 107.80268160273495, -6.995142857137807 ], [ 107.802731609929594, -6.994902142035132 ], [ 107.802723234907162, -6.994805189764567 ], [ 107.802558471025691, -6.994813210917405 ], [ 107.802307782567496, -6.994815238187971 ], [ 107.802266121849598, -6.994499306125847 ], [ 107.802149043014325, -6.994501274796826 ], [ 107.802101091400871, -6.994461801279843 ], [ 107.802031732733056, -6.994477005095209 ], [ 107.802017316243479, -6.994174049202516 ], [ 107.801871513635888, -6.994184447907109 ], [ 107.80172571102834, -6.994194846611498 ], [ 107.801719369719265, -6.994509540072176 ], [ 107.801694319203818, -6.994630682335293 ], [ 107.80165275318906, -6.994692392185513 ], [ 107.801513703243259, -6.994674684723092 ], [ 107.801404306395057, -6.994648050540882 ], [ 107.801373674272412, -6.994389711519574 ], [ 107.801363998101252, -6.994087349956337 ], [ 107.801282265416219, -6.9940484207502 ], [ 107.801272286764075, -6.993975467528299 ], [ 107.801390246301082, -6.993956797460726 ], [ 107.801388571839652, -6.993853702504631 ], [ 107.800963069199909, -6.993869773048919 ], [ 107.80095390643551, -6.993945563072788 ], [ 107.800835044930139, -6.99396083163344 ], [ 107.80084624594997, -6.994057812820136 ], [ 107.800891252681893, -6.994058194994852 ], [ 107.80089752068001, -6.994110089625797 ], [ 107.800896430137215, -6.994166134706327 ], [ 107.800849019735296, -6.994220021258969 ], [ 107.800836325206973, -6.994236467858695 ], [ 107.800777984785626, -6.994243797284293 ], [ 107.800685628759908, -6.994234537790565 ], [ 107.800619995543002, -6.994254159636147 ], [ 107.800460512266753, -6.994247336586586 ], [ 107.800439240532526, -6.994230743565814 ], [ 107.800438565617142, -6.994137439254398 ], [ 107.800433720546039, -6.99410201728995 ], [ 107.799993744716247, -6.994104873093403 ], [ 107.799996127349374, -6.993773823469787 ], [ 107.800010690012385, -6.993641033500608 ], [ 107.80000255123791, -6.993514804743105 ], [ 107.800042190038056, -6.993350344485703 ], [ 107.800041681944791, -6.993299219503924 ], [ 107.800411326348481, -6.993169175530925 ], [ 107.800872075208844, -6.992911296958565 ], [ 107.801079806546738, -6.992712210283303 ], [ 107.801155034963642, -6.992617199493184 ], [ 107.801401705277115, -6.992196696618203 ], [ 107.80149168920984, -6.9920408696407 ], [ 107.801503295279218, -6.991968053772329 ], [ 107.801481830694286, -6.991879486296104 ], [ 107.801439311704257, -6.991827735358881 ], [ 107.801251617591348, -6.991723787830965 ], [ 107.80111951205275, -6.991742972988585 ], [ 107.801035244146391, -6.991846168545432 ], [ 107.80100643371027, -6.991916139937148 ], [ 107.800988909015643, -6.991879917125932 ], [ 107.80096873306897, -6.991859515605316 ], [ 107.800939554163577, -6.991851878712885 ], [ 107.800909192698569, -6.991820134086782 ], [ 107.800891144466775, -6.991789933413595 ], [ 107.80084257351173, -6.991262384782901 ], [ 107.800924932559639, -6.990828450015982 ], [ 107.800983069251359, -6.990483428464898 ], [ 107.801108433199602, -6.989904872422275 ], [ 107.800703178780864, -6.989797643975175 ], [ 107.800625918323945, -6.99001335256335 ], [ 107.800298479767662, -6.989940706285044 ], [ 107.800104330971322, -6.989739673186115 ], [ 107.800456513694471, -6.988144781848372 ], [ 107.800623067170378, -6.988098800331029 ], [ 107.800657233841562, -6.987756635241632 ], [ 107.800999703832886, -6.987793369493462 ], [ 107.801076583472167, -6.987421981767358 ], [ 107.801446511355323, -6.98748383277908 ], [ 107.801474703940997, -6.987978888437224 ], [ 107.801787504223, -6.988070956538484 ], [ 107.802103600826925, -6.987953968970588 ], [ 107.802170348100745, -6.987967371407462 ], [ 107.802355590539108, -6.988025829653345 ], [ 107.802529618058273, -6.988215004287745 ], [ 107.802589431771665, -6.988300607263543 ], [ 107.802429383515701, -6.98857568800522 ], [ 107.80311579521738, -6.988794876401591 ], [ 107.803532603210229, -6.98886450356439 ], [ 107.80363810966368, -6.988531040954647 ], [ 107.80344160823222, -6.988448523760986 ], [ 107.80355181611688, -6.988107198638192 ], [ 107.803712937078743, -6.988175561838844 ], [ 107.803681869580032, -6.988291754644116 ], [ 107.803859017157805, -6.98833033252025 ], [ 107.803915910090737, -6.988201012809512 ], [ 107.804119888668893, -6.988218563200528 ], [ 107.804266931968655, -6.988397534681622 ], [ 107.804434753153316, -6.988667404865482 ], [ 107.804323264086165, -6.989390599066184 ], [ 107.804575980525783, -6.98944357519319 ], [ 107.804530423437953, -6.989660139615735 ], [ 107.804650976418714, -6.989708408745438 ], [ 107.804706919367305, -6.989767965962456 ], [ 107.804721913271877, -6.989858117446906 ], [ 107.805253247530473, -6.989900388582689 ], [ 107.805272977786686, -6.990209678830658 ], [ 107.805724277760419, -6.990306875511551 ], [ 107.805745376433222, -6.99042683310308 ], [ 107.806730981584394, -6.990500786434121 ], [ 107.806875435127282, -6.990401587506307 ], [ 107.807625211335733, -6.990346912968495 ], [ 107.807633973266363, -6.990058605087594 ], [ 107.808591415541812, -6.990285147741084 ], [ 107.80870984218889, -6.989344371329435 ], [ 107.809111501448186, -6.989331567474498 ], [ 107.809166629585349, -6.988465391975853 ], [ 107.809759604458264, -6.988449505206225 ], [ 107.809962517293272, -6.987800148902044 ], [ 107.810865072520954, -6.9879857393712 ], [ 107.81056351341536, -6.988553783252879 ], [ 107.810483056661937, -6.98904990388296 ], [ 107.810412253462943, -6.990010709381683 ], [ 107.81043359967515, -6.990237603480256 ], [ 107.810457470251009, -6.99027528775496 ], [ 107.810432750024191, -6.990329824414488 ] ], [ [ 107.802720443022636, -6.98903702061205 ], [ 107.80242731939957, -6.988958901833815 ], [ 107.802375954345806, -6.989079076847534 ], [ 107.802405273937907, -6.989213936369964 ], [ 107.802411297718848, -6.989385229853502 ], [ 107.802422116246603, -6.989468032143774 ], [ 107.802545940630921, -6.989592848953007 ], [ 107.802724397849346, -6.989699869955991 ], [ 107.802751263097733, -6.989720094970987 ], [ 107.802819557593168, -6.989803304210871 ], [ 107.802830609185847, -6.989857002514552 ], [ 107.802847690958657, -6.989846538648736 ], [ 107.802887650960997, -6.98985573834649 ], [ 107.802890632603223, -6.989825221062913 ], [ 107.802861737253679, -6.989817095289628 ], [ 107.802847196148377, -6.989779279052697 ], [ 107.8028966708372, -6.989680480866907 ], [ 107.803012211692774, -6.989542590932608 ], [ 107.803095121501244, -6.989577864565136 ], [ 107.803131461514823, -6.98957588385282 ], [ 107.803150482709086, -6.989514171967747 ], [ 107.803165080428826, -6.989430356706574 ], [ 107.803181659178904, -6.989272112949676 ], [ 107.802999595465934, -6.989191289837566 ], [ 107.802916354012325, -6.989130041021582 ], [ 107.802934407036247, -6.989066045741253 ], [ 107.802773221216881, -6.989018514308641 ], [ 107.802720443022636, -6.98903702061205 ] ], [ [ 107.804034910902942, -6.989438210818446 ], [ 107.803628728093329, -6.989503883438409 ], [ 107.803747847696485, -6.989485609401301 ], [ 107.804034910902942, -6.989438210818446 ] ], [ [ 107.802954763313565, -6.993261127449292 ], [ 107.803342505699334, -6.993218394953133 ], [ 107.803334221225157, -6.99289411283385 ], [ 107.803430464021687, -6.992582937134758 ], [ 107.803444845651526, -6.992247442590037 ], [ 107.803417194042822, -6.992075326340286 ], [ 107.803437565558056, -6.991822172266087 ], [ 107.803422822374074, -6.99177113428319 ], [ 107.803257042951842, -6.991961158621192 ], [ 107.803166156212029, -6.992174627748327 ], [ 107.802624251005184, -6.992186710617589 ], [ 107.802638911082582, -6.992961522826764 ], [ 107.802955059752847, -6.993036299736831 ], [ 107.802954763313565, -6.993261127449292 ] ] ] ] } },
{ "type": "Feature", "properties": { "layer": "Kawasan Pertanian" }, "geometry": { "type": "MultiPolygon", "coordinates": [ [ [ [ 107.75189506732363, -6.994758191193762 ], [ 107.754748778008263, -6.995141673936105 ], [ 107.756348644213361, -6.994819668103724 ], [ 107.757298071059694, -6.995044701088002 ], [ 107.759040625551819, -6.99705182180071 ], [ 107.760027165346301, -6.998061404763079 ], [ 107.76025375333775, -6.997492561278693 ], [ 107.760847461265996, -6.997348579526836 ], [ 107.761606654168446, -6.997385751146939 ], [ 107.761622472871636, -6.997044451238209 ], [ 107.761329919986196, -6.996798154727158 ], [ 107.761323878239111, -6.996590853049374 ], [ 107.761914503908642, -6.996521296359927 ], [ 107.762258435728469, -6.996273770207742 ], [ 107.762862852009007, -6.996222731954519 ], [ 107.763064250239026, -6.995994334509093 ], [ 107.762738123356058, -6.995339204694001 ], [ 107.763061632233189, -6.994685328954206 ], [ 107.763788888937611, -6.995421639143077 ], [ 107.764061696351646, -6.995178642124117 ], [ 107.763814181711254, -6.994897136115346 ], [ 107.76383876166453, -6.994382407244832 ], [ 107.76399370703362, -6.994181360128613 ], [ 107.764174881882809, -6.994197474779869 ], [ 107.764462790211965, -6.994962159368255 ], [ 107.764884101539906, -6.995101953853106 ], [ 107.764630398469976, -6.994388746654523 ], [ 107.764884872425611, -6.994126903056445 ], [ 107.765177297962865, -6.993990121622685 ], [ 107.765404679701064, -6.994139287565746 ], [ 107.765580410586921, -6.994588478608817 ], [ 107.765767872099275, -6.994764018817052 ], [ 107.765948440749128, -6.994816437660718 ], [ 107.766298899323871, -6.9947677074119 ], [ 107.766471209567186, -6.994681889043186 ], [ 107.766487874596109, -6.994573145715135 ], [ 107.76609946349032, -6.993946067771221 ], [ 107.765960466669611, -6.993584521920504 ], [ 107.766167664942031, -6.993388836738367 ], [ 107.766198352589996, -6.993081963067671 ], [ 107.766733131404493, -6.992978421013706 ], [ 107.767395845285776, -6.993191484555258 ], [ 107.767364560412389, -6.992601462447078 ], [ 107.768164486724146, -6.992375319227869 ], [ 107.768446493172576, -6.992429326465944 ], [ 107.768410689256541, -6.992665885034199 ], [ 107.768435671556119, -6.992815481470306 ], [ 107.768598423418965, -6.99296807341444 ], [ 107.768708116796191, -6.993146911156739 ], [ 107.768701666679718, -6.99334479133914 ], [ 107.768657613540853, -6.993447484915833 ], [ 107.768409462437532, -6.993636258491289 ], [ 107.768404509136431, -6.993892189956788 ], [ 107.768567520643103, -6.994182680540263 ], [ 107.768524659848396, -6.994305857550935 ], [ 107.768402283881812, -6.994419064212581 ], [ 107.768257044877302, -6.995189860317616 ], [ 107.771112219887101, -6.996003158107182 ], [ 107.771710109926815, -6.995895097065294 ], [ 107.771756309256403, -6.996670301810321 ], [ 107.772740620874131, -6.996973916934041 ], [ 107.773009083901357, -6.996196739569719 ], [ 107.77375279083067, -6.996364543053087 ], [ 107.774811776680238, -6.995998207259881 ], [ 107.774840406182236, -6.996247913936718 ], [ 107.775210964941706, -6.996145246005474 ], [ 107.775160325182, -6.995900363032039 ], [ 107.77586301969805, -6.995646422128988 ], [ 107.776119997256671, -6.995694070383451 ], [ 107.776148879199539, -6.995536861247773 ], [ 107.776075692840905, -6.995511151208801 ], [ 107.776432712236954, -6.99535345839052 ], [ 107.77641169824463, -6.995541717627678 ], [ 107.77660025014589, -6.995536899536731 ], [ 107.776770951685151, -6.995545698939651 ], [ 107.776791293144754, -6.995146669260111 ], [ 107.776880363074426, -6.9951106699847 ], [ 107.776871570861971, -6.995526546931406 ], [ 107.776997431456138, -6.995579742909001 ], [ 107.777101539430205, -6.995554697450715 ], [ 107.777092612517578, -6.995335335291858 ], [ 107.777214106818604, -6.995307992877398 ], [ 107.77716651861742, -6.995003563590747 ], [ 107.777226773655897, -6.994907144517681 ], [ 107.777381824801054, -6.994885349901263 ], [ 107.777339001156307, -6.995228732313334 ], [ 107.777572714204283, -6.995261730205204 ], [ 107.777641178405219, -6.994985968685768 ], [ 107.777872601147891, -6.995032894790513 ], [ 107.777955841759521, -6.994642463906512 ], [ 107.777823582343515, -6.994579481759574 ], [ 107.778963302837369, -6.994029649052871 ], [ 107.781172452069995, -6.993664914376156 ], [ 107.781138675588195, -6.993930293364815 ], [ 107.781407732799224, -6.993950549571993 ], [ 107.781448264577435, -6.993632094781317 ], [ 107.782177701269703, -6.9934747478185 ], [ 107.782471188456626, -6.993295111803216 ], [ 107.782801185508745, -6.99272985703395 ], [ 107.784053576757643, -6.989760148899018 ], [ 107.783994769518941, -6.988728231072692 ], [ 107.786045415986578, -6.988634537999597 ], [ 107.786055781873699, -6.988980742989729 ], [ 107.786988159943476, -6.988974893459511 ], [ 107.787087528092158, -6.990716763384242 ], [ 107.787623600419622, -6.990807969944647 ], [ 107.787473813533524, -6.991424687515437 ], [ 107.787704381489732, -6.991442407470392 ], [ 107.787832960422577, -6.991172639569413 ], [ 107.788176125322337, -6.991196685933605 ], [ 107.78821079689132, -6.991114997161446 ], [ 107.788491195978892, -6.991161663520337 ], [ 107.788651643248542, -6.990526006143902 ], [ 107.788443044774496, -6.990554032188808 ], [ 107.788434273969628, -6.99036325608583 ], [ 107.787818687989684, -6.99027522096909 ], [ 107.787499972520564, -6.990249815149681 ], [ 107.787449956543071, -6.990474603691727 ], [ 107.787196654515256, -6.990461035318625 ], [ 107.787087528092158, -6.990716763384242 ], [ 107.787026964179645, -6.98964008527636 ], [ 107.786989546806211, -6.988974884757277 ], [ 107.786988159943476, -6.988974893459511 ], [ 107.787154410714805, -6.985722637859386 ], [ 107.788223318015653, -6.985712531278292 ], [ 107.794838606854412, -6.986547243548349 ], [ 107.794879572413976, -6.986131069053888 ], [ 107.795443912370686, -6.986198446100084 ], [ 107.795450639318688, -6.985805167847608 ], [ 107.796113438569094, -6.985836386192086 ], [ 107.796126514663143, -6.985452977110068 ], [ 107.796971334449395, -6.985388581717017 ], [ 107.796972882789447, -6.986026622286763 ], [ 107.797189662296049, -6.985993269209852 ], [ 107.797157694886238, -6.985398537056621 ], [ 107.797982731605316, -6.985385289620961 ], [ 107.797980122472438, -6.98596106474356 ], [ 107.798204916877836, -6.985970029434493 ], [ 107.798199007372745, -6.985438949635999 ], [ 107.798656308183695, -6.985390079877616 ], [ 107.798622022837989, -6.985650591270354 ], [ 107.798645809628056, -6.98577715904166 ], [ 107.798799074479902, -6.985775022437621 ], [ 107.798830397549168, -6.985645997298346 ], [ 107.799036172788774, -6.9856562314101 ], [ 107.799030342672779, -6.985941798723474 ], [ 107.798543931016169, -6.9860229941136 ], [ 107.798431401133826, -6.986160737020624 ], [ 107.798318952871782, -6.986236576225343 ], [ 107.798297557026871, -6.986320900983232 ], [ 107.798498024835141, -6.986382784578645 ], [ 107.798482954408996, -6.986545338952668 ], [ 107.798641697322481, -6.986591356524141 ], [ 107.798570925383729, -6.986786597291629 ], [ 107.798634096578269, -6.986916396661864 ], [ 107.79868708709904, -6.986799154878961 ], [ 107.799055195488336, -6.986916040761546 ], [ 107.799149052800459, -6.986731366301017 ], [ 107.799542826264314, -6.986840561008896 ], [ 107.799442294023649, -6.987570810880248 ], [ 107.79975727047902, -6.987646572718898 ], [ 107.799542902146314, -6.988908271466763 ], [ 107.799603111519787, -6.988991425045885 ], [ 107.799255644352868, -6.989843865761135 ], [ 107.798908743613211, -6.989713045670499 ], [ 107.798695830839392, -6.990147631782431 ], [ 107.799035598025881, -6.990305953459924 ], [ 107.798780347015452, -6.991095357869408 ], [ 107.798741733798167, -6.991242363649817 ], [ 107.798610859537476, -6.991601552189119 ], [ 107.798618966474976, -6.991646107472086 ], [ 107.798542926541899, -6.991839092697312 ], [ 107.798603585523423, -6.991890237526863 ], [ 107.798513654401262, -6.992099145460851 ], [ 107.798621568940987, -6.992152671495639 ], [ 107.79857789385089, -6.992366930284528 ], [ 107.798765015560605, -6.992374606582602 ], [ 107.798757523530497, -6.992537620769994 ], [ 107.798976194754701, -6.992575800319094 ], [ 107.79899520399097, -6.992774781247816 ], [ 107.799076681483896, -6.992801854714831 ], [ 107.799060739602581, -6.992995747778271 ], [ 107.798985438750435, -6.993108016061588 ], [ 107.798691279929557, -6.993237963571267 ], [ 107.79849633644271, -6.993299778472219 ], [ 107.797998685991772, -6.993254697903874 ], [ 107.797778742498465, -6.993556216479097 ], [ 107.79679657459458, -6.993868161418993 ], [ 107.796568856680466, -6.993663268127692 ], [ 107.796431863517327, -6.993933036432058 ], [ 107.796152940270886, -6.994087888673701 ], [ 107.795475268885653, -6.993955242459586 ], [ 107.795048224884141, -6.994405323216948 ], [ 107.79393829753657, -6.994070517477932 ], [ 107.79376054680661, -6.99448387324654 ], [ 107.793041842817871, -6.994227258641637 ], [ 107.792916823394648, -6.994466464961321 ], [ 107.793435055877481, -6.994628317403482 ], [ 107.793527528295797, -6.994420762659649 ], [ 107.794317096143558, -6.994715855238172 ], [ 107.794471129767061, -6.994804575688337 ], [ 107.79386868965328, -6.995522777606426 ], [ 107.7935640441451, -6.995382955275511 ], [ 107.79345594016084, -6.995741664921369 ], [ 107.793015995120527, -6.995647419210161 ], [ 107.792979527551537, -6.995725755908952 ], [ 107.792529303808422, -6.995666319639293 ], [ 107.792359640126307, -6.996157322612645 ], [ 107.791828625588863, -6.995971521952032 ], [ 107.791733361856615, -6.996187564027214 ], [ 107.791532655575637, -6.996154723435712 ], [ 107.791507936062203, -6.996256204494631 ], [ 107.791595107901571, -6.99629093411944 ], [ 107.791587947361336, -6.99639829059906 ], [ 107.791668702919225, -6.996446291560104 ], [ 107.791597917877255, -6.996719272256294 ], [ 107.79215777079223, -6.996795143825034 ], [ 107.792472973433064, -6.996986722626471 ], [ 107.792114747053176, -6.997384675839438 ], [ 107.791919456557594, -6.99787814220044 ], [ 107.791671119775572, -6.997897543814839 ], [ 107.791635576150625, -6.998132268277628 ], [ 107.790695568647067, -6.998095751122254 ], [ 107.790710129244019, -6.997686809877054 ], [ 107.789994489818639, -6.997598979239289 ], [ 107.789980559113886, -6.997186024315207 ], [ 107.789656104711398, -6.997234077248625 ], [ 107.789630891205732, -6.99747308846013 ], [ 107.789409357953872, -6.997467634608204 ], [ 107.789370541393197, -6.997667882967986 ], [ 107.789153044203402, -6.997685332538687 ], [ 107.789123976477526, -6.997826627883353 ], [ 107.788289007206174, -6.998089744292235 ], [ 107.788080239596212, -6.998302113416526 ], [ 107.787449446639158, -6.998372416901447 ], [ 107.78739032114261, -6.998467597750649 ], [ 107.786966587766486, -6.998463571949991 ], [ 107.786849494344523, -6.998616641670283 ], [ 107.786542169175064, -6.998660118162422 ], [ 107.786480691491633, -6.99876000985536 ], [ 107.786244359328933, -6.998814593137483 ], [ 107.785929291908971, -6.999174100671998 ], [ 107.785499671624194, -6.9992339695598 ], [ 107.785226667943746, -6.999330759058313 ], [ 107.784858315023797, -6.999287166606401 ], [ 107.784706270932702, -6.999144073421357 ], [ 107.784508560467742, -6.999373848957427 ], [ 107.784858488876992, -6.999689909049416 ], [ 107.780681726748611, -7.003243452223406 ], [ 107.777165278723686, -7.002990156297373 ], [ 107.777086896713087, -7.002651673501114 ], [ 107.775760081132276, -7.002549740443899 ], [ 107.775871177152879, -7.002133544493727 ], [ 107.775034707816829, -7.001855593106881 ], [ 107.774869696443346, -7.002238730057178 ], [ 107.775320149811876, -7.002352900682893 ], [ 107.775026263640058, -7.002835257038056 ], [ 107.774604111098839, -7.002955393130654 ], [ 107.774489082497567, -7.003402485804973 ], [ 107.774141904112099, -7.003618556648491 ], [ 107.774012725097762, -7.003948495681281 ], [ 107.773644168984731, -7.004104196441577 ], [ 107.77365440152461, -7.004480460116675 ], [ 107.773461089324982, -7.004629289271895 ], [ 107.772691758399631, -7.004965495121927 ], [ 107.769530079521772, -7.006223203327865 ], [ 107.768807483046842, -7.005343798409173 ], [ 107.768118565227269, -7.004363233910845 ], [ 107.767329377649972, -7.003485473720642 ], [ 107.764689002264561, -7.001625631888015 ], [ 107.762923325363957, -7.000885030907478 ], [ 107.759763837124481, -6.999450452845618 ], [ 107.757626294668071, -6.998663220904735 ], [ 107.755285207472184, -6.99764855001533 ], [ 107.753941378896755, -6.997018527907757 ], [ 107.752683984968385, -6.995947551671142 ], [ 107.75189506732363, -6.994758191193762 ] ] ] ] } },
{ "type": "Feature", "properties": { "layer": "Kawasan Pertanian" }, "geometry": { "type": "MultiPolygon", "coordinates": [ [ [ [ 107.681090103064065, -6.993694167465457 ], [ 107.68310361081366, -6.992502350787839 ], [ 107.683739886694013, -6.991771186030703 ], [ 107.685117118563255, -6.99131053411015 ], [ 107.686927568465237, -6.990865530341631 ], [ 107.686696672796373, -6.992185969247799 ], [ 107.688858958567977, -6.992178278241107 ], [ 107.689520429886173, -6.991636500510835 ], [ 107.689514486469804, -6.990715027938506 ], [ 107.690410702540902, -6.990406788090575 ], [ 107.69168554410858, -6.991185540972198 ], [ 107.692506193659113, -6.991775497482585 ], [ 107.692482375306327, -6.992904060124247 ], [ 107.692770031292739, -6.993058723118522 ], [ 107.692897662461334, -6.991966209791336 ], [ 107.694355164507186, -6.991874988350114 ], [ 107.695014684531273, -6.991830493255592 ], [ 107.695113612872092, -6.991382625768298 ], [ 107.694095279764397, -6.991260202546745 ], [ 107.694032695267083, -6.990710004442898 ], [ 107.694465418980599, -6.990294577659345 ], [ 107.69513250159217, -6.990447071253124 ], [ 107.695377101102082, -6.989892608305339 ], [ 107.695906497900467, -6.989043048718662 ], [ 107.696234966442788, -6.989215964497062 ], [ 107.696627540127764, -6.988597605915544 ], [ 107.697266654105192, -6.988795873458907 ], [ 107.697537644070977, -6.988626069190746 ], [ 107.697733358325152, -6.98862495949432 ], [ 107.697687282860414, -6.98898423103576 ], [ 107.697768146005572, -6.989274700127956 ], [ 107.698141047097366, -6.989592012431796 ], [ 107.69854905364403, -6.98963350164989 ], [ 107.699221163313354, -6.989386252389512 ], [ 107.699429511672321, -6.988849249473538 ], [ 107.699871859430175, -6.988486917501549 ], [ 107.699761363693796, -6.989254256939377 ], [ 107.700327472601018, -6.989307123886744 ], [ 107.70107840364274, -6.989472852830713 ], [ 107.70099352870551, -6.989977249651716 ], [ 107.701439853384542, -6.99028328074014 ], [ 107.701846796400119, -6.989818340976889 ], [ 107.702054704417037, -6.990327211056754 ], [ 107.701855145808324, -6.990906669727141 ], [ 107.702327709780675, -6.991208069181504 ], [ 107.702473187332203, -6.99148336195204 ], [ 107.702975149341242, -6.991792080819152 ], [ 107.702962960704227, -6.992133039050876 ], [ 107.7031079362892, -6.992419169572681 ], [ 107.703049374914713, -6.99288847510994 ], [ 107.70267874687552, -6.992964774822483 ], [ 107.702423915077347, -6.993746207032339 ], [ 107.702344513754696, -6.994524828018504 ], [ 107.702862561024176, -6.994613655947096 ], [ 107.702778887744742, -6.993604184637449 ], [ 107.703137258331182, -6.993382632923669 ], [ 107.703584010562551, -6.993410673107096 ], [ 107.703804195671523, -6.993918973401468 ], [ 107.703455552531807, -6.993943659702333 ], [ 107.703391534347119, -6.994321779876959 ], [ 107.703118571245213, -6.994600487524346 ], [ 107.703377941796504, -6.99482669012921 ], [ 107.703220100217891, -6.995402954996374 ], [ 107.702783581367441, -6.995705118276512 ], [ 107.702694182860512, -6.996288452214116 ], [ 107.703481705991464, -6.997088632463297 ], [ 107.703295994659982, -6.997460762215264 ], [ 107.702659975721289, -6.997457801700649 ], [ 107.702651864735955, -6.998018387283185 ], [ 107.703216630070372, -6.998115273409858 ], [ 107.703373373114545, -6.997535926950786 ], [ 107.704374131556847, -6.997871940058532 ], [ 107.704659955190905, -6.997707025914896 ], [ 107.704948213221485, -6.997693796507008 ], [ 107.705374889999135, -6.998207953166294 ], [ 107.706641548185942, -6.998318053662588 ], [ 107.708327134883305, -6.99874079664642 ], [ 107.709767297524465, -6.999205363839067 ], [ 107.712634866388228, -6.999589463941736 ], [ 107.712093011102994, -6.999116685184266 ], [ 107.712117301567034, -6.998497520684172 ], [ 107.71174010603383, -6.998396566161046 ], [ 107.711720298908105, -6.998068706478223 ], [ 107.711163879956558, -6.998462227587662 ], [ 107.710705979158604, -6.998190177770335 ], [ 107.711102967470595, -6.997869083611644 ], [ 107.711298006501792, -6.99741398027879 ], [ 107.710861237611226, -6.997083444044985 ], [ 107.711566685741445, -6.996597238680048 ], [ 107.712695511764238, -6.996494657790537 ], [ 107.712860098551232, -6.996977640181666 ], [ 107.713783638684049, -6.996833455883005 ], [ 107.713794114685143, -6.996566464513806 ], [ 107.714167224220446, -6.996589917346047 ], [ 107.715063315206734, -6.996773293611922 ], [ 107.715396144400572, -6.996907325980277 ], [ 107.716212212923807, -6.99738255445185 ], [ 107.716827635814198, -6.997764338324274 ], [ 107.71741738237435, -6.998852008920097 ], [ 107.718179639619592, -7.000161950154629 ], [ 107.718478585798096, -7.000491067853818 ], [ 107.718897686801228, -7.000516429383446 ], [ 107.719767207865019, -7.001697086117499 ], [ 107.719774148107732, -7.002496134325953 ], [ 107.719305840557539, -7.00248071791221 ], [ 107.718997279583974, -7.001765441117533 ], [ 107.718446697545431, -7.001676796772506 ], [ 107.718243640939207, -7.001327499804776 ], [ 107.718233778854042, -7.001881330845075 ], [ 107.718048232362932, -7.002960776428524 ], [ 107.717639371029918, -7.002863466755588 ], [ 107.71761161846986, -7.00221337879342 ], [ 107.717148766354313, -7.0021962878382 ], [ 107.717131028304792, -7.002471182519968 ], [ 107.715324735807002, -7.00259798864836 ], [ 107.715275942257406, -7.003352591327541 ], [ 107.715709397263353, -7.003391249603771 ], [ 107.716027566097324, -7.003740332619538 ], [ 107.716127443127959, -7.004165566185659 ], [ 107.71579890739244, -7.004147501869697 ], [ 107.715722207000908, -7.004417066898026 ], [ 107.716040486407181, -7.004451473785113 ], [ 107.716083545591616, -7.005444201632197 ], [ 107.716731743523866, -7.005460127942051 ], [ 107.717113015371609, -7.005934310291538 ], [ 107.716793979946715, -7.005854191825495 ], [ 107.716710000705419, -7.006462197528066 ], [ 107.71715516950502, -7.006532078142442 ], [ 107.717837058741168, -7.007916012014425 ], [ 107.71840200969811, -7.008581573999281 ], [ 107.718552108948117, -7.009044195212058 ], [ 107.71851894797733, -7.009299945886394 ], [ 107.718980575620108, -7.009767150624283 ], [ 107.719013381916483, -7.012512067828029 ], [ 107.719015696175362, -7.012910275924735 ], [ 107.719040181030635, -7.013120835164912 ], [ 107.718880665943303, -7.013341626716451 ], [ 107.71890412488969, -7.013474997166077 ], [ 107.718867567272071, -7.01384163442519 ], [ 107.718752773613446, -7.014108164950136 ], [ 107.717867342572404, -7.01391688216156 ], [ 107.717104735176363, -7.014724232223569 ], [ 107.716456737816145, -7.014653016844902 ], [ 107.716270826596002, -7.015081190431802 ], [ 107.716134523324413, -7.015882537824515 ], [ 107.716069690558101, -7.01599480428078 ], [ 107.715996308574574, -7.016968426576132 ], [ 107.715769205578084, -7.016991028163532 ], [ 107.71559743835499, -7.017069820721977 ], [ 107.715297791641277, -7.01696201958009 ], [ 107.715215573089068, -7.01705204003656 ], [ 107.715165506377119, -7.01728655270152 ], [ 107.715062131160607, -7.017383953328816 ], [ 107.714983789300064, -7.017364097667503 ], [ 107.714734209300175, -7.017021783913555 ], [ 107.714401564212906, -7.017411491546491 ], [ 107.713925897821824, -7.017497208495974 ], [ 107.713612318747252, -7.01757828600545 ], [ 107.713354562095518, -7.017776724719073 ], [ 107.712932474152595, -7.018074953888827 ], [ 107.712103593406894, -7.0183924083422 ], [ 107.712118782727885, -7.018193654819373 ], [ 107.712211056949343, -7.018024632150606 ], [ 107.713534754970539, -7.015799020747298 ], [ 107.713869459889125, -7.015045833624012 ], [ 107.713078838400392, -7.014651187458293 ], [ 107.712984156077837, -7.014759711561269 ], [ 107.712593902525796, -7.015443186873047 ], [ 107.71232525651142, -7.015409503074504 ], [ 107.712377731324409, -7.015235489200576 ], [ 107.710253596576308, -7.014848761723514 ], [ 107.710549425661014, -7.01319269570886 ], [ 107.709967713271467, -7.013084995477662 ], [ 107.709760865904755, -7.013059060083783 ], [ 107.709738303189283, -7.01328218856337 ], [ 107.709415088899561, -7.013253250174585 ], [ 107.709077720437421, -7.013176186826448 ], [ 107.708526249670754, -7.013014340579715 ], [ 107.708035078832623, -7.012883230081856 ], [ 107.707997517518621, -7.013040746446336 ], [ 107.707690149900586, -7.012979032258945 ], [ 107.708216946989026, -7.010568121999708 ], [ 107.708124754346727, -7.010550855287839 ], [ 107.708229254208632, -7.009995825111949 ], [ 107.708287343364276, -7.010009357514074 ], [ 107.7088372496424, -7.010140796424668 ], [ 107.708886306855064, -7.009953231859232 ], [ 107.70825263755853, -7.009795668033174 ], [ 107.708225303011744, -7.009960960797267 ], [ 107.707790042255752, -7.009843896674121 ], [ 107.707760425002803, -7.009977658745178 ], [ 107.707708532902387, -7.009964903359932 ], [ 107.707667433073397, -7.010082933073456 ], [ 107.707787101347733, -7.010107311015011 ], [ 107.707802528079682, -7.010159236411872 ], [ 107.70773667612923, -7.010157228454329 ], [ 107.707690391931749, -7.010298273982232 ], [ 107.708032338373656, -7.010381766681999 ], [ 107.708027306255559, -7.010532980907597 ], [ 107.706108454046401, -7.010242536159316 ], [ 107.70616104468408, -7.010119115117611 ], [ 107.706179415906973, -7.009859670814684 ], [ 107.705251011809082, -7.009786887431884 ], [ 107.70542146671076, -7.00664985135059 ], [ 107.705293786348818, -7.006624561911247 ], [ 107.704852522424929, -7.006638834496235 ], [ 107.704537292806037, -7.006617869367465 ], [ 107.70429113515037, -7.006568444419167 ], [ 107.703876899120033, -7.006590745985329 ], [ 107.703761713930874, -7.006687664784754 ], [ 107.70361196817214, -7.006798832413822 ], [ 107.703507778919573, -7.006846089287266 ], [ 107.703350164110986, -7.006835606727654 ], [ 107.703278815848293, -7.006845220887673 ], [ 107.702909867050096, -7.006989202205857 ], [ 107.702879449168805, -7.00693434762646 ], [ 107.70284622261758, -7.006828100253204 ], [ 107.7027778787768, -7.006740649929005 ], [ 107.702674901079334, -7.00674165814862 ], [ 107.702604617560993, -7.006816366613448 ], [ 107.702117357887531, -7.006959879128522 ], [ 107.701874042600309, -7.007129180439314 ], [ 107.701681793935194, -7.007207156356186 ], [ 107.701551005654352, -7.007190757365089 ], [ 107.701436016215396, -7.00713921889508 ], [ 107.701122610372366, -7.007018757102493 ], [ 107.701011477922208, -7.007040041647647 ], [ 107.700893523232793, -7.007083950096739 ], [ 107.700795361519525, -7.007189068203399 ], [ 107.700644828295495, -7.007287590026001 ], [ 107.700456795896642, -7.007309015435645 ], [ 107.700401934094387, -7.007337355505808 ], [ 107.700281935857689, -7.007459272031167 ], [ 107.700086856732071, -7.007489596923145 ], [ 107.699633019719855, -7.007551608615842 ], [ 107.699266352486703, -7.007560876690975 ], [ 107.699160878555745, -7.007522215865997 ], [ 107.699087634853697, -7.007509118936686 ], [ 107.699016842406621, -7.007476763278706 ], [ 107.698845927513872, -7.007394678132413 ], [ 107.698739248591295, -7.007349996370232 ], [ 107.698607002353526, -7.00733442227645 ], [ 107.698535391985999, -7.007370445355906 ], [ 107.698379752400982, -7.007478109916954 ], [ 107.698339861373398, -7.007559198902719 ], [ 107.698269732402792, -7.007674353591081 ], [ 107.698216973547517, -7.007763612138097 ], [ 107.69816403147567, -7.00780784574033 ], [ 107.698081780043211, -7.007819055266932 ], [ 107.698031820750273, -7.007808877873712 ], [ 107.697939194012065, -7.007777697743832 ], [ 107.697875672782246, -7.007750167024347 ], [ 107.696948702968953, -7.007630919938025 ], [ 107.696834295338519, -7.007758391573394 ], [ 107.696809498908863, -7.007798327809143 ], [ 107.696736417788827, -7.007845906081032 ], [ 107.696659006956622, -7.007865548973483 ], [ 107.696595465090141, -7.007853668525898 ], [ 107.696540216215112, -7.007807608977981 ], [ 107.696507740860639, -7.007783970967012 ], [ 107.69650051091385, -7.007747845510111 ], [ 107.696465932610067, -7.007663288992361 ], [ 107.696434703517426, -7.007614371340212 ], [ 107.69640075741377, -7.007602288552493 ], [ 107.696320487618621, -7.007582440831459 ], [ 107.696237051831204, -7.007571979177576 ], [ 107.696182006810119, -7.007555294280152 ], [ 107.696113106351262, -7.007536872106306 ], [ 107.696085594299873, -7.007510912284887 ], [ 107.696037841132537, -7.007483402032154 ], [ 107.69594715476309, -7.007452465173644 ], [ 107.695858101726699, -7.007470648318071 ], [ 107.695811716133136, -7.007509834212175 ], [ 107.695764022367712, -7.007621250562537 ], [ 107.69570109206434, -7.007697494122205 ], [ 107.695658383349624, -7.007707791919413 ], [ 107.695573293592545, -7.0076638605603 ], [ 107.695390517648846, -7.007603767516784 ], [ 107.695277935081322, -7.007620956996163 ], [ 107.695148113698792, -7.007649681225518 ], [ 107.694924090301555, -7.007598112607894 ], [ 107.694906402510156, -7.007582198559237 ], [ 107.694845108044831, -7.007521684697685 ], [ 107.694761763892188, -7.007478378574112 ], [ 107.694749242584976, -7.007507451235273 ], [ 107.694726073268839, -7.007585530285164 ], [ 107.69471136982601, -7.007623084373353 ], [ 107.694688532429126, -7.00765524105647 ], [ 107.694649952460665, -7.007689801365189 ], [ 107.694599743067243, -7.007694449627097 ], [ 107.694509103491015, -7.007696217284858 ], [ 107.694466377152722, -7.00768538811423 ], [ 107.694445105620375, -7.007661927747656 ], [ 107.694400403503735, -7.007605981253668 ], [ 107.694284677941724, -7.007492976680301 ], [ 107.694253889866161, -7.007483644392466 ], [ 107.694189171844499, -7.007481001579611 ], [ 107.694088809366136, -7.007550496094416 ], [ 107.694062361075638, -7.007645674081625 ], [ 107.693976553394236, -7.007687445273518 ], [ 107.693867017835203, -7.00771639189812 ], [ 107.693769866479727, -7.007717343071123 ], [ 107.6937091937519, -7.007630940214172 ], [ 107.693724987994258, -7.007489524003161 ], [ 107.693713895444887, -7.007464056783966 ], [ 107.693683781351808, -7.007458092145209 ], [ 107.693344278363227, -7.007370653696372 ], [ 107.693274294046546, -7.007348746089851 ], [ 107.693233052777998, -7.007343575023008 ], [ 107.693159766403824, -7.007356273572437 ], [ 107.693059312989135, -7.0073918309017 ], [ 107.692996616914641, -7.007399291038509 ], [ 107.692970981111003, -7.007392793531774 ], [ 107.692948475635447, -7.007379027858455 ], [ 107.692894394080454, -7.007336132234499 ], [ 107.692831755168442, -7.007303187367393 ], [ 107.692767197336963, -7.007281960162125 ], [ 107.692728115118911, -7.007285814856393 ], [ 107.692652349315566, -7.007326656427 ], [ 107.692528522991338, -7.007428908719285 ], [ 107.692490365878825, -7.007451483878458 ], [ 107.692455910599577, -7.007444974916975 ], [ 107.692295232572746, -7.007374427769207 ], [ 107.692302820907415, -7.007176201890809 ], [ 107.69205578751486, -7.007195286771759 ], [ 107.692046031389523, -7.007185308442515 ], [ 107.692047607343184, -7.007131673773197 ], [ 107.692053004609278, -7.007014877596277 ], [ 107.691991347543095, -7.006941361825971 ], [ 107.691757224324888, -7.006883812585935 ], [ 107.691717738994925, -7.00678488330093 ], [ 107.691728335295579, -7.006701631367705 ], [ 107.691791318404924, -7.006653141514864 ], [ 107.691939456356025, -7.006530748287725 ], [ 107.692079402299399, -7.006435521404343 ], [ 107.692133115147598, -7.006348277772113 ], [ 107.692104077442835, -7.006278851909962 ], [ 107.692007446280456, -7.0062197464602 ], [ 107.691840866925588, -7.00618946188075 ], [ 107.691713921575754, -7.006145351147224 ], [ 107.69165574705211, -7.006081669755091 ], [ 107.691422616716537, -7.006005449180754 ], [ 107.691225134490168, -7.005994784434569 ], [ 107.691128255537876, -7.006123604967524 ], [ 107.691045944994258, -7.006249553215525 ], [ 107.690956718925733, -7.006318247230873 ], [ 107.690844391543095, -7.006233679074726 ], [ 107.690561764185091, -7.00590202401372 ], [ 107.690432670286356, -7.005945068179783 ], [ 107.690292624196758, -7.005940200645928 ], [ 107.6902107423616, -7.00598070301124 ], [ 107.690152795794404, -7.006168052580782 ], [ 107.689994639374916, -7.006372452518182 ], [ 107.690067280310657, -7.006561885889257 ], [ 107.690115859366657, -7.006716053672021 ], [ 107.690067408757699, -7.006862286012459 ], [ 107.690048282990759, -7.007046041299996 ], [ 107.690018824295194, -7.007110039717183 ], [ 107.68987656883634, -7.007189510308812 ], [ 107.689692976289692, -7.007191874950252 ], [ 107.688679916968738, -7.007496378671718 ], [ 107.688803500573044, -7.007826284242753 ], [ 107.688808924035598, -7.007962542377491 ], [ 107.688743190600761, -7.007961074839967 ], [ 107.688672556203329, -7.007833073903179 ], [ 107.688617853447354, -7.007791293323328 ], [ 107.688392305283301, -7.007643868375324 ], [ 107.688339339007044, -7.007637227163422 ], [ 107.688233062439181, -7.00769169069391 ], [ 107.688190710031748, -7.007748006746437 ], [ 107.688162081404087, -7.007826585698513 ], [ 107.688129378445993, -7.007904653774492 ], [ 107.688048446809503, -7.007967455592564 ], [ 107.687875231800177, -7.008055736403728 ], [ 107.687845287694373, -7.008090058580877 ], [ 107.687777979032731, -7.008217002975209 ], [ 107.687663502929766, -7.008312648745481 ], [ 107.687559008197184, -7.008396853778211 ], [ 107.687413042512659, -7.008505474154961 ], [ 107.68732493415385, -7.008494426649666 ], [ 107.68720952587087, -7.008406451453736 ], [ 107.687048016188953, -7.008369277503168 ], [ 107.686862348133928, -7.008354458916663 ], [ 107.686798308906816, -7.008388736785243 ], [ 107.686805461632105, -7.008533478960514 ], [ 107.686790090701237, -7.008654243237218 ], [ 107.686717085548551, -7.008725473572056 ], [ 107.686573329233298, -7.008749756056445 ], [ 107.686448520213744, -7.008725645345267 ], [ 107.686411953413767, -7.008611061083758 ], [ 107.686412131896873, -7.008475699649287 ], [ 107.686381970103767, -7.008277303496767 ], [ 107.686288784526653, -7.008138696957499 ], [ 107.686305126281354, -7.008077284755679 ], [ 107.686391867647458, -7.007931623155932 ], [ 107.68650394933843, -7.007531314187568 ], [ 107.686532085660573, -7.007276766055441 ], [ 107.686493309491453, -7.007246519540777 ], [ 107.686324668768592, -7.007255483252133 ], [ 107.686105648796655, -7.00741109999529 ], [ 107.685786867912398, -7.007480976632857 ], [ 107.685463577016449, -7.007528318332156 ], [ 107.685367408666394, -7.007472321315102 ], [ 107.685294022081919, -7.007353272467381 ], [ 107.685466261504217, -7.006869571317178 ], [ 107.685727261822322, -7.00586240777317 ], [ 107.685819263620829, -7.005353017746555 ], [ 107.685818809583466, -7.005008771217414 ], [ 107.685971449750483, -7.004389208487471 ], [ 107.68566092591108, -7.00439421214736 ], [ 107.68553295577081, -7.004356196825822 ], [ 107.685372507470802, -7.00347194081273 ], [ 107.684900299565697, -7.003529903530088 ], [ 107.684674722913897, -7.002670266529587 ], [ 107.685447052581594, -7.002712350153932 ], [ 107.685450036636951, -7.002514997286587 ], [ 107.685553699054111, -7.002396177150168 ], [ 107.685625105643524, -7.00195109034888 ], [ 107.685138527487439, -7.001890079670878 ], [ 107.685100226314944, -7.002017095399832 ], [ 107.684897797670047, -7.001984390206867 ], [ 107.684838435313125, -7.002123684023852 ], [ 107.68455099642496, -7.001966724150497 ], [ 107.684482394398302, -7.001654020980786 ], [ 107.684427279569491, -7.001449382802892 ], [ 107.684405878664677, -7.00115376964569 ], [ 107.684499226786059, -7.000594260809482 ], [ 107.684493036345899, -7.000468989254088 ], [ 107.684457873699913, -7.000281498833742 ], [ 107.684498241477243, -6.999964336913649 ], [ 107.684627360773291, -6.999819415041073 ], [ 107.684677233221734, -6.998757687733339 ], [ 107.684491318668179, -6.998595233848559 ], [ 107.684409066530435, -6.998313958729825 ], [ 107.684535665184299, -6.99801493110784 ], [ 107.68439057244548, -6.997879565434534 ], [ 107.684102510337823, -6.997597103255387 ], [ 107.683809109097197, -6.997699456876811 ], [ 107.683394922840719, -6.997823281940946 ], [ 107.683132560413313, -6.99779770805656 ], [ 107.683022718176531, -6.997585682452393 ], [ 107.682639403392841, -6.996963849728426 ], [ 107.682054609940437, -6.995926588858056 ], [ 107.681140162818807, -6.99457257985581 ], [ 107.681090103064065, -6.993694167465457 ] ], [ [ 107.692533873593732, -7.001511142707365 ], [ 107.692230499956153, -7.001578704748006 ], [ 107.691970649811793, -7.001826960799842 ], [ 107.691737516355829, -7.001921998627672 ], [ 107.69183604932546, -7.002165942429617 ], [ 107.692016460723437, -7.002073115857181 ], [ 107.692093512697397, -7.002142277040511 ], [ 107.692414370121725, -7.002070547772203 ], [ 107.692451575897152, -7.001887949249419 ], [ 107.692624985696185, -7.001931342180046 ], [ 107.693172622984619, -7.001901035703131 ], [ 107.693219813529879, -7.002535704559865 ], [ 107.693404052626022, -7.002509825170624 ], [ 107.693428511571312, -7.002382277082989 ], [ 107.693562131746944, -7.002366377593429 ], [ 107.693508702985071, -7.002204573039182 ], [ 107.693504784338757, -7.002106120437504 ], [ 107.693517229052816, -7.001879104507019 ], [ 107.693678710119016, -7.001909935797266 ], [ 107.694175545203223, -7.001890454458586 ], [ 107.694145701669328, -7.002118896231871 ], [ 107.694307006559271, -7.002152272303348 ], [ 107.694381562316153, -7.0019980644751 ], [ 107.694520141234776, -7.001988181133035 ], [ 107.694631543628432, -7.002083927655216 ], [ 107.694667257737365, -7.001911219872881 ], [ 107.694665837714538, -7.001706596498998 ], [ 107.694602245795082, -7.001235213144607 ], [ 107.69459613446304, -7.000743777224653 ], [ 107.69454653341576, -7.000201659051108 ], [ 107.694309881502136, -6.999971879193049 ], [ 107.694407911255226, -6.999956911438844 ], [ 107.694703564283202, -7.000007612445737 ], [ 107.694850393290992, -7.000148690647785 ], [ 107.695037915211728, -7.00018583332587 ], [ 107.694961651938655, -7.00035345738208 ], [ 107.694990248484956, -7.000452451139447 ], [ 107.695360169775043, -7.000566983313966 ], [ 107.695387490046016, -7.00035233329667 ], [ 107.695502307474896, -7.000421248900296 ], [ 107.695711308379444, -7.000829087252812 ], [ 107.695964024687498, -7.000913191271902 ], [ 107.696402064212691, -7.001120145069862 ], [ 107.696520152926723, -7.001271248969865 ], [ 107.696848105029758, -7.001176072981854 ], [ 107.697097239716371, -7.001322990503275 ], [ 107.697378982516241, -7.001130279922466 ], [ 107.697473705171888, -7.000900142916684 ], [ 107.69751639309591, -7.000564752461054 ], [ 107.6977732044747, -7.000596953419486 ], [ 107.697773442379855, -7.000336330649168 ], [ 107.697510706370139, -7.000281483428051 ], [ 107.697456188459441, -7.000063327932275 ], [ 107.697323535513661, -6.999920590920989 ], [ 107.696940758711833, -6.999742939479439 ], [ 107.69657359270856, -6.9993905206684 ], [ 107.696155668470581, -6.999194832263427 ], [ 107.694795930473163, -6.998792515776953 ], [ 107.694005149878549, -6.998747880433415 ], [ 107.693256338470931, -6.998912954157218 ], [ 107.693229018199943, -6.999127604836607 ], [ 107.693086047075226, -6.999872828757496 ], [ 107.692591980621572, -6.999926789462629 ], [ 107.692599692708768, -7.000162667257316 ], [ 107.692831113532463, -7.000260179903198 ], [ 107.693051708816256, -7.000574179676772 ], [ 107.693015866140939, -7.000772355321764 ], [ 107.692766572422116, -7.000872413030714 ], [ 107.692615642521332, -7.001060024524562 ], [ 107.692533873593732, -7.001511142707365 ] ] ] ] } },
{ "type": "Feature", "properties": { "layer": "Kawasan Pertanian" }, "geometry": { "type": "MultiPolygon", "coordinates": [ [ [ [ 107.674249755613587, -6.993428712305447 ], [ 107.674288349158161, -6.993361411788628 ], [ 107.674323303896458, -6.993296092172947 ], [ 107.674478935556138, -6.993002595261232 ], [ 107.674667473631033, -6.99223707308304 ], [ 107.674741950079309, -6.991935222611304 ], [ 107.674990778949748, -6.990916162733633 ], [ 107.675010056490137, -6.990915273881383 ], [ 107.675036062383811, -6.990917808854979 ], [ 107.675077632374624, -6.990924473144548 ], [ 107.675085060963411, -6.990927767269922 ], [ 107.675092149670448, -6.990951070697375 ], [ 107.675098356041261, -6.990990085477156 ], [ 107.675086314834061, -6.991032917481763 ], [ 107.675158350956792, -6.991033207072602 ], [ 107.675187314020633, -6.990951070697383 ], [ 107.675315579013827, -6.990881254767183 ], [ 107.675392124251857, -6.990834026337794 ], [ 107.675452119167289, -6.990844293388768 ], [ 107.675427293684507, -6.990866880898389 ], [ 107.675408674572481, -6.99090589568512 ], [ 107.675392124251871, -6.990981871840025 ], [ 107.675375573929344, -6.991039367300189 ], [ 107.675359023608635, -6.991109183206835 ], [ 107.675184792600874, -6.991508971305503 ], [ 107.675136432403249, -6.991481544413914 ], [ 107.674954342225021, -6.991528627414092 ], [ 107.674949693384264, -6.991598325325441 ], [ 107.674861436215807, -6.9918502197396 ], [ 107.674844885893123, -6.991897448064519 ], [ 107.674917293550891, -6.991975477463572 ], [ 107.674981426047495, -6.991979584273302 ], [ 107.674827571108267, -6.992345000194463 ], [ 107.674769122137789, -6.992485232059169 ], [ 107.67470934842369, -6.992628642225014 ], [ 107.674676066340382, -6.992702257009509 ], [ 107.67457849807279, -6.99292135516146 ], [ 107.674542700993271, -6.992997240245005 ], [ 107.674454450798564, -6.993127967271171 ], [ 107.674348160908622, -6.993298216809676 ], [ 107.674249755613587, -6.993428712305447 ] ] ] ] } },
{ "type": "Feature", "properties": { "layer": "Kawasan Pertanian" }, "geometry": { "type": "MultiPolygon", "coordinates": [ [ [ [ 107.675126295978913, -6.984759659363159 ], [ 107.675501024649861, -6.984675086829511 ], [ 107.675593635247495, -6.984632488221618 ], [ 107.675636155445574, -6.984571170245492 ], [ 107.675674474827602, -6.984486867817912 ], [ 107.675678933669204, -6.984429822231885 ], [ 107.675665596856078, -6.984347507214571 ], [ 107.675645179060353, -6.984144730602869 ], [ 107.67712678061136, -6.98379501569142 ], [ 107.677125394282214, -6.983840729847259 ], [ 107.677079922409874, -6.983856744459069 ], [ 107.67703926410006, -6.983874680745188 ], [ 107.677003123379194, -6.983885890924532 ], [ 107.676904546027359, -6.983912430887136 ], [ 107.676883352697601, -6.9841705862242 ], [ 107.676893992140677, -6.98421330816867 ], [ 107.676974472832697, -6.984204792425159 ], [ 107.677042865329085, -6.984204611882991 ], [ 107.677061425592854, -6.984227735670354 ], [ 107.677059593277477, -6.984277090955172 ], [ 107.677052816892257, -6.98447663192275 ], [ 107.677039819055096, -6.984624470485883 ], [ 107.677022708147121, -6.984642196351042 ], [ 107.676971391493012, -6.984655465476713 ], [ 107.676934046329308, -6.984659227189715 ], [ 107.676921103033877, -6.984682937682812 ], [ 107.676920691036358, -6.984730738139589 ], [ 107.676929740592087, -6.984748761862212 ], [ 107.676973490610962, -6.98478380347334 ], [ 107.676997731007091, -6.984793880096311 ], [ 107.676994445863087, -6.98484498015731 ], [ 107.676974405499507, -6.984957875263697 ], [ 107.676966270120232, -6.985157300083145 ], [ 107.676940515314783, -6.985237108057587 ], [ 107.67691740520992, -6.985296136439598 ], [ 107.676911939492939, -6.985339080900408 ], [ 107.676917952832468, -6.985382926850635 ], [ 107.676938314332361, -6.985423480169131 ], [ 107.676977348417353, -6.985462152630358 ], [ 107.677002073226021, -6.985501845650917 ], [ 107.677005011182089, -6.985523325239028 ], [ 107.676995872569663, -6.985572846191351 ], [ 107.676938092693049, -6.98556986934461 ], [ 107.676925677334125, -6.985611896326897 ], [ 107.676905432773836, -6.985614987478475 ], [ 107.676901730191403, -6.98564407886835 ], [ 107.676833489247514, -6.985656633214012 ], [ 107.676770740499833, -6.985633936312304 ], [ 107.676694142821773, -6.985621435977137 ], [ 107.676624120174452, -6.985628162059298 ], [ 107.676517956806236, -6.985621435977132 ], [ 107.676420828617736, -6.985616951921654 ], [ 107.67634854717592, -6.985603499757005 ], [ 107.676255936576425, -6.985610225839382 ], [ 107.676160725516766, -6.985576958134779 ], [ 107.675874200235697, -6.985536238922696 ], [ 107.675786107228831, -6.986215572846734 ], [ 107.675139479046791, -6.986107769005192 ], [ 107.675126295978913, -6.984759659363159 ] ] ] ] } },
{ "type": "Feature", "properties": { "layer": "Kawasan Pertanian" }, "geometry": { "type": "MultiPolygon", "coordinates": [ [ [ [ 107.675155644123791, -6.989001919057584 ], [ 107.675323835370889, -6.989048207074652 ], [ 107.675303687581362, -6.989308921615835 ], [ 107.67569727868063, -6.989507664628782 ], [ 107.675691803590908, -6.989531868112837 ], [ 107.675889220700327, -6.989676520736382 ], [ 107.675826922637, -6.989851505235293 ], [ 107.675804768915327, -6.989903932332142 ], [ 107.675732942068478, -6.990035139852586 ], [ 107.675660474773011, -6.990008953891717 ], [ 107.675605821015097, -6.989978161872023 ], [ 107.675580420926451, -6.989979015231391 ], [ 107.675216411510419, -6.989781313322332 ], [ 107.675266264670157, -6.98952496305477 ], [ 107.675157727451577, -6.989505626790504 ], [ 107.675156244140808, -6.989455449387325 ], [ 107.675154852639906, -6.989054912254367 ], [ 107.675155644123791, -6.989001919057584 ] ] ] ] } },
{ "type": "Feature", "properties": { "layer": "Kawasan Pertanian" }, "geometry": { "type": "MultiPolygon", "coordinates": [ [ [ [ 107.742341388176939, -7.017417681117164 ], [ 107.743573330887585, -7.017407153827899 ], [ 107.744372517732259, -7.017400322828958 ], [ 107.744841627912749, -7.017301801391199 ], [ 107.745167207559859, -7.017229999696217 ], [ 107.745297923622175, -7.017205970766529 ], [ 107.745557233758632, -7.017151510593851 ], [ 107.746496295188081, -7.01716162840573 ], [ 107.747520069637289, -7.017169064527697 ], [ 107.747553274136948, -7.017971377248414 ], [ 107.74755870485329, -7.018102596905362 ], [ 107.747574776762121, -7.01820510467374 ], [ 107.747574776759649, -7.018490931797404 ], [ 107.74764253792921, -7.018574998565229 ], [ 107.747849157196342, -7.018641646668797 ], [ 107.747981343770391, -7.018684285340773 ], [ 107.747972873623851, -7.018852418791341 ], [ 107.747930522894094, -7.01893648549381 ], [ 107.747778060264977, -7.018944892162954 ], [ 107.747770149185442, -7.019278689532046 ], [ 107.747304291153256, -7.019261876204813 ], [ 107.747355112029595, -7.019623362599821 ], [ 107.746813022682971, -7.01961495594291 ], [ 107.746789813500101, -7.019496075127462 ], [ 107.74609353821576, -7.019553663162948 ], [ 107.745749780261932, -7.019496075128495 ], [ 107.745598920614015, -7.019450004694594 ], [ 107.745587316025023, -7.020924256290658 ], [ 107.745819407786499, -7.020901221146005 ], [ 107.745819407786485, -7.021903248910868 ], [ 107.74576138484673, -7.022052977012302 ], [ 107.745772989433377, -7.022559748689853 ], [ 107.745738175671264, -7.02267492399412 ], [ 107.745297201323936, -7.022502161027523 ], [ 107.74372327530395, -7.021912206996836 ], [ 107.7434215560138, -7.021762478850044 ], [ 107.743166255076929, -7.021681855981974 ], [ 107.743003790844114, -7.021566680431758 ], [ 107.742702071554064, -7.021486057529828 ], [ 107.742678862378582, -7.020023325307285 ], [ 107.742341388176939, -7.017417681117164 ] ] ] ] } },
{ "type": "Feature", "properties": { "layer": "Kawasan Pertanian" }, "geometry": { "type": "MultiPolygon", "coordinates": [ [ [ [ 107.738225423282245, -7.013248119155354 ], [ 107.738389910282663, -7.01323481265117 ], [ 107.738405908059136, -7.013078044716591 ], [ 107.738590760995294, -7.013055931794296 ], [ 107.738794522187987, -7.013038256163529 ], [ 107.739223107960129, -7.013042222369654 ], [ 107.739217295862758, -7.013129750415376 ], [ 107.739318378132637, -7.013134909149755 ], [ 107.739308549940475, -7.013021788648028 ], [ 107.739737175914641, -7.013016525421395 ], [ 107.739737200933774, -7.013160697388428 ], [ 107.740106012549177, -7.013159031895471 ], [ 107.740839851131, -7.013056342740737 ], [ 107.740876409129754, -7.01326677308768 ], [ 107.741283591533133, -7.013243325884769 ], [ 107.741285610038375, -7.013292585985323 ], [ 107.741715200298984, -7.013274542019006 ], [ 107.741771772293262, -7.013523422138019 ], [ 107.742048610001575, -7.013512649936867 ], [ 107.742236215187631, -7.016318323339814 ], [ 107.741613271312588, -7.016373691597193 ], [ 107.741631866651645, -7.016632076710981 ], [ 107.740637015983182, -7.016641304747768 ], [ 107.740134941814702, -7.016595164560908 ], [ 107.739976881428333, -7.016641304747807 ], [ 107.739939690750262, -7.01714884650743 ], [ 107.739817129563164, -7.017104862140733 ], [ 107.739778561547283, -7.017081305752084 ], [ 107.739737026761304, -7.017022414772967 ], [ 107.739648023646751, -7.01699591383014 ], [ 107.739579655860737, -7.01694287917724 ], [ 107.73983183135141, -7.016772095268044 ], [ 107.739719094073791, -7.01635985798861 ], [ 107.739653825125686, -7.016247964949642 ], [ 107.739600814763506, -7.016152000052154 ], [ 107.739384240518632, -7.015892879173142 ], [ 107.739179533354104, -7.015698538420139 ], [ 107.73910536409241, -7.015686760190337 ], [ 107.739025261290536, -7.015486530232158 ], [ 107.738927360009555, -7.01546661280939 ], [ 107.738894725533854, -7.015507836632297 ], [ 107.738776054713753, -7.015422444422815 ], [ 107.738734519927675, -7.015354719554983 ], [ 107.738669250978603, -7.015213380670459 ], [ 107.738666315699007, -7.015051523583307 ], [ 107.738690049864317, -7.014927851980216 ], [ 107.738701916944819, -7.014851293356974 ], [ 107.738764219126097, -7.014807124912085 ], [ 107.7387582855836, -7.014739399954686 ], [ 107.738749385273337, -7.014689342372191 ], [ 107.738749385273323, -7.014612783704697 ], [ 107.73873751819059, -7.014492056550949 ], [ 107.738693016625248, -7.014306548929088 ], [ 107.738645548296802, -7.014268269564919 ], [ 107.738598079970586, -7.014232934766226 ], [ 107.738485342690637, -7.014203489096903 ], [ 107.738447239811435, -7.014127238152035 ], [ 107.7384008465325, -7.014085378080897 ], [ 107.738334771254301, -7.014015611287493 ], [ 107.738279942834723, -7.013987704567443 ], [ 107.738260260837706, -7.013891426369741 ], [ 107.738248464591393, -7.013776952784604 ], [ 107.738245652877879, -7.013707185945005 ], [ 107.738225970880876, -7.013573233583112 ], [ 107.738220347453762, -7.013542536162125 ], [ 107.738224810397597, -7.013469638599368 ], [ 107.738227622111154, -7.013316151436852 ], [ 107.738226216253295, -7.013261733248234 ], [ 107.738225423282245, -7.013248119155354 ] ] ] ] } },
{ "type": "Feature", "properties": { "layer": "Kawasan Pertanian" }, "geometry": { "type": "MultiPolygon", "coordinates": [ [ [ [ 107.719015299005576, -7.014304786697543 ], [ 107.719229586749989, -7.014317676635124 ], [ 107.719352964543376, -7.014343456506945 ], [ 107.719430887359991, -7.014337011539731 ], [ 107.719619200833122, -7.014324121602648 ], [ 107.719729591489596, -7.014349901475268 ], [ 107.719865956417394, -7.014304786697539 ], [ 107.720067257026187, -7.014291896760722 ], [ 107.720210115523756, -7.014298341729749 ], [ 107.720443002327457, -7.014673610117963 ], [ 107.720569476156143, -7.014882822014676 ], [ 107.720704381572318, -7.015004164871649 ], [ 107.720759186897581, -7.015058559934734 ], [ 107.720887023257163, -7.014899313079218 ], [ 107.720924965405715, -7.014899313079241 ], [ 107.720878591669589, -7.014957892391161 ], [ 107.721473018653469, -7.015635738171372 ], [ 107.721620571454395, -7.015819844267211 ], [ 107.721666945190478, -7.015886791919172 ], [ 107.721801850608358, -7.015962108016696 ], [ 107.72179341901915, -7.016045792554912 ], [ 107.72189459808223, -7.016096003270782 ], [ 107.721928324437116, -7.016033239875037 ], [ 107.722239615992294, -7.016212489439918 ], [ 107.722446189911949, -7.01630454238145 ], [ 107.722909927282913, -7.016497016655354 ], [ 107.723230327647201, -7.016647648639438 ], [ 107.723264054002087, -7.016718780393101 ], [ 107.723299310117696, -7.016886519882485 ], [ 107.723060252957595, -7.018260184256674 ], [ 107.724259719717807, -7.018390342307781 ], [ 107.724613049228125, -7.018611855881813 ], [ 107.725107300126822, -7.018600080432679 ], [ 107.725462052285081, -7.018695700448394 ], [ 107.725484891521873, -7.018844554704202 ], [ 107.725348155376437, -7.019060821243071 ], [ 107.725711193913668, -7.019552056616023 ], [ 107.725399227261818, -7.020367439630366 ], [ 107.725616497858113, -7.020709533508954 ], [ 107.725485119489235, -7.020887952759181 ], [ 107.725729297330432, -7.021169172605217 ], [ 107.725532739347102, -7.021592531802571 ], [ 107.725832820958559, -7.021818015977134 ], [ 107.725870879763036, -7.021589774608059 ], [ 107.726122993576922, -7.021437721751226 ], [ 107.726347950926638, -7.021858122498568 ], [ 107.726578984754411, -7.022064681355749 ], [ 107.726516368197466, -7.022234421799444 ], [ 107.727256498795597, -7.022543883321591 ], [ 107.727559245205981, -7.022773829989244 ], [ 107.727477209686342, -7.022989081240686 ], [ 107.727835649744904, -7.023259560002396 ], [ 107.72802331424144, -7.023113828955566 ], [ 107.728383149988474, -7.023358020999728 ], [ 107.725378983889556, -7.023911480158671 ], [ 107.723217122490439, -7.023594103946504 ], [ 107.721917955132639, -7.023050268038676 ], [ 107.721310284907076, -7.022445084069623 ], [ 107.721689646653303, -7.021742467838329 ], [ 107.72189396234451, -7.021031430955582 ], [ 107.722094042393906, -7.020644263204219 ], [ 107.722146822684877, -7.020275961418966 ], [ 107.722472868842203, -7.019342470556404 ], [ 107.722590064439601, -7.019121369718761 ], [ 107.722645345494811, -7.018840350734829 ], [ 107.722722538100925, -7.018387183881459 ], [ 107.722662392218666, -7.018292351757248 ], [ 107.722675225665185, -7.018184729599315 ], [ 107.722633833622552, -7.018087798050272 ], [ 107.722496104848588, -7.017965905757416 ], [ 107.722006479747307, -7.01779764109935 ], [ 107.720961564436749, -7.017692495659165 ], [ 107.720606360593095, -7.017681383332382 ], [ 107.720283673398129, -7.017794156640231 ], [ 107.719900827333717, -7.017905377467686 ], [ 107.719789758747226, -7.018062655407317 ], [ 107.719086651715372, -7.017978286060311 ], [ 107.718376886242169, -7.017726634877798 ], [ 107.718834202970797, -7.016303642286022 ], [ 107.718490397088033, -7.016082129584949 ], [ 107.718411864974797, -7.015533241187316 ], [ 107.71854836661646, -7.015009263987865 ], [ 107.718874793887764, -7.014585457072073 ], [ 107.719015299005576, -7.014304786697543 ] ] ] ] } },
{ "type": "Feature", "properties": { "layer": "Kawasan Pertanian" }, "geometry": { "type": "MultiPolygon", "coordinates": [ [ [ [ 107.757942355840669, -7.02783146574266 ], [ 107.75816040266271, -7.027675557980576 ], [ 107.758323318452412, -7.027734014798639 ], [ 107.758458489798429, -7.027481203754999 ], [ 107.758391001524899, -7.027421037162298 ], [ 107.758703439549521, -7.026681183322165 ], [ 107.758921395019755, -7.02645601777825 ], [ 107.759303739959279, -7.026245570169371 ], [ 107.759655691793981, -7.026087299124526 ], [ 107.759734344243171, -7.025559851760468 ], [ 107.759505304790181, -7.025445174965968 ], [ 107.759135344372424, -7.025155434368027 ], [ 107.759283777169344, -7.02463028698126 ], [ 107.759441785215827, -7.024064347872831 ], [ 107.759419295139395, -7.023780681387169 ], [ 107.759775368403538, -7.023469892253343 ], [ 107.759872727780206, -7.023193298263902 ], [ 107.760183156092936, -7.023230387889688 ], [ 107.760324440841572, -7.022597022717619 ], [ 107.759999923614757, -7.022541603544936 ], [ 107.76012677824508, -7.021927988106391 ], [ 107.760082115168686, -7.021937032525236 ], [ 107.760113889406682, -7.021701120745886 ], [ 107.760128978125579, -7.021448143978944 ], [ 107.760236597474744, -7.02141639026876 ], [ 107.760302100790256, -7.020869947017016 ], [ 107.760380898626011, -7.019950189757139 ], [ 107.760509921443784, -7.019913797581668 ], [ 107.760518354392758, -7.019817366550946 ], [ 107.760529601161963, -7.019698828797851 ], [ 107.760440497942056, -7.019657547003319 ], [ 107.760476964598993, -7.019309598429007 ], [ 107.761657024923124, -7.019289698029866 ], [ 107.762153441042372, -7.019302488583969 ], [ 107.762096926334166, -7.019510245331064 ], [ 107.762200316008304, -7.019528428981626 ], [ 107.76228861825274, -7.019310372899401 ], [ 107.762781285838997, -7.019282028527076 ], [ 107.762765649509802, -7.019600625515243 ], [ 107.762846704804488, -7.019606328282748 ], [ 107.762875251972062, -7.01965928348358 ], [ 107.762889946491484, -7.019728113592105 ], [ 107.76298958510796, -7.019738376460122 ], [ 107.762998958385097, -7.01986341310355 ], [ 107.763160074786498, -7.019892112786937 ], [ 107.76316933392927, -7.020011621586962 ], [ 107.763308418074658, -7.020024354455564 ], [ 107.763320840489797, -7.019824228922326 ], [ 107.763594969864542, -7.019839776589749 ], [ 107.76360845005614, -7.019741889426838 ], [ 107.763700827605874, -7.019741075272332 ], [ 107.763709909162898, -7.01963368150432 ], [ 107.763849672127677, -7.019628663860084 ], [ 107.763869651090261, -7.019347138063037 ], [ 107.763971780422054, -7.019095024280219 ], [ 107.764218484230383, -7.019025711789882 ], [ 107.76404818558116, -7.018662504689847 ], [ 107.764056947266212, -7.018444353804854 ], [ 107.763977597075765, -7.018408443211488 ], [ 107.764082722671176, -7.018176413256264 ], [ 107.763885011315864, -7.01815607651201 ], [ 107.763877878779155, -7.018254052703734 ], [ 107.763737070091864, -7.018254731492438 ], [ 107.763669456591359, -7.018137677314837 ], [ 107.763689954969266, -7.017838382684372 ], [ 107.763907857549029, -7.017852147834839 ], [ 107.764024371764549, -7.017514946085328 ], [ 107.764306717348049, -7.017500549828187 ], [ 107.764532484676295, -7.017229395371844 ], [ 107.764465156238188, -7.017075249344171 ], [ 107.764501913687255, -7.016740865335112 ], [ 107.764251063006839, -7.016707937635426 ], [ 107.764285717526334, -7.016453826776176 ], [ 107.763978694008244, -7.016334056624075 ], [ 107.76397367731073, -7.016154771188459 ], [ 107.763964078741907, -7.016148520775085 ], [ 107.763703956774776, -7.016075322994355 ], [ 107.763386212577743, -7.016092560467145 ], [ 107.763308734100846, -7.016139067320583 ], [ 107.763096821378412, -7.016130245349125 ], [ 107.763073955380719, -7.016297464865962 ], [ 107.763208088675711, -7.016352808195247 ], [ 107.763184263397761, -7.01642562015693 ], [ 107.76315790627757, -7.016494952094874 ], [ 107.762767395166478, -7.016567051074529 ], [ 107.762556145524542, -7.016492298660562 ], [ 107.762469870323173, -7.017244178130813 ], [ 107.762292882678523, -7.017262544586042 ], [ 107.762304920588818, -7.01740151570118 ], [ 107.762260203234646, -7.018056457528308 ], [ 107.762608192595764, -7.018077467552178 ], [ 107.762575385130233, -7.018279353233002 ], [ 107.761128786009991, -7.018415350465913 ], [ 107.761118349412627, -7.018152593219861 ], [ 107.760794581689041, -7.018216958533904 ], [ 107.760454882172425, -7.01817853394466 ], [ 107.760724505248973, -7.014798540221121 ], [ 107.762010416999658, -7.014904352689162 ], [ 107.764166256711775, -7.014966880493164 ], [ 107.764184691257199, -7.014550877187705 ], [ 107.764154535555207, -7.014335845176213 ], [ 107.764618834143903, -7.014394060732227 ], [ 107.764393483849048, -7.014040364584702 ], [ 107.764278869910598, -7.013991736888372 ], [ 107.764257712015322, -7.013931989111268 ], [ 107.764232783478406, -7.013611793322923 ], [ 107.764202283267821, -7.013200378273056 ], [ 107.764089997096676, -7.012608085040736 ], [ 107.764102812267993, -7.012552596777 ], [ 107.76553324670563, -7.014022405535864 ], [ 107.765588976702944, -7.01407966921404 ], [ 107.765545215759474, -7.014423480207268 ], [ 107.766011503704121, -7.014608101969621 ], [ 107.766027995561245, -7.01487352904016 ], [ 107.766162331504816, -7.014915322397262 ], [ 107.766486393863161, -7.01495872674298 ], [ 107.766481746360512, -7.014905477894581 ], [ 107.766689955630454, -7.014873688307324 ], [ 107.766991338662322, -7.01495007392803 ], [ 107.767250817709126, -7.015050153272086 ], [ 107.767430115447127, -7.015169126973519 ], [ 107.767446632793238, -7.015344884768752 ], [ 107.767365039056699, -7.015527639502453 ], [ 107.767187955552515, -7.015544033184337 ], [ 107.766922432070118, -7.015491442381847 ], [ 107.766640085928898, -7.015494637860431 ], [ 107.766647033944494, -7.015669195696868 ], [ 107.766828749456039, -7.015769173877643 ], [ 107.767087121384066, -7.015801569452515 ], [ 107.76730852664771, -7.015742486718983 ], [ 107.768011923336161, -7.01579208404162 ], [ 107.768080015768149, -7.015868166487837 ], [ 107.768105898904153, -7.016199486306087 ], [ 107.768224255766441, -7.016262572518335 ], [ 107.768312593978024, -7.01640873807178 ], [ 107.768259606462621, -7.016672273030586 ], [ 107.768608632608178, -7.01690901973942 ], [ 107.768672894838161, -7.017167957100938 ], [ 107.76920152403062, -7.017292133620872 ], [ 107.769239699562618, -7.017374113966574 ], [ 107.769021310340648, -7.017867789397675 ], [ 107.768714989988169, -7.01790657574867 ], [ 107.768739562466834, -7.018324572613451 ], [ 107.768664387050876, -7.018380519159114 ], [ 107.768668611979649, -7.018805613559629 ], [ 107.768861207481564, -7.018820112506585 ], [ 107.768867048378596, -7.018926985957172 ], [ 107.768802175528791, -7.019131134165138 ], [ 107.768666894241179, -7.019201014913672 ], [ 107.768664972962512, -7.019750777205969 ], [ 107.768472051879158, -7.019891598242593 ], [ 107.768529964359033, -7.020429563490662 ], [ 107.768453906210539, -7.020950730598201 ], [ 107.76842684608539, -7.021129488030387 ], [ 107.768154135507928, -7.021117707681093 ], [ 107.767926022454176, -7.021174161249253 ], [ 107.767786603433024, -7.021276307066789 ], [ 107.767549795367088, -7.022264210198107 ], [ 107.767282286818698, -7.022355906467386 ], [ 107.767317652969695, -7.020969826712774 ], [ 107.767279096307931, -7.019899680739205 ], [ 107.766384715042875, -7.019857180587858 ], [ 107.765449288258523, -7.019716548081655 ], [ 107.764612242529665, -7.019516191778206 ], [ 107.764426458147327, -7.019569363483282 ], [ 107.764231204789894, -7.019774212069203 ], [ 107.763998778866011, -7.019966709021097 ], [ 107.763947479181013, -7.020197297720411 ], [ 107.763954039634797, -7.020291635371184 ], [ 107.76400732696159, -7.020384140893491 ], [ 107.764133973769248, -7.020533214379508 ], [ 107.764150985739178, -7.020678682279113 ], [ 107.764064123173796, -7.020773670448301 ], [ 107.763937049753523, -7.02078012870259 ], [ 107.763803317813, -7.020621009626206 ], [ 107.763644533777764, -7.020658711659154 ], [ 107.763481365345115, -7.021154963661524 ], [ 107.763421537021841, -7.021536561593437 ], [ 107.763427868645522, -7.02164189401791 ], [ 107.763672944185572, -7.021736997347785 ], [ 107.763675434843051, -7.021862214877854 ], [ 107.763633457151045, -7.02197972187827 ], [ 107.763681038478538, -7.022154602878967 ], [ 107.763637093143316, -7.022318008103118 ], [ 107.763372320592524, -7.022483640068589 ], [ 107.763452314157519, -7.022652913703994 ], [ 107.763566028223224, -7.02283925226422 ], [ 107.763746784663482, -7.02280327241287 ], [ 107.763833053688657, -7.022763600321038 ], [ 107.763896719896593, -7.022712122507354 ], [ 107.764100089681946, -7.022601459483253 ], [ 107.764189851811736, -7.022587831179239 ], [ 107.764255360926882, -7.022596645753552 ], [ 107.764326224798452, -7.022650803437897 ], [ 107.764352199586781, -7.022744860129177 ], [ 107.764357002058134, -7.022911812064268 ], [ 107.764430279641672, -7.023056954931723 ], [ 107.764479782923473, -7.023102318748554 ], [ 107.764524298323366, -7.02316893351075 ], [ 107.764460095439702, -7.023213356256318 ], [ 107.76438883641795, -7.023015127364217 ], [ 107.764184672660988, -7.022858960067867 ], [ 107.764182204500855, -7.022702423309447 ], [ 107.764108224944394, -7.022693291798152 ], [ 107.763998002691878, -7.02273599258653 ], [ 107.763980336875562, -7.022828749832032 ], [ 107.763808856881099, -7.022786885262036 ], [ 107.763683017814046, -7.022873903655 ], [ 107.763547697282846, -7.022913548084471 ], [ 107.763594304123956, -7.022986266218504 ], [ 107.76351747433624, -7.023101206420328 ], [ 107.763414851968221, -7.023199986165618 ], [ 107.76339718665524, -7.023280040766555 ], [ 107.763292000538783, -7.023339021158534 ], [ 107.763271493346807, -7.023070903632052 ], [ 107.763177474073487, -7.023137969795497 ], [ 107.763173952682493, -7.023409031940074 ], [ 107.762754131066558, -7.023610427687015 ], [ 107.762441550181322, -7.023998653490798 ], [ 107.762062404282347, -7.024147354566955 ], [ 107.761895986090408, -7.02409697848581 ], [ 107.761583305935147, -7.024197138128663 ], [ 107.761760132016249, -7.024416467300694 ], [ 107.761584460119309, -7.024682188466665 ], [ 107.761541092720392, -7.02489343653636 ], [ 107.76131042123292, -7.024915698619886 ], [ 107.761275897134325, -7.025024056766536 ], [ 107.761386741545081, -7.025068890070678 ], [ 107.761323359537585, -7.025259066346803 ], [ 107.761082482487538, -7.025197555337798 ], [ 107.761047847102404, -7.025328570620181 ], [ 107.761284698064458, -7.025411873873647 ], [ 107.761238988740601, -7.025594014830924 ], [ 107.761278787213314, -7.025725249479996 ], [ 107.761275159366818, -7.025887644181398 ], [ 107.761376425472761, -7.025895158689372 ], [ 107.761463489101473, -7.025877930380832 ], [ 107.761554234714126, -7.02579461059131 ], [ 107.761617645889359, -7.025686013298939 ], [ 107.761576752907061, -7.025620758925921 ], [ 107.761458622293901, -7.025563529267198 ], [ 107.761387127207811, -7.025504471082614 ], [ 107.761550216095685, -7.025254525124533 ], [ 107.761545448084803, -7.025133769205598 ], [ 107.761620785363988, -7.024920410659822 ], [ 107.761742642082524, -7.024956752811443 ], [ 107.761741424093344, -7.025017759237888 ], [ 107.761787752900688, -7.025077109701614 ], [ 107.761776431503819, -7.025134972458864 ], [ 107.761930713344412, -7.025173767314313 ], [ 107.762006317151958, -7.025079715852288 ], [ 107.762124031515057, -7.025150474449014 ], [ 107.762068501604489, -7.025298331817686 ], [ 107.76213540354442, -7.025366618223837 ], [ 107.762248629308942, -7.025231850649883 ], [ 107.763093626556753, -7.025774059080999 ], [ 107.76338612928015, -7.025959231530034 ], [ 107.763457404327909, -7.026317134393416 ], [ 107.763483363155999, -7.026496747668668 ], [ 107.763332441058381, -7.026535534920353 ], [ 107.762862852859925, -7.026317378596663 ], [ 107.762569174758426, -7.026760208523854 ], [ 107.762854730843301, -7.02694568962618 ], [ 107.762843327223123, -7.027035021396101 ], [ 107.762720735024274, -7.026982086422911 ], [ 107.762558603691531, -7.027239525820929 ], [ 107.762711626302618, -7.027306562251205 ], [ 107.762494506140001, -7.027570971278549 ], [ 107.762439692673681, -7.027543886563138 ], [ 107.762399129484692, -7.027587171006343 ], [ 107.762359256424588, -7.02762829901215 ], [ 107.762413427705411, -7.027682948368812 ], [ 107.762362066352424, -7.027738198142804 ], [ 107.762262111933467, -7.027849102981047 ], [ 107.762151631076719, -7.028082879307967 ], [ 107.761956443346804, -7.028012047206157 ], [ 107.761895701991548, -7.028152196014926 ], [ 107.761874780203669, -7.028297933339395 ], [ 107.762035069059991, -7.028389253616901 ], [ 107.761935083615796, -7.028601046456261 ], [ 107.762068212313977, -7.028739217531893 ], [ 107.761973781782373, -7.028858254274112 ], [ 107.762052129657917, -7.028969277638414 ], [ 107.761848117609148, -7.029095436282099 ], [ 107.761754987699206, -7.02914362158926 ], [ 107.761638725151357, -7.02915150669879 ], [ 107.761482090220895, -7.029125760125741 ], [ 107.760995057835231, -7.02885002387062 ], [ 107.760586881644244, -7.028840517223203 ], [ 107.760415703770818, -7.028825383616152 ], [ 107.760209951517268, -7.028725508993523 ], [ 107.760042579502752, -7.028943372139072 ], [ 107.759978295716522, -7.028921506042355 ], [ 107.759818038045765, -7.028822943692321 ], [ 107.759930383699782, -7.028577115391713 ], [ 107.759749126726661, -7.028470495800547 ], [ 107.759618851718429, -7.028582610875867 ], [ 107.759529469800242, -7.028683089225995 ], [ 107.759374366870915, -7.02857029524424 ], [ 107.759468858660185, -7.028437778916106 ], [ 107.759310253828872, -7.028325543298918 ], [ 107.759162017665048, -7.028437868109686 ], [ 107.758943765541545, -7.028339296994508 ], [ 107.758774500696589, -7.028250888990164 ], [ 107.758352797827811, -7.028052187763356 ], [ 107.758474721745074, -7.027898213905143 ], [ 107.758307566523413, -7.027795043578215 ], [ 107.758244458455536, -7.027908031609262 ], [ 107.758159238611725, -7.027965051013318 ], [ 107.757942355840669, -7.02783146574266 ] ] ] ] } },
{ "type": "Feature", "properties": { "layer": "Kawasan Pertanian" }, "geometry": { "type": "MultiPolygon", "coordinates": [ [ [ [ 107.758174775933981, -7.004792678381919 ], [ 107.757259674700336, -7.004637281590019 ], [ 107.757206840272502, -7.004533462648756 ], [ 107.757044490769403, -7.004529037789934 ], [ 107.757060913914628, -7.004974150519002 ], [ 107.756509110801744, -7.0048954908521 ], [ 107.756525867183797, -7.004385219128962 ], [ 107.756258412066515, -7.004362880035317 ], [ 107.755895708960821, -7.004405668619768 ], [ 107.755822668716121, -7.005008345883428 ], [ 107.755534500115743, -7.005148747103009 ], [ 107.755357321311465, -7.005019553297499 ], [ 107.75540729811938, -7.004553015168141 ], [ 107.755274337594443, -7.004150294162307 ], [ 107.754946369959583, -7.004175703985187 ], [ 107.75461870731786, -7.00396980517457 ], [ 107.754607931384982, -7.003672841622968 ], [ 107.754206225562285, -7.003471452566981 ], [ 107.754236309872368, -7.003240601500543 ], [ 107.754259919522141, -7.003016805583833 ], [ 107.754300127282221, -7.00276882858324 ], [ 107.754367081821101, -7.002655814275252 ], [ 107.754788156884018, -7.002650387348902 ], [ 107.754779166302839, -7.002455164146955 ], [ 107.754575816436756, -7.002453208984894 ], [ 107.754538485501314, -7.002214789224464 ], [ 107.753987950340317, -7.002174198607905 ], [ 107.75399926991463, -7.001949309735274 ], [ 107.754192836068427, -7.001916591119872 ], [ 107.754228103875079, -7.001793817953109 ], [ 107.754099036700509, -7.001535636063063 ], [ 107.753693926622887, -7.001436233196435 ], [ 107.753036191453816, -7.001361081571778 ], [ 107.753006615186806, -7.001100366734677 ], [ 107.752744789589556, -7.001032900351606 ], [ 107.75273416683865, -7.001268578292335 ], [ 107.752599591519697, -7.001229051948926 ], [ 107.752544416528607, -7.001071647724481 ], [ 107.752111777833804, -7.001088472575807 ], [ 107.751988891300172, -7.001327897400759 ], [ 107.751692594654799, -7.001328699965607 ], [ 107.751672016444417, -7.001674650989675 ], [ 107.751046725785869, -7.00195432471868 ], [ 107.750698409644315, -7.00126699734965 ], [ 107.750596769584533, -7.001068984293179 ], [ 107.750568753876991, -7.000940655979149 ], [ 107.750473945355139, -7.000917533239825 ], [ 107.750444215685121, -7.000649030390154 ], [ 107.750296312991082, -7.000649661688108 ], [ 107.750262304851361, -7.000127051428453 ], [ 107.750432360882527, -6.99980249305614 ], [ 107.750720130154903, -6.999756387598043 ], [ 107.750672301014916, -6.99929682807152 ], [ 107.750417540656983, -6.999398830639781 ], [ 107.749937613030909, -6.998912499332713 ], [ 107.749855605576869, -6.9983680142882 ], [ 107.749774416825403, -6.997720597082959 ], [ 107.750768581552208, -6.997580966151917 ], [ 107.750599906514609, -6.997513008394332 ], [ 107.750562938335392, -6.997410995673404 ], [ 107.75003713084233, -6.997554866645744 ], [ 107.749823604697511, -6.997012159874187 ], [ 107.74968681586742, -6.996926677275831 ], [ 107.749513866032558, -6.996925157191876 ], [ 107.748996131473916, -6.996414731639867 ], [ 107.750004449682379, -6.995820969737498 ], [ 107.750299954176555, -6.995068617579837 ], [ 107.75092392609163, -6.994755557152955 ], [ 107.751787827782238, -6.995957399210455 ], [ 107.753134652553015, -6.997435431874168 ], [ 107.754492789625203, -6.998183031793053 ], [ 107.756925867175369, -6.999261676459946 ], [ 107.763796087475285, -7.002161312624602 ], [ 107.764866292760132, -7.002615166734076 ], [ 107.765840018540459, -7.003239156472716 ], [ 107.766750620388748, -7.00400971215926 ], [ 107.769102121610487, -7.006734712370208 ], [ 107.7671661949298, -7.007257652597892 ], [ 107.767084295927035, -7.007032011141423 ], [ 107.767436585595107, -7.006700220041563 ], [ 107.767242879844005, -7.006374634757159 ], [ 107.767016645089129, -7.006558861873897 ], [ 107.766855297575731, -7.006394756272701 ], [ 107.766381378575346, -7.006374847908282 ], [ 107.766389518918061, -7.005346217575288 ], [ 107.766523674373332, -7.004200976229674 ], [ 107.766137864957201, -7.004171210021939 ], [ 107.765872773886727, -7.003891756427565 ], [ 107.765717181857454, -7.003522731961618 ], [ 107.765514588939396, -7.003522981750344 ], [ 107.76535431048724, -7.003663778684144 ], [ 107.7652843380463, -7.003793830119577 ], [ 107.764829937256991, -7.00390416104445 ], [ 107.764819863687237, -7.004235719695647 ], [ 107.764646939932248, -7.00428601976519 ], [ 107.764265678696844, -7.004305057303437 ], [ 107.764205212626379, -7.004316940042457 ], [ 107.764111534047331, -7.004386336042338 ], [ 107.763721078696861, -7.004366214576289 ], [ 107.763688163646734, -7.00419912047069 ], [ 107.763540990770096, -7.004177033971252 ], [ 107.763505550254493, -7.004504629567335 ], [ 107.7636986253939, -7.004542210075728 ], [ 107.763652342423327, -7.004676388092653 ], [ 107.763258995437639, -7.004630533212961 ], [ 107.763263893376049, -7.004502813756661 ], [ 107.762900275091596, -7.004458995177684 ], [ 107.762911832972094, -7.00429517500753 ], [ 107.762865814796996, -7.004289649599957 ], [ 107.762831061834248, -7.004439730856163 ], [ 107.762565083509188, -7.004399476319074 ], [ 107.762565447217838, -7.004050645211114 ], [ 107.762755266039832, -7.004066430767241 ], [ 107.762836520905452, -7.003866001758262 ], [ 107.762635077700182, -7.003222434036519 ], [ 107.762106705842569, -7.003075222150629 ], [ 107.761368303248261, -7.00311223321675 ], [ 107.761027873358998, -7.003185366731306 ], [ 107.761179045152147, -7.003540591222279 ], [ 107.760783669937538, -7.003827285936424 ], [ 107.759649075140842, -7.004601346501492 ], [ 107.758174775933981, -7.004792678381919 ] ] ] ] } },
{ "type": "Feature", "properties": { "layer": "Kawasan Pertanian" }, "geometry": { "type": "MultiPolygon", "coordinates": [ [ [ [ 107.762479580798995, -6.987448223467851 ], [ 107.759209222954212, -6.994718240413063 ], [ 107.758969949071258, -6.995740085843654 ], [ 107.759636174630273, -6.995850243646398 ], [ 107.759696156319905, -6.996224159163089 ], [ 107.75921900094184, -6.996599098495999 ], [ 107.759110969476595, -6.996437734952845 ], [ 107.758567627571949, -6.995868509776693 ], [ 107.758032451164297, -6.995146203643918 ], [ 107.757318421948952, -6.994532510653282 ], [ 107.756014826539513, -6.994401813955381 ], [ 107.756141362578276, -6.993926278112655 ], [ 107.756836598818055, -6.993391010050407 ], [ 107.757344408745567, -6.992748679170878 ], [ 107.758247591786656, -6.992159243771536 ], [ 107.758866498424723, -6.991206358015711 ], [ 107.759012424917515, -6.990268608309506 ], [ 107.759255517470734, -6.989503315323535 ], [ 107.75944180049477, -6.989000186331201 ], [ 107.759939932669283, -6.988000379195035 ], [ 107.760696257638045, -6.98771332356551 ], [ 107.76172602551992, -6.98696876710516 ], [ 107.761932309846628, -6.987042195250469 ], [ 107.762154232252442, -6.987181000111097 ], [ 107.762479580798995, -6.987448223467851 ] ] ] ] } },
{ "type": "Feature", "properties": { "layer": "Kawasan Pertanian" }, "geometry": { "type": "MultiPolygon", "coordinates": [ [ [ [ 107.751654258518329, -7.001999750122968 ], [ 107.751945897029671, -7.001934819528051 ], [ 107.752429734028809, -7.002014873729147 ], [ 107.752477397227608, -7.002209155392996 ], [ 107.752664867859281, -7.002148291249299 ], [ 107.752732483540413, -7.002094094112271 ], [ 107.7531295109344, -7.002182483880189 ], [ 107.753123223996241, -7.002329142430328 ], [ 107.753030993348901, -7.002956513732068 ], [ 107.752832564164024, -7.003251100909035 ], [ 107.752954285664217, -7.0033646608634 ], [ 107.752703907779789, -7.003775606096077 ], [ 107.752282435745542, -7.00339100460423 ], [ 107.752435073579676, -7.003164399167919 ], [ 107.751763871602179, -7.00269933538355 ], [ 107.751700385739809, -7.002322758149816 ], [ 107.751659402089857, -7.002178778550738 ], [ 107.751654258518329, -7.001999750122968 ] ] ] ] } },
{ "type": "Feature", "properties": { "layer": "Kawasan Pertanian" }, "geometry": { "type": "MultiPolygon", "coordinates": [ [ [ [ 107.769646272403193, -7.022245974976677 ], [ 107.770959864878947, -7.019958848933672 ], [ 107.771712597738315, -7.018549773724272 ], [ 107.772439851288993, -7.018505988779423 ], [ 107.772522307124689, -7.017425382188571 ], [ 107.771452139760399, -7.01682847103666 ], [ 107.771383797448649, -7.016172143979409 ], [ 107.770633833997877, -7.016016115477236 ], [ 107.770109321211137, -7.014998391210182 ], [ 107.76894192271088, -7.014393469043208 ], [ 107.768601230949045, -7.013152085323807 ], [ 107.768948810974223, -7.011873647073349 ], [ 107.768779994261536, -7.010925074903765 ], [ 107.768611177548848, -7.009976502734213 ], [ 107.767752013186595, -7.009247503247028 ], [ 107.768014153657319, -7.007852796755791 ], [ 107.770132530749748, -7.007058422464365 ], [ 107.771006587903173, -7.007272305958514 ], [ 107.771971988182813, -7.00676853469068 ], [ 107.773189499519759, -7.006809028578425 ], [ 107.772962703103801, -7.006359954637699 ], [ 107.773775058379286, -7.006223453051909 ], [ 107.774179808519222, -7.006744805786044 ], [ 107.774057298058807, -7.005950828576167 ], [ 107.775194426162685, -7.005637270661704 ], [ 107.775487364271058, -7.005497608575546 ], [ 107.775787778064014, -7.004881433683151 ], [ 107.775847249304221, -7.004815202691844 ], [ 107.775903811375528, -7.004790056359484 ], [ 107.776139775624245, -7.005408676529463 ], [ 107.776273251624872, -7.0050173796243 ], [ 107.776829050944542, -7.005053415131671 ], [ 107.777135579093994, -7.005605028722505 ], [ 107.777028223427692, -7.004612871207128 ], [ 107.778129420428357, -7.004219689175007 ], [ 107.778650993593942, -7.004611862383368 ], [ 107.780049282981324, -7.004248143436358 ], [ 107.780492471803825, -7.004228572776097 ], [ 107.78042762282233, -7.003871883801824 ], [ 107.780980536935573, -7.003927639414467 ], [ 107.781060598961488, -7.004812711045149 ], [ 107.781435603722997, -7.004823374957828 ], [ 107.781265868797817, -7.003954696271319 ], [ 107.782231616728282, -7.0031828225712 ], [ 107.783497838481821, -7.002717681430037 ], [ 107.783958770511347, -7.002368865784546 ], [ 107.784083861339099, -7.002842005643205 ], [ 107.784430159215958, -7.002659336940742 ], [ 107.784413950475255, -7.002117501706005 ], [ 107.785011548692907, -7.001728677784053 ], [ 107.784767781002287, -7.001480775517969 ], [ 107.784354083327528, -7.001860992585508 ], [ 107.784303704414768, -7.001867903073995 ], [ 107.783951014712599, -7.001706321011196 ], [ 107.784175069806139, -7.00132085616295 ], [ 107.784099639035674, -7.001104618988825 ], [ 107.784377339149941, -7.001050590441042 ], [ 107.784680426098873, -7.000884220938361 ], [ 107.785026122408652, -7.000200039361176 ], [ 107.785051686890384, -7.000178679645704 ], [ 107.785494924800275, -7.000228029301105 ], [ 107.785526524701439, -7.000248998205998 ], [ 107.785554100182836, -7.000301586196879 ], [ 107.785564550905647, -7.000398972326368 ], [ 107.785903187554297, -7.000580025886406 ], [ 107.785769454405894, -7.000865772923319 ], [ 107.785503710496229, -7.000758327697816 ], [ 107.78548795592242, -7.001103910419157 ], [ 107.785579403719339, -7.001174334341238 ], [ 107.785282953274589, -7.001472395252565 ], [ 107.78560563820254, -7.001632360244663 ], [ 107.785733977757275, -7.001731544268185 ], [ 107.785682826401541, -7.00191727804224 ], [ 107.786470968325375, -7.002141406969828 ], [ 107.786663960649591, -7.00222375980491 ], [ 107.786716516407253, -7.002092208237333 ], [ 107.786897029347273, -7.001991241591599 ], [ 107.78716234342933, -7.002068113105269 ], [ 107.787853718533285, -7.001994819240697 ], [ 107.787839887285728, -7.001629918222532 ], [ 107.786806163877273, -7.001472087079896 ], [ 107.786689861894601, -7.000812707733309 ], [ 107.786991131892833, -7.000557269363539 ], [ 107.787709387121112, -7.000628421832405 ], [ 107.787746919462919, -7.000292318897346 ], [ 107.788176778383857, -7.000114584469721 ], [ 107.789095914151375, -7.000563179683611 ], [ 107.789658250210167, -7.000528821735946 ], [ 107.789896756940578, -7.00103045794363 ], [ 107.790484854579873, -7.000976266479223 ], [ 107.790362966932662, -7.000036736776142 ], [ 107.790920694908152, -6.999750204388 ], [ 107.791514957809511, -6.999568160072354 ], [ 107.791461998896295, -6.999830688497561 ], [ 107.792225776356048, -6.999968512811936 ], [ 107.793131793874409, -7.000033745613481 ], [ 107.794014101052085, -7.000285266029534 ], [ 107.794442083155019, -6.9998152778687 ], [ 107.79469146352433, -6.999550008193751 ], [ 107.795207948074278, -6.99958319510786 ], [ 107.795466812578127, -6.999243410043255 ], [ 107.795707495117099, -6.999346108419608 ], [ 107.79613666273643, -6.998866805404967 ], [ 107.796654532405782, -6.998739294383257 ], [ 107.796874635911095, -6.998482204654314 ], [ 107.796672344630466, -6.998247856134792 ], [ 107.796736779113985, -6.99798937736586 ], [ 107.796982326723636, -6.998045351832007 ], [ 107.797233015613969, -6.997761300271907 ], [ 107.797422757639239, -6.997384306778973 ], [ 107.797497628744082, -6.996992909800303 ], [ 107.797326624021437, -6.996801395944034 ], [ 107.797474505398185, -6.996407708706244 ], [ 107.79763807054465, -6.996378941075634 ], [ 107.797664658961097, -6.99598549254556 ], [ 107.797885123399055, -6.995914582783166 ], [ 107.798059793580549, -6.995688675019672 ], [ 107.798296732881198, -6.995693971757285 ], [ 107.798648702983613, -6.995643036352623 ], [ 107.798753601112438, -6.995379748162963 ], [ 107.80040679774028, -6.995222345140512 ], [ 107.800519901988736, -6.995738417960776 ], [ 107.800705040529749, -6.996081496147426 ], [ 107.800859798600484, -6.995972892611517 ], [ 107.800886686257655, -6.995948010993018 ], [ 107.800911214265341, -6.995941668853995 ], [ 107.800940395356307, -6.995948467061892 ], [ 107.800986417033016, -6.996170844187215 ], [ 107.801338784283416, -6.996352597561105 ], [ 107.802370770823941, -6.996388949232201 ], [ 107.802453692013984, -6.996110818588718 ], [ 107.80311038330241, -6.996243564236771 ], [ 107.802914868731023, -6.998697536546812 ], [ 107.80256787164268, -7.003528401047323 ], [ 107.802331718107013, -7.004501636511177 ], [ 107.801717307458901, -7.004448577420034 ], [ 107.801485148922893, -7.00523160788495 ], [ 107.799933339487424, -7.005063867628802 ], [ 107.79876212071683, -7.004786439797527 ], [ 107.798254165968032, -7.004577019267649 ], [ 107.798050994914718, -7.005109659630598 ], [ 107.797783902036329, -7.005664598391838 ], [ 107.797001073949517, -7.005364247587498 ], [ 107.797032255084133, -7.005039306230845 ], [ 107.796757407206513, -7.004968343029717 ], [ 107.796646718338621, -7.005289866407783 ], [ 107.796325590527374, -7.005274262797311 ], [ 107.796229205034791, -7.005433965333208 ], [ 107.795946607308395, -7.005426257954064 ], [ 107.795960773900603, -7.005106775919136 ], [ 107.795444559686729, -7.005072260423061 ], [ 107.795369468652069, -7.005245871826808 ], [ 107.795352228506943, -7.005353173685435 ], [ 107.795107255726577, -7.005345215749905 ], [ 107.795051070861703, -7.005014428442087 ], [ 107.794852387748094, -7.00515619577962 ], [ 107.79455682019946, -7.005185687205949 ], [ 107.794445552113913, -7.005320024246413 ], [ 107.794441786658723, -7.005681518707499 ], [ 107.793253544862182, -7.005716998974211 ], [ 107.79203181459502, -7.004926118225502 ], [ 107.791282976720623, -7.005058016834179 ], [ 107.785333739515409, -7.00612055393279 ], [ 107.782207777527034, -7.006628820827471 ], [ 107.780361175403229, -7.007402487684791 ], [ 107.778484315898325, -7.007925651798441 ], [ 107.779116975133107, -7.008881246791301 ], [ 107.779382642813346, -7.009790826432357 ], [ 107.779186450615413, -7.011454289307724 ], [ 107.779369816167161, -7.012332709107844 ], [ 107.777679727356727, -7.012182474886916 ], [ 107.777541952017842, -7.012866272708231 ], [ 107.778417592183999, -7.0133995934061 ], [ 107.777041378256442, -7.017531367486537 ], [ 107.776464176181506, -7.02173248425632 ], [ 107.77514321753101, -7.022276285703202 ], [ 107.773966371741167, -7.022699306746198 ], [ 107.772797903415835, -7.022568301148004 ], [ 107.771172187857943, -7.022555069597622 ], [ 107.769646272403193, -7.022245974976677 ] ] ] ] } },
{ "type": "Feature", "properties": { "layer": "Kawasan Pertanian" }, "geometry": { "type": "MultiPolygon", "coordinates": [ [ [ [ 107.793329900287119, -6.996915021570525 ], [ 107.793650903804121, -6.996523936729718 ], [ 107.793787784218296, -6.996603132072128 ], [ 107.794183672192702, -6.996027297539704 ], [ 107.794534281717901, -6.996034889652254 ], [ 107.794758644440378, -6.99566491483407 ], [ 107.794899782144938, -6.995651597213674 ], [ 107.795131052534728, -6.994986567134234 ], [ 107.795304054213986, -6.995008987665747 ], [ 107.795349035705854, -6.994828762324682 ], [ 107.79610307022277, -6.994617963591459 ], [ 107.797081293734635, -6.994284331300374 ], [ 107.797167409570974, -6.994395103951318 ], [ 107.797566593591768, -6.99439005409818 ], [ 107.797824713456592, -6.994460090802797 ], [ 107.797978930987739, -6.994418767126716 ], [ 107.797815482067165, -6.994186180315996 ], [ 107.797890636436804, -6.994025919484441 ], [ 107.799360944229207, -6.99351705019802 ], [ 107.799294821221949, -6.994635033748568 ], [ 107.799072513403473, -6.994669525656487 ], [ 107.799027628612436, -6.994921339674666 ], [ 107.79868504302523, -6.99492851573652 ], [ 107.798737606293827, -6.994810260329738 ], [ 107.798444448844535, -6.994745408581848 ], [ 107.798149742785995, -6.994785816214377 ], [ 107.798104199961628, -6.994989815226273 ], [ 107.79796737231483, -6.994930174977179 ], [ 107.797756096464568, -6.995051446465164 ], [ 107.797496753424554, -6.995046940400341 ], [ 107.7971530642819, -6.994990020047858 ], [ 107.797201837510087, -6.994842752959456 ], [ 107.797179802431629, -6.994603075345697 ], [ 107.797046769385517, -6.994601521797721 ], [ 107.796969185645153, -6.994722794089762 ], [ 107.797003924222793, -6.994872108713164 ], [ 107.796982010818169, -6.995053164895616 ], [ 107.796911701378917, -6.99535692975602 ], [ 107.796687954326927, -6.995340683211153 ], [ 107.796559031188636, -6.995559380154234 ], [ 107.796100730547607, -6.995438040601089 ], [ 107.795944431191629, -6.995670085755552 ], [ 107.796272517720482, -6.995787221766285 ], [ 107.796066904167844, -6.996402860838937 ], [ 107.795851491994952, -6.996340778687121 ], [ 107.795803828761336, -6.996497159024761 ], [ 107.796210634586672, -6.996654645058893 ], [ 107.795343066757098, -6.998619471593023 ], [ 107.794478200685944, -6.998392094883183 ], [ 107.793747549663124, -6.998115507983774 ], [ 107.793927658841042, -6.997571896779445 ], [ 107.793265045298597, -6.997300080946285 ], [ 107.793462465192547, -6.997005794222245 ], [ 107.793329900287119, -6.996915021570525 ] ] ] ] } },
{ "type": "Feature", "properties": { "layer": "Kawasan Pertanian" }, "geometry": { "type": "MultiPolygon", "coordinates": [ [ [ [ 107.805843612631861, -6.983247728507445 ], [ 107.809955736985344, -6.984803029515017 ], [ 107.809761214898188, -6.985789113720136 ], [ 107.809571887012908, -6.986056527221711 ], [ 107.809348591656672, -6.986319681341993 ], [ 107.809055577056782, -6.986317193163882 ], [ 107.808949022305072, -6.986612112056251 ], [ 107.808908041761939, -6.98709137579588 ], [ 107.809030711705205, -6.987461560663149 ], [ 107.809030842911284, -6.987598208171884 ], [ 107.808967160434136, -6.987955697055789 ], [ 107.808627277543366, -6.988626914184593 ], [ 107.808388861932372, -6.98871433151356 ], [ 107.806310919633148, -6.988393147297381 ], [ 107.806376999129782, -6.988052541704074 ], [ 107.80646658198431, -6.987991582208201 ], [ 107.80657947786915, -6.987033123988652 ], [ 107.805629709485217, -6.986950036850923 ], [ 107.805604003448266, -6.987082642460984 ], [ 107.805497547721018, -6.987277418735665 ], [ 107.805059738246484, -6.987244816291087 ], [ 107.804958001910109, -6.988130869805453 ], [ 107.804421643582216, -6.988078950823197 ], [ 107.80424860583345, -6.987616035386244 ], [ 107.804347038985213, -6.987620325239214 ], [ 107.804389583259649, -6.987525448097508 ], [ 107.804383481468861, -6.987458650137051 ], [ 107.804213519841312, -6.987401982435972 ], [ 107.804258132917568, -6.987185319507359 ], [ 107.804328633448861, -6.987173222392471 ], [ 107.804369130603803, -6.986893281772302 ], [ 107.804178300217202, -6.986850026584604 ], [ 107.804219777478153, -6.986664376118299 ], [ 107.80423312035829, -6.986463923854543 ], [ 107.80414544002987, -6.986296844140647 ], [ 107.803943597715445, -6.986279126522646 ], [ 107.803922455628694, -6.98622525699329 ], [ 107.803917103504887, -6.986044202932342 ], [ 107.803992630426947, -6.985853872161023 ], [ 107.803568372478708, -6.985726335398025 ], [ 107.803505083837265, -6.985620156693219 ], [ 107.803576507391654, -6.98537502772186 ], [ 107.803769567071612, -6.985451110509461 ], [ 107.804003785636752, -6.985100376613029 ], [ 107.804266477939862, -6.984828962067055 ], [ 107.804400814850453, -6.984874584954512 ], [ 107.804439976493811, -6.984807736851612 ], [ 107.80453854464875, -6.984858742681872 ], [ 107.804529719072363, -6.985005343957241 ], [ 107.804902174443995, -6.98511116221659 ], [ 107.804868786549989, -6.985299671398815 ], [ 107.804940970697743, -6.985406898347019 ], [ 107.805037253900139, -6.985353554640675 ], [ 107.80508959580861, -6.985127473224838 ], [ 107.805405687868884, -6.985276817551926 ], [ 107.80546950735021, -6.985000372000096 ], [ 107.805404540407011, -6.984871549799616 ], [ 107.805513091447679, -6.984675775438074 ], [ 107.805372765485657, -6.984594429878587 ], [ 107.805403392945152, -6.984466282047321 ], [ 107.805835347841935, -6.984612679459574 ], [ 107.805864633394378, -6.984478224698085 ], [ 107.805525088560032, -6.984324816973042 ], [ 107.805435571418982, -6.984085105178361 ], [ 107.805360722000373, -6.984270311265321 ], [ 107.805189264631309, -6.984221964058174 ], [ 107.805265729293183, -6.98405776772599 ], [ 107.805348744926803, -6.984058165255562 ], [ 107.805434115824937, -6.983835265039807 ], [ 107.805273953802285, -6.983758997128341 ], [ 107.805310636117838, -6.983610283950374 ], [ 107.805652909822427, -6.983697815740843 ], [ 107.805843612631861, -6.983247728507445 ] ] ] ] } },
{ "type": "Feature", "properties": { "layer": "Kawasan Pertanian" }, "geometry": { "type": "MultiPolygon", "coordinates": [ [ [ [ 107.80159233142804, -6.982854548498114 ], [ 107.80160183357647, -6.982843656469513 ], [ 107.801857846014798, -6.982892137081024 ], [ 107.802179776831707, -6.982700740299506 ], [ 107.802308631913334, -6.982803601583937 ], [ 107.802543012885877, -6.98273977508609 ], [ 107.80278122166483, -6.98293916519915 ], [ 107.80287312698411, -6.982914111251501 ], [ 107.802883535004426, -6.982918125830625 ], [ 107.802933708420682, -6.983212173008403 ], [ 107.802871015685469, -6.983501001148436 ], [ 107.802696226776121, -6.983587463597975 ], [ 107.802758446290568, -6.983784929706743 ], [ 107.802884771673774, -6.983768256041732 ], [ 107.802882408219347, -6.983904788863657 ], [ 107.802867972041611, -6.983921280949369 ], [ 107.802813657155184, -6.983945018199123 ], [ 107.802753538832235, -6.983965991215187 ], [ 107.802724223567566, -6.983986753635692 ], [ 107.802540836929751, -6.984205834331901 ], [ 107.802138804544938, -6.984255408394906 ], [ 107.801692034847534, -6.984397416817651 ], [ 107.80144220220032, -6.984177912338224 ], [ 107.801127175206716, -6.984032932569605 ], [ 107.801218328091139, -6.983700032068902 ], [ 107.801541633325726, -6.983398548951256 ], [ 107.80159233142804, -6.982854548498114 ] ] ] ] } },
{ "type": "Feature", "properties": { "layer": "Kawasan Pertanian" }, "geometry": { "type": "MultiPolygon", "coordinates": [ [ [ [ 107.801194840757276, -6.985261612126968 ], [ 107.80138770144012, -6.985215900896304 ], [ 107.801476148940139, -6.985257440498565 ], [ 107.801515685935627, -6.985174434271086 ], [ 107.801543797286428, -6.985167809525829 ], [ 107.801588241873404, -6.985180148960001 ], [ 107.801599136643631, -6.985188281522498 ], [ 107.801592654271104, -6.985332947331914 ], [ 107.801708789289989, -6.985371192260978 ], [ 107.801806338934028, -6.985013311867026 ], [ 107.801924082248675, -6.984945186864127 ], [ 107.802019546922068, -6.98463857666067 ], [ 107.802401170333525, -6.984764963805544 ], [ 107.802402391868895, -6.984913779869843 ], [ 107.802467925639988, -6.984942009574299 ], [ 107.802405762294995, -6.98504571193607 ], [ 107.802298391123273, -6.985335854464241 ], [ 107.802219903724691, -6.985454663226663 ], [ 107.802187821155186, -6.985593585220419 ], [ 107.802278451775592, -6.98567356306564 ], [ 107.802492063285356, -6.985760384973272 ], [ 107.802469620560856, -6.985846196618844 ], [ 107.802601271943857, -6.985911342660873 ], [ 107.80265904383252, -6.985942023206187 ], [ 107.802625649274333, -6.986000731498653 ], [ 107.802443520982152, -6.985960740789754 ], [ 107.802391027636148, -6.985988465308161 ], [ 107.802314123581496, -6.985981681088141 ], [ 107.802208704184252, -6.986238943328898 ], [ 107.802154818991553, -6.986373386334235 ], [ 107.802563856203818, -6.986622025259887 ], [ 107.802551023174686, -6.986677593924044 ], [ 107.802423145158699, -6.986890270327219 ], [ 107.802317438509718, -6.987222941117697 ], [ 107.802071464995066, -6.987178462224142 ], [ 107.802016196255934, -6.987214312001474 ], [ 107.80152546721429, -6.987050686047639 ], [ 107.801517320630822, -6.987184588106904 ], [ 107.800983240168094, -6.987028590350818 ], [ 107.801158543933994, -6.986300501993266 ], [ 107.800971624386136, -6.986253404235332 ], [ 107.801094725776068, -6.985664107758007 ], [ 107.801225199845661, -6.985590705867554 ], [ 107.801172484662033, -6.985356922352922 ], [ 107.801168547451724, -6.985320904810132 ], [ 107.801159559929673, -6.985297786894091 ], [ 107.801194840757276, -6.985261612126968 ] ] ] ] } },
{ "type": "Feature", "properties": { "layer": "Kawasan Pertanian" }, "geometry": { "type": "MultiPolygon", "coordinates": [ [ [ [ 107.825628772124801, -6.959554967472544 ], [ 107.825507851514701, -6.959859577935747 ], [ 107.825609654720949, -6.960009440649134 ], [ 107.825493099128892, -6.960326414212424 ], [ 107.825297963786284, -6.960805611337764 ], [ 107.825240647913205, -6.960966047988775 ], [ 107.824968563558471, -6.96093523684401 ], [ 107.824016752848152, -6.960707593899597 ], [ 107.823979159922615, -6.960909069665338 ], [ 107.823612840665533, -6.960864501304378 ], [ 107.823594385132097, -6.961132388342208 ], [ 107.823722200092305, -6.961501921055421 ], [ 107.823577254759556, -6.961515806332126 ], [ 107.823551983736607, -6.961745529186005 ], [ 107.823887073808365, -6.961753602751752 ], [ 107.824048081276104, -6.961612045426275 ], [ 107.824575350600668, -6.961656081381227 ], [ 107.824590844779848, -6.961891544364493 ], [ 107.825247369029043, -6.962052148449374 ], [ 107.825192671934644, -6.962337406404408 ], [ 107.825214965005287, -6.962595804127965 ], [ 107.824890140140113, -6.962618972341295 ], [ 107.82485135625214, -6.96285145362785 ], [ 107.824595613082195, -6.962837641328713 ], [ 107.824546570219255, -6.962482320688232 ], [ 107.824202051668564, -6.962475062826979 ], [ 107.82420798538584, -6.962749095723348 ], [ 107.824014617681058, -6.962741964028875 ], [ 107.824194929897331, -6.963745903033549 ], [ 107.823690459738444, -6.963654116740559 ], [ 107.823632209897099, -6.963307912026506 ], [ 107.823465009646938, -6.963302920668914 ], [ 107.823459740487934, -6.963651429983496 ], [ 107.823265907859209, -6.963675049144425 ], [ 107.823219627569515, -6.963370282907239 ], [ 107.823318179338187, -6.963083678255811 ], [ 107.823354441343781, -6.962618100724907 ], [ 107.822885976090873, -6.962577613518348 ], [ 107.822801980319142, -6.962767910822538 ], [ 107.821497155722128, -6.962759475729766 ], [ 107.82113955344056, -6.962751147790802 ], [ 107.820380713742793, -6.962354745641056 ], [ 107.820387505668293, -6.962138791611227 ], [ 107.820267569542338, -6.961906946152454 ], [ 107.820238345988457, -6.96154041722407 ], [ 107.820023411956413, -6.961260144644521 ], [ 107.820096056622589, -6.961095809308087 ], [ 107.820340593088744, -6.961026058281683 ], [ 107.820595553730627, -6.960775040876407 ], [ 107.820866836242445, -6.960736491551245 ], [ 107.820781354633212, -6.961049378634135 ], [ 107.82095138673283, -6.961266966904755 ], [ 107.821421898384543, -6.96147202688067 ], [ 107.821978933545324, -6.961286275273001 ], [ 107.822493754222606, -6.961359961482169 ], [ 107.822771320805501, -6.961130036318676 ], [ 107.822844218178645, -6.96077403030563 ], [ 107.822928454622229, -6.960401188740342 ], [ 107.823113675757099, -6.960101994102844 ], [ 107.82359873061074, -6.959711618313991 ], [ 107.823750754970249, -6.959853919393902 ], [ 107.824029699914703, -6.959866076925696 ], [ 107.824161194638975, -6.959699992158299 ], [ 107.824210077797332, -6.959532676660676 ], [ 107.82460503162271, -6.959536559780621 ], [ 107.824940525985156, -6.959540941999618 ], [ 107.825341127985155, -6.959566787999636 ], [ 107.825525415632043, -6.959567256907802 ], [ 107.825628772124801, -6.959554967472544 ] ] ] ] } },
{ "type": "Feature", "properties": { "layer": "Kawasan Pertanian" }, "geometry": { "type": "MultiPolygon", "coordinates": [ [ [ [ 107.825291224601528, -6.962385868013995 ], [ 107.825669351629415, -6.962461305581694 ], [ 107.825692561793872, -6.962339145502852 ], [ 107.826062565880335, -6.962408780352153 ], [ 107.826074215480503, -6.96257221778913 ], [ 107.826224319195703, -6.962599925250899 ], [ 107.826201736099677, -6.962767954777634 ], [ 107.826078407768946, -6.962741554560474 ], [ 107.826038440355831, -6.962703737366565 ], [ 107.825387898916404, -6.962578420422168 ], [ 107.825355080664337, -6.962793007610933 ], [ 107.825301606647088, -6.962737094030927 ], [ 107.825255724350654, -6.962578248716872 ], [ 107.825291224601528, -6.962385868013995 ] ] ] ] } }
]
}
